snapshot_id,snapshot_ts,festival_date,product_id,initial_stock,units_sold,on_hand_units,stock_status
INV-0000001,2026-08-07 10:00:00,2026-08-07,MER-LUN-HOOD-BLK-M,160,0,160,NORMAL
INV-0000002,2026-08-07 10:30:00,2026-08-07,MER-LUN-HOOD-BLK-M,160,0,160,NORMAL
INV-0000003,2026-08-07 11:00:00,2026-08-07,MER-LUN-HOOD-BLK-M,160,0,160,NORMAL
INV-0000004,2026-08-07 11:30:00,2026-08-07,MER-LUN-HOOD-BLK-M,160,0,160,NORMAL
INV-0000005,2026-08-07 12:00:00,2026-08-07,MER-LUN-HOOD-BLK-M,160,0,160,NORMAL
INV-0000006,2026-08-07 12:30:00,2026-08-07,MER-LUN-HOOD-BLK-M,160,0,160,NORMAL
INV-0000007,2026-08-07 13:00:00,2026-08-07,MER-LUN-HOOD-BLK-M,160,0,160,NORMAL
INV-0000008,2026-08-07 13:30:00,2026-08-07,MER-LUN-HOOD-BLK-M,160,0,160,NORMAL
INV-0000009,2026-08-07 14:00:00,2026-08-07,MER-LUN-HOOD-BLK-M,160,0,160,NORMAL
INV-0000010,2026-08-07 14:30:00,2026-08-07,MER-LUN-HOOD-BLK-M,160,0,160,NORMAL
INV-0000011,2026-08-07 15:00:00,2026-08-07,MER-LUN-HOOD-BLK-M,160,0,160,NORMAL
INV-0000012,2026-08-07 15:30:00,2026-08-07,MER-LUN-HOOD-BLK-M,160,0,160,NORMAL
INV-0000013,2026-08-07 16:00:00,2026-08-07,MER-LUN-HOOD-BLK-M,160,0,160,NORMAL
INV-0000014,2026-08-07 16:30:00,2026-08-07,MER-LUN-HOOD-BLK-M,160,0,160,NORMAL
INV-0000015,2026-08-07 17:00:00,2026-08-07,MER-LUN-HOOD-BLK-M,160,0,160,NORMAL
INV-0000016,2026-08-07 17:30:00,2026-08-07,MER-LUN-HOOD-BLK-M,160,0,160,NORMAL
INV-0000017,2026-08-07 18:00:00,2026-08-07,MER-LUN-HOOD-BLK-M,160,0,160,NORMAL
INV-0000018,2026-08-07 18:30:00,2026-08-07,MER-LUN-HOOD-BLK-M,160,0,160,NORMAL
INV-0000019,2026-08-07 19:00:00,2026-08-07,MER-LUN-HOOD-BLK-M,160,0,160,NORMAL
INV-0000020,2026-08-07 19:30:00,2026-08-07,MER-LUN-HOOD-BLK-M,160,0,160,NORMAL
INV-0000021,2026-08-07 20:00:00,2026-08-07,MER-LUN-HOOD-BLK-M,160,0,160,NORMAL
INV-0000022,2026-08-07 20:30:00,2026-08-07,MER-LUN-HOOD-BLK-M,160,0,160,NORMAL
INV-0000023,2026-08-07 21:00:00,2026-08-07,MER-LUN-HOOD-BLK-M,160,0,160,NORMAL
INV-0000024,2026-08-07 21:30:00,2026-08-07,MER-LUN-HOOD-BLK-M,160,0,160,NORMAL
INV-0000025,2026-08-07 22:00:00,2026-08-07,MER-LUN-HOOD-BLK-M,160,0,160,NORMAL
INV-0000026,2026-08-07 22:30:00,2026-08-07,MER-LUN-HOOD-BLK-M,160,0,160,NORMAL
INV-0000027,2026-08-07 23:00:00,2026-08-07,MER-LUN-HOOD-BLK-M,160,0,160,NORMAL
INV-0000028,2026-08-07 10:00:00,2026-08-07,MER-LUN-TEE-WHT-M,240,0,240,NORMAL
INV-0000029,2026-08-07 10:30:00,2026-08-07,MER-LUN-TEE-WHT-M,240,0,240,NORMAL
INV-0000030,2026-08-07 11:00:00,2026-08-07,MER-LUN-TEE-WHT-M,240,5,235,NORMAL
INV-0000031,2026-08-07 11:30:00,2026-08-07,MER-LUN-TEE-WHT-M,240,9,231,NORMAL
INV-0000032,2026-08-07 12:00:00,2026-08-07,MER-LUN-TEE-WHT-M,240,13,227,NORMAL
INV-0000033,2026-08-07 12:30:00,2026-08-07,MER-LUN-TEE-WHT-M,240,21,219,NORMAL
INV-0000034,2026-08-07 13:00:00,2026-08-07,MER-LUN-TEE-WHT-M,240,24,216,NORMAL
INV-0000035,2026-08-07 13:30:00,2026-08-07,MER-LUN-TEE-WHT-M,240,27,213,NORMAL
INV-0000036,2026-08-07 14:00:00,2026-08-07,MER-LUN-TEE-WHT-M,240,31,209,NORMAL
INV-0000037,2026-08-07 14:30:00,2026-08-07,MER-LUN-TEE-WHT-M,240,39,201,NORMAL
INV-0000038,2026-08-07 15:00:00,2026-08-07,MER-LUN-TEE-WHT-M,240,44,196,NORMAL
INV-0000039,2026-08-07 15:30:00,2026-08-07,MER-LUN-TEE-WHT-M,240,47,193,NORMAL
INV-0000040,2026-08-07 16:00:00,2026-08-07,MER-LUN-TEE-WHT-M,240,58,182,NORMAL
INV-0000041,2026-08-07 16:30:00,2026-08-07,MER-LUN-TEE-WHT-M,240,68,172,NORMAL
INV-0000042,2026-08-07 17:00:00,2026-08-07,MER-LUN-TEE-WHT-M,240,85,155,NORMAL
INV-0000043,2026-08-07 17:30:00,2026-08-07,MER-LUN-TEE-WHT-M,240,105,135,NORMAL
INV-0000044,2026-08-07 18:00:00,2026-08-07,MER-LUN-TEE-WHT-M,240,123,117,NORMAL
INV-0000045,2026-08-07 18:30:00,2026-08-07,MER-LUN-TEE-WHT-M,240,135,105,NORMAL
INV-0000046,2026-08-07 19:00:00,2026-08-07,MER-LUN-TEE-WHT-M,240,146,94,NORMAL
INV-0000047,2026-08-07 19:30:00,2026-08-07,MER-LUN-TEE-WHT-M,240,152,88,NORMAL
INV-0000048,2026-08-07 20:00:00,2026-08-07,MER-LUN-TEE-WHT-M,240,161,79,NORMAL
INV-0000049,2026-08-07 20:30:00,2026-08-07,MER-LUN-TEE-WHT-M,240,168,72,NORMAL
INV-0000050,2026-08-07 21:00:00,2026-08-07,MER-LUN-TEE-WHT-M,240,176,64,NORMAL
INV-0000051,2026-08-07 21:30:00,2026-08-07,MER-LUN-TEE-WHT-M,240,184,56,NORMAL
INV-0000052,2026-08-07 22:00:00,2026-08-07,MER-LUN-TEE-WHT-M,240,189,51,NORMAL
INV-0000053,2026-08-07 22:30:00,2026-08-07,MER-LUN-TEE-WHT-M,240,195,45,NORMAL
INV-0000054,2026-08-07 23:00:00,2026-08-07,MER-LUN-TEE-WHT-M,240,196,44,NORMAL
INV-0000055,2026-08-07 10:00:00,2026-08-07,MER-CIR-TEE-BLK-L,200,0,200,NORMAL
INV-0000056,2026-08-07 10:30:00,2026-08-07,MER-CIR-TEE-BLK-L,200,0,200,NORMAL
INV-0000057,2026-08-07 11:00:00,2026-08-07,MER-CIR-TEE-BLK-L,200,4,196,NORMAL
INV-0000058,2026-08-07 11:30:00,2026-08-07,MER-CIR-TEE-BLK-L,200,6,194,NORMAL
INV-0000059,2026-08-07 12:00:00,2026-08-07,MER-CIR-TEE-BLK-L,200,10,190,NORMAL
INV-0000060,2026-08-07 12:30:00,2026-08-07,MER-CIR-TEE-BLK-L,200,14,186,NORMAL
INV-0000061,2026-08-07 13:00:00,2026-08-07,MER-CIR-TEE-BLK-L,200,17,183,NORMAL
INV-0000062,2026-08-07 13:30:00,2026-08-07,MER-CIR-TEE-BLK-L,200,21,179,NORMAL
INV-0000063,2026-08-07 14:00:00,2026-08-07,MER-CIR-TEE-BLK-L,200,29,171,NORMAL
INV-0000064,2026-08-07 14:30:00,2026-08-07,MER-CIR-TEE-BLK-L,200,39,161,NORMAL
INV-0000065,2026-08-07 15:00:00,2026-08-07,MER-CIR-TEE-BLK-L,200,45,155,NORMAL
INV-0000066,2026-08-07 15:30:00,2026-08-07,MER-CIR-TEE-BLK-L,200,55,145,NORMAL
INV-0000067,2026-08-07 16:00:00,2026-08-07,MER-CIR-TEE-BLK-L,200,61,139,NORMAL
INV-0000068,2026-08-07 16:30:00,2026-08-07,MER-CIR-TEE-BLK-L,200,76,124,NORMAL
INV-0000069,2026-08-07 17:00:00,2026-08-07,MER-CIR-TEE-BLK-L,200,82,118,NORMAL
INV-0000070,2026-08-07 17:30:00,2026-08-07,MER-CIR-TEE-BLK-L,200,90,110,NORMAL
INV-0000071,2026-08-07 18:00:00,2026-08-07,MER-CIR-TEE-BLK-L,200,105,95,NORMAL
INV-0000072,2026-08-07 18:30:00,2026-08-07,MER-CIR-TEE-BLK-L,200,112,88,NORMAL
INV-0000073,2026-08-07 19:00:00,2026-08-07,MER-CIR-TEE-BLK-L,200,123,77,NORMAL
INV-0000074,2026-08-07 19:30:00,2026-08-07,MER-CIR-TEE-BLK-L,200,135,65,NORMAL
INV-0000075,2026-08-07 20:00:00,2026-08-07,MER-CIR-TEE-BLK-L,200,149,51,NORMAL
INV-0000076,2026-08-07 20:30:00,2026-08-07,MER-CIR-TEE-BLK-L,200,158,42,NORMAL
INV-0000077,2026-08-07 21:00:00,2026-08-07,MER-CIR-TEE-BLK-L,200,165,35,NORMAL
INV-0000078,2026-08-07 21:30:00,2026-08-07,MER-CIR-TEE-BLK-L,200,168,32,NORMAL
INV-0000079,2026-08-07 22:00:00,2026-08-07,MER-CIR-TEE-BLK-L,200,173,27,NORMAL
INV-0000080,2026-08-07 22:30:00,2026-08-07,MER-CIR-TEE-BLK-L,200,179,21,NORMAL
INV-0000081,2026-08-07 23:00:00,2026-08-07,MER-CIR-TEE-BLK-L,200,182,18,LOW
INV-0000082,2026-08-07 10:00:00,2026-08-07,MER-BYT-CAP-BLK,140,0,140,NORMAL
INV-0000083,2026-08-07 10:30:00,2026-08-07,MER-BYT-CAP-BLK,140,0,140,NORMAL
INV-0000084,2026-08-07 11:00:00,2026-08-07,MER-BYT-CAP-BLK,140,14,126,NORMAL
INV-0000085,2026-08-07 11:30:00,2026-08-07,MER-BYT-CAP-BLK,140,20,120,NORMAL
INV-0000086,2026-08-07 12:00:00,2026-08-07,MER-BYT-CAP-BLK,140,28,112,NORMAL
INV-0000087,2026-08-07 12:30:00,2026-08-07,MER-BYT-CAP-BLK,140,30,110,NORMAL
INV-0000088,2026-08-07 13:00:00,2026-08-07,MER-BYT-CAP-BLK,140,35,105,NORMAL
INV-0000089,2026-08-07 13:30:00,2026-08-07,MER-BYT-CAP-BLK,140,41,99,NORMAL
INV-0000090,2026-08-07 14:00:00,2026-08-07,MER-BYT-CAP-BLK,140,43,97,NORMAL
INV-0000091,2026-08-07 14:30:00,2026-08-07,MER-BYT-CAP-BLK,140,57,83,NORMAL
INV-0000092,2026-08-07 15:00:00,2026-08-07,MER-BYT-CAP-BLK,140,66,74,NORMAL
INV-0000093,2026-08-07 15:30:00,2026-08-07,MER-BYT-CAP-BLK,140,78,62,NORMAL
INV-0000094,2026-08-07 16:00:00,2026-08-07,MER-BYT-CAP-BLK,140,91,49,NORMAL
INV-0000095,2026-08-07 16:30:00,2026-08-07,MER-BYT-CAP-BLK,140,103,37,NORMAL
INV-0000096,2026-08-07 17:00:00,2026-08-07,MER-BYT-CAP-BLK,140,117,23,NORMAL
INV-0000097,2026-08-07 17:30:00,2026-08-07,MER-BYT-CAP-BLK,140,128,12,LOW
INV-0000098,2026-08-07 18:00:00,2026-08-07,MER-BYT-CAP-BLK,140,132,8,LOW
INV-0000099,2026-08-07 18:30:00,2026-08-07,MER-BYT-CAP-BLK,140,140,0,OUT_OF_STOCK
INV-0000100,2026-08-07 19:00:00,2026-08-07,MER-BYT-CAP-BLK,140,140,0,OUT_OF_STOCK
INV-0000101,2026-08-07 19:30:00,2026-08-07,MER-BYT-CAP-BLK,140,140,0,OUT_OF_STOCK
INV-0000102,2026-08-07 20:00:00,2026-08-07,MER-BYT-CAP-BLK,140,140,0,OUT_OF_STOCK
INV-0000103,2026-08-07 20:30:00,2026-08-07,MER-BYT-CAP-BLK,140,140,0,OUT_OF_STOCK
INV-0000104,2026-08-07 21:00:00,2026-08-07,MER-BYT-CAP-BLK,140,140,0,OUT_OF_STOCK
INV-0000105,2026-08-07 21:30:00,2026-08-07,MER-BYT-CAP-BLK,140,140,0,OUT_OF_STOCK
INV-0000106,2026-08-07 22:00:00,2026-08-07,MER-BYT-CAP-BLK,140,140,0,OUT_OF_STOCK
INV-0000107,2026-08-07 22:30:00,2026-08-07,MER-BYT-CAP-BLK,140,140,0,OUT_OF_STOCK
INV-0000108,2026-08-07 23:00:00,2026-08-07,MER-BYT-CAP-BLK,140,140,0,OUT_OF_STOCK
INV-0000109,2026-08-07 10:00:00,2026-08-07,MER-MOD-TOW-GRN,150,0,150,NORMAL
INV-0000110,2026-08-07 10:30:00,2026-08-07,MER-MOD-TOW-GRN,150,0,150,NORMAL
INV-0000111,2026-08-07 11:00:00,2026-08-07,MER-MOD-TOW-GRN,150,0,150,NORMAL
INV-0000112,2026-08-07 11:30:00,2026-08-07,MER-MOD-TOW-GRN,150,2,148,NORMAL
INV-0000113,2026-08-07 12:00:00,2026-08-07,MER-MOD-TOW-GRN,150,4,146,NORMAL
INV-0000114,2026-08-07 12:30:00,2026-08-07,MER-MOD-TOW-GRN,150,6,144,NORMAL
INV-0000115,2026-08-07 13:00:00,2026-08-07,MER-MOD-TOW-GRN,150,6,144,NORMAL
INV-0000116,2026-08-07 13:30:00,2026-08-07,MER-MOD-TOW-GRN,150,7,143,NORMAL
INV-0000117,2026-08-07 14:00:00,2026-08-07,MER-MOD-TOW-GRN,150,10,140,NORMAL
INV-0000118,2026-08-07 14:30:00,2026-08-07,MER-MOD-TOW-GRN,150,10,140,NORMAL
INV-0000119,2026-08-07 15:00:00,2026-08-07,MER-MOD-TOW-GRN,150,17,133,NORMAL
INV-0000120,2026-08-07 15:30:00,2026-08-07,MER-MOD-TOW-GRN,150,25,125,NORMAL
INV-0000121,2026-08-07 16:00:00,2026-08-07,MER-MOD-TOW-GRN,150,32,118,NORMAL
INV-0000122,2026-08-07 16:30:00,2026-08-07,MER-MOD-TOW-GRN,150,38,112,NORMAL
INV-0000123,2026-08-07 17:00:00,2026-08-07,MER-MOD-TOW-GRN,150,49,101,NORMAL
INV-0000124,2026-08-07 17:30:00,2026-08-07,MER-MOD-TOW-GRN,150,63,87,NORMAL
INV-0000125,2026-08-07 18:00:00,2026-08-07,MER-MOD-TOW-GRN,150,66,84,NORMAL
INV-0000126,2026-08-07 18:30:00,2026-08-07,MER-MOD-TOW-GRN,150,79,71,NORMAL
INV-0000127,2026-08-07 19:00:00,2026-08-07,MER-MOD-TOW-GRN,150,90,60,NORMAL
INV-0000128,2026-08-07 19:30:00,2026-08-07,MER-MOD-TOW-GRN,150,97,53,NORMAL
INV-0000129,2026-08-07 20:00:00,2026-08-07,MER-MOD-TOW-GRN,150,104,46,NORMAL
INV-0000130,2026-08-07 20:30:00,2026-08-07,MER-MOD-TOW-GRN,150,107,43,NORMAL
INV-0000131,2026-08-07 21:00:00,2026-08-07,MER-MOD-TOW-GRN,150,111,39,NORMAL
INV-0000132,2026-08-07 21:30:00,2026-08-07,MER-MOD-TOW-GRN,150,115,35,NORMAL
INV-0000133,2026-08-07 22:00:00,2026-08-07,MER-MOD-TOW-GRN,150,115,35,NORMAL
INV-0000134,2026-08-07 22:30:00,2026-08-07,MER-MOD-TOW-GRN,150,116,34,NORMAL
INV-0000135,2026-08-07 23:00:00,2026-08-07,MER-MOD-TOW-GRN,150,119,31,NORMAL
INV-0000136,2026-08-07 10:00:00,2026-08-07,MER-PUL-TEE-NVY-M,180,0,180,NORMAL
INV-0000137,2026-08-07 10:30:00,2026-08-07,MER-PUL-TEE-NVY-M,180,0,180,NORMAL
INV-0000138,2026-08-07 11:00:00,2026-08-07,MER-PUL-TEE-NVY-M,180,3,177,NORMAL
INV-0000139,2026-08-07 11:30:00,2026-08-07,MER-PUL-TEE-NVY-M,180,6,174,NORMAL
INV-0000140,2026-08-07 12:00:00,2026-08-07,MER-PUL-TEE-NVY-M,180,11,169,NORMAL
INV-0000141,2026-08-07 12:30:00,2026-08-07,MER-PUL-TEE-NVY-M,180,13,167,NORMAL
INV-0000142,2026-08-07 13:00:00,2026-08-07,MER-PUL-TEE-NVY-M,180,18,162,NORMAL
INV-0000143,2026-08-07 13:30:00,2026-08-07,MER-PUL-TEE-NVY-M,180,25,155,NORMAL
INV-0000144,2026-08-07 14:00:00,2026-08-07,MER-PUL-TEE-NVY-M,180,31,149,NORMAL
INV-0000145,2026-08-07 14:30:00,2026-08-07,MER-PUL-TEE-NVY-M,180,35,145,NORMAL
INV-0000146,2026-08-07 15:00:00,2026-08-07,MER-PUL-TEE-NVY-M,180,40,140,NORMAL
INV-0000147,2026-08-07 15:30:00,2026-08-07,MER-PUL-TEE-NVY-M,180,48,132,NORMAL
INV-0000148,2026-08-07 16:00:00,2026-08-07,MER-PUL-TEE-NVY-M,180,53,127,NORMAL
INV-0000149,2026-08-07 16:30:00,2026-08-07,MER-PUL-TEE-NVY-M,180,57,123,NORMAL
INV-0000150,2026-08-07 17:00:00,2026-08-07,MER-PUL-TEE-NVY-M,180,65,115,NORMAL
INV-0000151,2026-08-07 17:30:00,2026-08-07,MER-PUL-TEE-NVY-M,180,76,104,NORMAL
INV-0000152,2026-08-07 18:00:00,2026-08-07,MER-PUL-TEE-NVY-M,180,83,97,NORMAL
INV-0000153,2026-08-07 18:30:00,2026-08-07,MER-PUL-TEE-NVY-M,180,88,92,NORMAL
INV-0000154,2026-08-07 19:00:00,2026-08-07,MER-PUL-TEE-NVY-M,180,96,84,NORMAL
INV-0000155,2026-08-07 19:30:00,2026-08-07,MER-PUL-TEE-NVY-M,180,100,80,NORMAL
INV-0000156,2026-08-07 20:00:00,2026-08-07,MER-PUL-TEE-NVY-M,180,107,73,NORMAL
INV-0000157,2026-08-07 20:30:00,2026-08-07,MER-PUL-TEE-NVY-M,180,112,68,NORMAL
INV-0000158,2026-08-07 21:00:00,2026-08-07,MER-PUL-TEE-NVY-M,180,116,64,NORMAL
INV-0000159,2026-08-07 21:30:00,2026-08-07,MER-PUL-TEE-NVY-M,180,118,62,NORMAL
INV-0000160,2026-08-07 22:00:00,2026-08-07,MER-PUL-TEE-NVY-M,180,119,61,NORMAL
INV-0000161,2026-08-07 22:30:00,2026-08-07,MER-PUL-TEE-NVY-M,180,120,60,NORMAL
INV-0000162,2026-08-07 23:00:00,2026-08-07,MER-PUL-TEE-NVY-M,180,123,57,NORMAL
INV-0000163,2026-08-07 10:00:00,2026-08-07,MER-FES-TEE-2026,550,0,550,NORMAL
INV-0000164,2026-08-07 10:30:00,2026-08-07,MER-FES-TEE-2026,550,0,550,NORMAL
INV-0000165,2026-08-07 11:00:00,2026-08-07,MER-FES-TEE-2026,550,4,546,NORMAL
INV-0000166,2026-08-07 11:30:00,2026-08-07,MER-FES-TEE-2026,550,5,545,NORMAL
INV-0000167,2026-08-07 12:00:00,2026-08-07,MER-FES-TEE-2026,550,11,539,NORMAL
INV-0000168,2026-08-07 12:30:00,2026-08-07,MER-FES-TEE-2026,550,13,537,NORMAL
INV-0000169,2026-08-07 13:00:00,2026-08-07,MER-FES-TEE-2026,550,16,534,NORMAL
INV-0000170,2026-08-07 13:30:00,2026-08-07,MER-FES-TEE-2026,550,18,532,NORMAL
INV-0000171,2026-08-07 14:00:00,2026-08-07,MER-FES-TEE-2026,550,21,529,NORMAL
INV-0000172,2026-08-07 14:30:00,2026-08-07,MER-FES-TEE-2026,550,27,523,NORMAL
INV-0000173,2026-08-07 15:00:00,2026-08-07,MER-FES-TEE-2026,550,31,519,NORMAL
INV-0000174,2026-08-07 15:30:00,2026-08-07,MER-FES-TEE-2026,550,40,510,NORMAL
INV-0000175,2026-08-07 16:00:00,2026-08-07,MER-FES-TEE-2026,550,50,500,NORMAL
INV-0000176,2026-08-07 16:30:00,2026-08-07,MER-FES-TEE-2026,550,57,493,NORMAL
INV-0000177,2026-08-07 17:00:00,2026-08-07,MER-FES-TEE-2026,550,68,482,NORMAL
INV-0000178,2026-08-07 17:30:00,2026-08-07,MER-FES-TEE-2026,550,77,473,NORMAL
INV-0000179,2026-08-07 18:00:00,2026-08-07,MER-FES-TEE-2026,550,86,464,NORMAL
INV-0000180,2026-08-07 18:30:00,2026-08-07,MER-FES-TEE-2026,550,93,457,NORMAL
INV-0000181,2026-08-07 19:00:00,2026-08-07,MER-FES-TEE-2026,550,102,448,NORMAL
INV-0000182,2026-08-07 19:30:00,2026-08-07,MER-FES-TEE-2026,550,115,435,NORMAL
INV-0000183,2026-08-07 20:00:00,2026-08-07,MER-FES-TEE-2026,550,121,429,NORMAL
INV-0000184,2026-08-07 20:30:00,2026-08-07,MER-FES-TEE-2026,550,132,418,NORMAL
INV-0000185,2026-08-07 21:00:00,2026-08-07,MER-FES-TEE-2026,550,132,418,NORMAL
INV-0000186,2026-08-07 21:30:00,2026-08-07,MER-FES-TEE-2026,550,134,416,NORMAL
INV-0000187,2026-08-07 22:00:00,2026-08-07,MER-FES-TEE-2026,550,137,413,NORMAL
INV-0000188,2026-08-07 22:30:00,2026-08-07,MER-FES-TEE-2026,550,142,408,NORMAL
INV-0000189,2026-08-07 23:00:00,2026-08-07,MER-FES-TEE-2026,550,143,407,NORMAL
INV-0000190,2026-08-07 10:00:00,2026-08-07,MER-FES-TOW-2026,700,0,700,NORMAL
INV-0000191,2026-08-07 10:30:00,2026-08-07,MER-FES-TOW-2026,700,0,700,NORMAL
INV-0000192,2026-08-07 11:00:00,2026-08-07,MER-FES-TOW-2026,700,8,692,NORMAL
INV-0000193,2026-08-07 11:30:00,2026-08-07,MER-FES-TOW-2026,700,8,692,NORMAL
INV-0000194,2026-08-07 12:00:00,2026-08-07,MER-FES-TOW-2026,700,9,691,NORMAL
INV-0000195,2026-08-07 12:30:00,2026-08-07,MER-FES-TOW-2026,700,10,690,NORMAL
INV-0000196,2026-08-07 13:00:00,2026-08-07,MER-FES-TOW-2026,700,12,688,NORMAL
INV-0000197,2026-08-07 13:30:00,2026-08-07,MER-FES-TOW-2026,700,20,680,NORMAL
INV-0000198,2026-08-07 14:00:00,2026-08-07,MER-FES-TOW-2026,700,24,676,NORMAL
INV-0000199,2026-08-07 14:30:00,2026-08-07,MER-FES-TOW-2026,700,29,671,NORMAL
INV-0000200,2026-08-07 15:00:00,2026-08-07,MER-FES-TOW-2026,700,38,662,NORMAL
INV-0000201,2026-08-07 15:30:00,2026-08-07,MER-FES-TOW-2026,700,45,655,NORMAL
INV-0000202,2026-08-07 16:00:00,2026-08-07,MER-FES-TOW-2026,700,51,649,NORMAL
INV-0000203,2026-08-07 16:30:00,2026-08-07,MER-FES-TOW-2026,700,58,642,NORMAL
INV-0000204,2026-08-07 17:00:00,2026-08-07,MER-FES-TOW-2026,700,68,632,NORMAL
INV-0000205,2026-08-07 17:30:00,2026-08-07,MER-FES-TOW-2026,700,80,620,NORMAL
INV-0000206,2026-08-07 18:00:00,2026-08-07,MER-FES-TOW-2026,700,88,612,NORMAL
INV-0000207,2026-08-07 18:30:00,2026-08-07,MER-FES-TOW-2026,700,92,608,NORMAL
INV-0000208,2026-08-07 19:00:00,2026-08-07,MER-FES-TOW-2026,700,99,601,NORMAL
INV-0000209,2026-08-07 19:30:00,2026-08-07,MER-FES-TOW-2026,700,103,597,NORMAL
INV-0000210,2026-08-07 20:00:00,2026-08-07,MER-FES-TOW-2026,700,108,592,NORMAL
INV-0000211,2026-08-07 20:30:00,2026-08-07,MER-FES-TOW-2026,700,114,586,NORMAL
INV-0000212,2026-08-07 21:00:00,2026-08-07,MER-FES-TOW-2026,700,116,584,NORMAL
INV-0000213,2026-08-07 21:30:00,2026-08-07,MER-FES-TOW-2026,700,119,581,NORMAL
INV-0000214,2026-08-07 22:00:00,2026-08-07,MER-FES-TOW-2026,700,127,573,NORMAL
INV-0000215,2026-08-07 22:30:00,2026-08-07,MER-FES-TOW-2026,700,134,566,NORMAL
INV-0000216,2026-08-07 23:00:00,2026-08-07,MER-FES-TOW-2026,700,135,565,NORMAL
INV-0000217,2026-08-07 10:00:00,2026-08-07,MER-FES-USB-SAMPLE,220,0,220,NORMAL
INV-0000218,2026-08-07 10:30:00,2026-08-07,MER-FES-USB-SAMPLE,220,0,220,NORMAL
INV-0000219,2026-08-07 11:00:00,2026-08-07,MER-FES-USB-SAMPLE,220,6,214,NORMAL
INV-0000220,2026-08-07 11:30:00,2026-08-07,MER-FES-USB-SAMPLE,220,9,211,NORMAL
INV-0000221,2026-08-07 12:00:00,2026-08-07,MER-FES-USB-SAMPLE,220,14,206,NORMAL
INV-0000222,2026-08-07 12:30:00,2026-08-07,MER-FES-USB-SAMPLE,220,18,202,NORMAL
INV-0000223,2026-08-07 13:00:00,2026-08-07,MER-FES-USB-SAMPLE,220,20,200,NORMAL
INV-0000224,2026-08-07 13:30:00,2026-08-07,MER-FES-USB-SAMPLE,220,26,194,NORMAL
INV-0000225,2026-08-07 14:00:00,2026-08-07,MER-FES-USB-SAMPLE,220,31,189,NORMAL
INV-0000226,2026-08-07 14:30:00,2026-08-07,MER-FES-USB-SAMPLE,220,38,182,NORMAL
INV-0000227,2026-08-07 15:00:00,2026-08-07,MER-FES-USB-SAMPLE,220,45,175,NORMAL
INV-0000228,2026-08-07 15:30:00,2026-08-07,MER-FES-USB-SAMPLE,220,53,167,NORMAL
INV-0000229,2026-08-07 16:00:00,2026-08-07,MER-FES-USB-SAMPLE,220,58,162,NORMAL
INV-0000230,2026-08-07 16:30:00,2026-08-07,MER-FES-USB-SAMPLE,220,60,160,NORMAL
INV-0000231,2026-08-07 17:00:00,2026-08-07,MER-FES-USB-SAMPLE,220,70,150,NORMAL
INV-0000232,2026-08-07 17:30:00,2026-08-07,MER-FES-USB-SAMPLE,220,87,133,NORMAL
INV-0000233,2026-08-07 18:00:00,2026-08-07,MER-FES-USB-SAMPLE,220,92,128,NORMAL
INV-0000234,2026-08-07 18:30:00,2026-08-07,MER-FES-USB-SAMPLE,220,97,123,NORMAL
INV-0000235,2026-08-07 19:00:00,2026-08-07,MER-FES-USB-SAMPLE,220,105,115,NORMAL
INV-0000236,2026-08-07 19:30:00,2026-08-07,MER-FES-USB-SAMPLE,220,109,111,NORMAL
INV-0000237,2026-08-07 20:00:00,2026-08-07,MER-FES-USB-SAMPLE,220,117,103,NORMAL
INV-0000238,2026-08-07 20:30:00,2026-08-07,MER-FES-USB-SAMPLE,220,122,98,NORMAL
INV-0000239,2026-08-07 21:00:00,2026-08-07,MER-FES-USB-SAMPLE,220,127,93,NORMAL
INV-0000240,2026-08-07 21:30:00,2026-08-07,MER-FES-USB-SAMPLE,220,134,86,NORMAL
INV-0000241,2026-08-07 22:00:00,2026-08-07,MER-FES-USB-SAMPLE,220,136,84,NORMAL
INV-0000242,2026-08-07 22:30:00,2026-08-07,MER-FES-USB-SAMPLE,220,138,82,NORMAL
INV-0000243,2026-08-07 23:00:00,2026-08-07,MER-FES-USB-SAMPLE,220,139,81,NORMAL
INV-0000244,2026-08-07 10:00:00,2026-08-07,MER-FES-EARPLUG,500,0,500,NORMAL
INV-0000245,2026-08-07 10:30:00,2026-08-07,MER-FES-EARPLUG,500,0,500,NORMAL
INV-0000246,2026-08-07 11:00:00,2026-08-07,MER-FES-EARPLUG,500,5,495,NORMAL
INV-0000247,2026-08-07 11:30:00,2026-08-07,MER-FES-EARPLUG,500,5,495,NORMAL
INV-0000248,2026-08-07 12:00:00,2026-08-07,MER-FES-EARPLUG,500,7,493,NORMAL
INV-0000249,2026-08-07 12:30:00,2026-08-07,MER-FES-EARPLUG,500,12,488,NORMAL
INV-0000250,2026-08-07 13:00:00,2026-08-07,MER-FES-EARPLUG,500,14,486,NORMAL
INV-0000251,2026-08-07 13:30:00,2026-08-07,MER-FES-EARPLUG,500,17,483,NORMAL
INV-0000252,2026-08-07 14:00:00,2026-08-07,MER-FES-EARPLUG,500,28,472,NORMAL
INV-0000253,2026-08-07 14:30:00,2026-08-07,MER-FES-EARPLUG,500,38,462,NORMAL
INV-0000254,2026-08-07 15:00:00,2026-08-07,MER-FES-EARPLUG,500,46,454,NORMAL
INV-0000255,2026-08-07 15:30:00,2026-08-07,MER-FES-EARPLUG,500,51,449,NORMAL
INV-0000256,2026-08-07 16:00:00,2026-08-07,MER-FES-EARPLUG,500,57,443,NORMAL
INV-0000257,2026-08-07 16:30:00,2026-08-07,MER-FES-EARPLUG,500,64,436,NORMAL
INV-0000258,2026-08-07 17:00:00,2026-08-07,MER-FES-EARPLUG,500,73,427,NORMAL
INV-0000259,2026-08-07 17:30:00,2026-08-07,MER-FES-EARPLUG,500,81,419,NORMAL
INV-0000260,2026-08-07 18:00:00,2026-08-07,MER-FES-EARPLUG,500,91,409,NORMAL
INV-0000261,2026-08-07 18:30:00,2026-08-07,MER-FES-EARPLUG,500,102,398,NORMAL
INV-0000262,2026-08-07 19:00:00,2026-08-07,MER-FES-EARPLUG,500,111,389,NORMAL
INV-0000263,2026-08-07 19:30:00,2026-08-07,MER-FES-EARPLUG,500,116,384,NORMAL
INV-0000264,2026-08-07 20:00:00,2026-08-07,MER-FES-EARPLUG,500,117,383,NORMAL
INV-0000265,2026-08-07 20:30:00,2026-08-07,MER-FES-EARPLUG,500,127,373,NORMAL
INV-0000266,2026-08-07 21:00:00,2026-08-07,MER-FES-EARPLUG,500,133,367,NORMAL
INV-0000267,2026-08-07 21:30:00,2026-08-07,MER-FES-EARPLUG,500,138,362,NORMAL
INV-0000268,2026-08-07 22:00:00,2026-08-07,MER-FES-EARPLUG,500,140,360,NORMAL
INV-0000269,2026-08-07 22:30:00,2026-08-07,MER-FES-EARPLUG,500,142,358,NORMAL
INV-0000270,2026-08-07 23:00:00,2026-08-07,MER-FES-EARPLUG,500,143,357,NORMAL
INV-0000271,2026-08-07 10:00:00,2026-08-07,MER-034-ACC-11,146,0,146,NORMAL
INV-0000272,2026-08-07 10:30:00,2026-08-07,MER-034-ACC-11,146,0,146,NORMAL
INV-0000273,2026-08-07 11:00:00,2026-08-07,MER-034-ACC-11,146,4,142,NORMAL
INV-0000274,2026-08-07 11:30:00,2026-08-07,MER-034-ACC-11,146,8,138,NORMAL
INV-0000275,2026-08-07 12:00:00,2026-08-07,MER-034-ACC-11,146,8,138,NORMAL
INV-0000276,2026-08-07 12:30:00,2026-08-07,MER-034-ACC-11,146,8,138,NORMAL
INV-0000277,2026-08-07 13:00:00,2026-08-07,MER-034-ACC-11,146,12,134,NORMAL
INV-0000278,2026-08-07 13:30:00,2026-08-07,MER-034-ACC-11,146,16,130,NORMAL
INV-0000279,2026-08-07 14:00:00,2026-08-07,MER-034-ACC-11,146,20,126,NORMAL
INV-0000280,2026-08-07 14:30:00,2026-08-07,MER-034-ACC-11,146,33,113,NORMAL
INV-0000281,2026-08-07 15:00:00,2026-08-07,MER-034-ACC-11,146,44,102,NORMAL
INV-0000282,2026-08-07 15:30:00,2026-08-07,MER-034-ACC-11,146,50,96,NORMAL
INV-0000283,2026-08-07 16:00:00,2026-08-07,MER-034-ACC-11,146,62,84,NORMAL
INV-0000284,2026-08-07 16:30:00,2026-08-07,MER-034-ACC-11,146,72,74,NORMAL
INV-0000285,2026-08-07 17:00:00,2026-08-07,MER-034-ACC-11,146,78,68,NORMAL
INV-0000286,2026-08-07 17:30:00,2026-08-07,MER-034-ACC-11,146,86,60,NORMAL
INV-0000287,2026-08-07 18:00:00,2026-08-07,MER-034-ACC-11,146,91,55,NORMAL
INV-0000288,2026-08-07 18:30:00,2026-08-07,MER-034-ACC-11,146,103,43,NORMAL
INV-0000289,2026-08-07 19:00:00,2026-08-07,MER-034-ACC-11,146,108,38,NORMAL
INV-0000290,2026-08-07 19:30:00,2026-08-07,MER-034-ACC-11,146,114,32,NORMAL
INV-0000291,2026-08-07 20:00:00,2026-08-07,MER-034-ACC-11,146,118,28,NORMAL
INV-0000292,2026-08-07 20:30:00,2026-08-07,MER-034-ACC-11,146,125,21,NORMAL
INV-0000293,2026-08-07 21:00:00,2026-08-07,MER-034-ACC-11,146,128,18,NORMAL
INV-0000294,2026-08-07 21:30:00,2026-08-07,MER-034-ACC-11,146,130,16,NORMAL
INV-0000295,2026-08-07 22:00:00,2026-08-07,MER-034-ACC-11,146,134,12,LOW
INV-0000296,2026-08-07 22:30:00,2026-08-07,MER-034-ACC-11,146,134,12,LOW
INV-0000297,2026-08-07 23:00:00,2026-08-07,MER-034-ACC-11,146,135,11,LOW
INV-0000298,2026-08-07 10:00:00,2026-08-07,MER-001-T_S-12,120,0,120,NORMAL
INV-0000299,2026-08-07 10:30:00,2026-08-07,MER-001-T_S-12,120,0,120,NORMAL
INV-0000300,2026-08-07 11:00:00,2026-08-07,MER-001-T_S-12,120,9,111,NORMAL
INV-0000301,2026-08-07 11:30:00,2026-08-07,MER-001-T_S-12,120,10,110,NORMAL
INV-0000302,2026-08-07 12:00:00,2026-08-07,MER-001-T_S-12,120,12,108,NORMAL
INV-0000303,2026-08-07 12:30:00,2026-08-07,MER-001-T_S-12,120,19,101,NORMAL
INV-0000304,2026-08-07 13:00:00,2026-08-07,MER-001-T_S-12,120,24,96,NORMAL
INV-0000305,2026-08-07 13:30:00,2026-08-07,MER-001-T_S-12,120,32,88,NORMAL
INV-0000306,2026-08-07 14:00:00,2026-08-07,MER-001-T_S-12,120,40,80,NORMAL
INV-0000307,2026-08-07 14:30:00,2026-08-07,MER-001-T_S-12,120,49,71,NORMAL
INV-0000308,2026-08-07 15:00:00,2026-08-07,MER-001-T_S-12,120,64,56,NORMAL
INV-0000309,2026-08-07 15:30:00,2026-08-07,MER-001-T_S-12,120,81,39,NORMAL
INV-0000310,2026-08-07 16:00:00,2026-08-07,MER-001-T_S-12,120,89,31,NORMAL
INV-0000311,2026-08-07 16:30:00,2026-08-07,MER-001-T_S-12,120,97,23,NORMAL
INV-0000312,2026-08-07 17:00:00,2026-08-07,MER-001-T_S-12,120,110,10,LOW
INV-0000313,2026-08-07 17:30:00,2026-08-07,MER-001-T_S-12,120,120,0,OUT_OF_STOCK
INV-0000314,2026-08-07 18:00:00,2026-08-07,MER-001-T_S-12,120,120,0,OUT_OF_STOCK
INV-0000315,2026-08-07 18:30:00,2026-08-07,MER-001-T_S-12,120,120,0,OUT_OF_STOCK
INV-0000316,2026-08-07 19:00:00,2026-08-07,MER-001-T_S-12,120,120,0,OUT_OF_STOCK
INV-0000317,2026-08-07 19:30:00,2026-08-07,MER-001-T_S-12,120,120,0,OUT_OF_STOCK
INV-0000318,2026-08-07 20:00:00,2026-08-07,MER-001-T_S-12,120,120,0,OUT_OF_STOCK
INV-0000319,2026-08-07 20:30:00,2026-08-07,MER-001-T_S-12,120,120,0,OUT_OF_STOCK
INV-0000320,2026-08-07 21:00:00,2026-08-07,MER-001-T_S-12,120,120,0,OUT_OF_STOCK
INV-0000321,2026-08-07 21:30:00,2026-08-07,MER-001-T_S-12,120,120,0,OUT_OF_STOCK
INV-0000322,2026-08-07 22:00:00,2026-08-07,MER-001-T_S-12,120,120,0,OUT_OF_STOCK
INV-0000323,2026-08-07 22:30:00,2026-08-07,MER-001-T_S-12,120,120,0,OUT_OF_STOCK
INV-0000324,2026-08-07 23:00:00,2026-08-07,MER-001-T_S-12,120,120,0,OUT_OF_STOCK
INV-0000325,2026-08-07 10:00:00,2026-08-07,MER-004-HOO-13,236,0,236,NORMAL
INV-0000326,2026-08-07 10:30:00,2026-08-07,MER-004-HOO-13,236,0,236,NORMAL
INV-0000327,2026-08-07 11:00:00,2026-08-07,MER-004-HOO-13,236,1,235,NORMAL
INV-0000328,2026-08-07 11:30:00,2026-08-07,MER-004-HOO-13,236,3,233,NORMAL
INV-0000329,2026-08-07 12:00:00,2026-08-07,MER-004-HOO-13,236,6,230,NORMAL
INV-0000330,2026-08-07 12:30:00,2026-08-07,MER-004-HOO-13,236,6,230,NORMAL
INV-0000331,2026-08-07 13:00:00,2026-08-07,MER-004-HOO-13,236,9,227,NORMAL
INV-0000332,2026-08-07 13:30:00,2026-08-07,MER-004-HOO-13,236,11,225,NORMAL
INV-0000333,2026-08-07 14:00:00,2026-08-07,MER-004-HOO-13,236,15,221,NORMAL
INV-0000334,2026-08-07 14:30:00,2026-08-07,MER-004-HOO-13,236,15,221,NORMAL
INV-0000335,2026-08-07 15:00:00,2026-08-07,MER-004-HOO-13,236,21,215,NORMAL
INV-0000336,2026-08-07 15:30:00,2026-08-07,MER-004-HOO-13,236,30,206,NORMAL
INV-0000337,2026-08-07 16:00:00,2026-08-07,MER-004-HOO-13,236,38,198,NORMAL
INV-0000338,2026-08-07 16:30:00,2026-08-07,MER-004-HOO-13,236,42,194,NORMAL
INV-0000339,2026-08-07 17:00:00,2026-08-07,MER-004-HOO-13,236,48,188,NORMAL
INV-0000340,2026-08-07 17:30:00,2026-08-07,MER-004-HOO-13,236,52,184,NORMAL
INV-0000341,2026-08-07 18:00:00,2026-08-07,MER-004-HOO-13,236,58,178,NORMAL
INV-0000342,2026-08-07 18:30:00,2026-08-07,MER-004-HOO-13,236,67,169,NORMAL
INV-0000343,2026-08-07 19:00:00,2026-08-07,MER-004-HOO-13,236,70,166,NORMAL
INV-0000344,2026-08-07 19:30:00,2026-08-07,MER-004-HOO-13,236,80,156,NORMAL
INV-0000345,2026-08-07 20:00:00,2026-08-07,MER-004-HOO-13,236,89,147,NORMAL
INV-0000346,2026-08-07 20:30:00,2026-08-07,MER-004-HOO-13,236,91,145,NORMAL
INV-0000347,2026-08-07 21:00:00,2026-08-07,MER-004-HOO-13,236,95,141,NORMAL
INV-0000348,2026-08-07 21:30:00,2026-08-07,MER-004-HOO-13,236,96,140,NORMAL
INV-0000349,2026-08-07 22:00:00,2026-08-07,MER-004-HOO-13,236,99,137,NORMAL
INV-0000350,2026-08-07 22:30:00,2026-08-07,MER-004-HOO-13,236,102,134,NORMAL
INV-0000351,2026-08-07 23:00:00,2026-08-07,MER-004-HOO-13,236,104,132,NORMAL
INV-0000352,2026-08-07 10:00:00,2026-08-07,MER-007-TOW-14,252,0,252,NORMAL
INV-0000353,2026-08-07 10:30:00,2026-08-07,MER-007-TOW-14,252,0,252,NORMAL
INV-0000354,2026-08-07 11:00:00,2026-08-07,MER-007-TOW-14,252,3,249,NORMAL
INV-0000355,2026-08-07 11:30:00,2026-08-07,MER-007-TOW-14,252,4,248,NORMAL
INV-0000356,2026-08-07 12:00:00,2026-08-07,MER-007-TOW-14,252,7,245,NORMAL
INV-0000357,2026-08-07 12:30:00,2026-08-07,MER-007-TOW-14,252,9,243,NORMAL
INV-0000358,2026-08-07 13:00:00,2026-08-07,MER-007-TOW-14,252,13,239,NORMAL
INV-0000359,2026-08-07 13:30:00,2026-08-07,MER-007-TOW-14,252,18,234,NORMAL
INV-0000360,2026-08-07 14:00:00,2026-08-07,MER-007-TOW-14,252,20,232,NORMAL
INV-0000361,2026-08-07 14:30:00,2026-08-07,MER-007-TOW-14,252,27,225,NORMAL
INV-0000362,2026-08-07 15:00:00,2026-08-07,MER-007-TOW-14,252,35,217,NORMAL
INV-0000363,2026-08-07 15:30:00,2026-08-07,MER-007-TOW-14,252,43,209,NORMAL
INV-0000364,2026-08-07 16:00:00,2026-08-07,MER-007-TOW-14,252,49,203,NORMAL
INV-0000365,2026-08-07 16:30:00,2026-08-07,MER-007-TOW-14,252,57,195,NORMAL
INV-0000366,2026-08-07 17:00:00,2026-08-07,MER-007-TOW-14,252,63,189,NORMAL
INV-0000367,2026-08-07 17:30:00,2026-08-07,MER-007-TOW-14,252,72,180,NORMAL
INV-0000368,2026-08-07 18:00:00,2026-08-07,MER-007-TOW-14,252,89,163,NORMAL
INV-0000369,2026-08-07 18:30:00,2026-08-07,MER-007-TOW-14,252,96,156,NORMAL
INV-0000370,2026-08-07 19:00:00,2026-08-07,MER-007-TOW-14,252,103,149,NORMAL
INV-0000371,2026-08-07 19:30:00,2026-08-07,MER-007-TOW-14,252,104,148,NORMAL
INV-0000372,2026-08-07 20:00:00,2026-08-07,MER-007-TOW-14,252,110,142,NORMAL
INV-0000373,2026-08-07 20:30:00,2026-08-07,MER-007-TOW-14,252,112,140,NORMAL
INV-0000374,2026-08-07 21:00:00,2026-08-07,MER-007-TOW-14,252,117,135,NORMAL
INV-0000375,2026-08-07 21:30:00,2026-08-07,MER-007-TOW-14,252,123,129,NORMAL
INV-0000376,2026-08-07 22:00:00,2026-08-07,MER-007-TOW-14,252,124,128,NORMAL
INV-0000377,2026-08-07 22:30:00,2026-08-07,MER-007-TOW-14,252,128,124,NORMAL
INV-0000378,2026-08-07 23:00:00,2026-08-07,MER-007-TOW-14,252,128,124,NORMAL
INV-0000379,2026-08-07 10:00:00,2026-08-07,MER-010-CAP-15,178,0,178,NORMAL
INV-0000380,2026-08-07 10:30:00,2026-08-07,MER-010-CAP-15,178,0,178,NORMAL
INV-0000381,2026-08-07 11:00:00,2026-08-07,MER-010-CAP-15,178,5,173,NORMAL
INV-0000382,2026-08-07 11:30:00,2026-08-07,MER-010-CAP-15,178,5,173,NORMAL
INV-0000383,2026-08-07 12:00:00,2026-08-07,MER-010-CAP-15,178,9,169,NORMAL
INV-0000384,2026-08-07 12:30:00,2026-08-07,MER-010-CAP-15,178,12,166,NORMAL
INV-0000385,2026-08-07 13:00:00,2026-08-07,MER-010-CAP-15,178,15,163,NORMAL
INV-0000386,2026-08-07 13:30:00,2026-08-07,MER-010-CAP-15,178,16,162,NORMAL
INV-0000387,2026-08-07 14:00:00,2026-08-07,MER-010-CAP-15,178,20,158,NORMAL
INV-0000388,2026-08-07 14:30:00,2026-08-07,MER-010-CAP-15,178,33,145,NORMAL
INV-0000389,2026-08-07 15:00:00,2026-08-07,MER-010-CAP-15,178,39,139,NORMAL
INV-0000390,2026-08-07 15:30:00,2026-08-07,MER-010-CAP-15,178,43,135,NORMAL
INV-0000391,2026-08-07 16:00:00,2026-08-07,MER-010-CAP-15,178,49,129,NORMAL
INV-0000392,2026-08-07 16:30:00,2026-08-07,MER-010-CAP-15,178,58,120,NORMAL
INV-0000393,2026-08-07 17:00:00,2026-08-07,MER-010-CAP-15,178,64,114,NORMAL
INV-0000394,2026-08-07 17:30:00,2026-08-07,MER-010-CAP-15,178,70,108,NORMAL
INV-0000395,2026-08-07 18:00:00,2026-08-07,MER-010-CAP-15,178,78,100,NORMAL
INV-0000396,2026-08-07 18:30:00,2026-08-07,MER-010-CAP-15,178,83,95,NORMAL
INV-0000397,2026-08-07 19:00:00,2026-08-07,MER-010-CAP-15,178,92,86,NORMAL
INV-0000398,2026-08-07 19:30:00,2026-08-07,MER-010-CAP-15,178,99,79,NORMAL
INV-0000399,2026-08-07 20:00:00,2026-08-07,MER-010-CAP-15,178,104,74,NORMAL
INV-0000400,2026-08-07 20:30:00,2026-08-07,MER-010-CAP-15,178,107,71,NORMAL
INV-0000401,2026-08-07 21:00:00,2026-08-07,MER-010-CAP-15,178,113,65,NORMAL
INV-0000402,2026-08-07 21:30:00,2026-08-07,MER-010-CAP-15,178,116,62,NORMAL
INV-0000403,2026-08-07 22:00:00,2026-08-07,MER-010-CAP-15,178,120,58,NORMAL
INV-0000404,2026-08-07 22:30:00,2026-08-07,MER-010-CAP-15,178,122,56,NORMAL
INV-0000405,2026-08-07 23:00:00,2026-08-07,MER-010-CAP-15,178,126,52,NORMAL
INV-0000406,2026-08-07 10:00:00,2026-08-07,MER-013-POS-16,199,0,199,NORMAL
INV-0000407,2026-08-07 10:30:00,2026-08-07,MER-013-POS-16,199,0,199,NORMAL
INV-0000408,2026-08-07 11:00:00,2026-08-07,MER-013-POS-16,199,3,196,NORMAL
INV-0000409,2026-08-07 11:30:00,2026-08-07,MER-013-POS-16,199,4,195,NORMAL
INV-0000410,2026-08-07 12:00:00,2026-08-07,MER-013-POS-16,199,10,189,NORMAL
INV-0000411,2026-08-07 12:30:00,2026-08-07,MER-013-POS-16,199,13,186,NORMAL
INV-0000412,2026-08-07 13:00:00,2026-08-07,MER-013-POS-16,199,17,182,NORMAL
INV-0000413,2026-08-07 13:30:00,2026-08-07,MER-013-POS-16,199,18,181,NORMAL
INV-0000414,2026-08-07 14:00:00,2026-08-07,MER-013-POS-16,199,22,177,NORMAL
INV-0000415,2026-08-07 14:30:00,2026-08-07,MER-013-POS-16,199,27,172,NORMAL
INV-0000416,2026-08-07 15:00:00,2026-08-07,MER-013-POS-16,199,34,165,NORMAL
INV-0000417,2026-08-07 15:30:00,2026-08-07,MER-013-POS-16,199,39,160,NORMAL
INV-0000418,2026-08-07 16:00:00,2026-08-07,MER-013-POS-16,199,44,155,NORMAL
INV-0000419,2026-08-07 16:30:00,2026-08-07,MER-013-POS-16,199,47,152,NORMAL
INV-0000420,2026-08-07 17:00:00,2026-08-07,MER-013-POS-16,199,59,140,NORMAL
INV-0000421,2026-08-07 17:30:00,2026-08-07,MER-013-POS-16,199,68,131,NORMAL
INV-0000422,2026-08-07 18:00:00,2026-08-07,MER-013-POS-16,199,76,123,NORMAL
INV-0000423,2026-08-07 18:30:00,2026-08-07,MER-013-POS-16,199,82,117,NORMAL
INV-0000424,2026-08-07 19:00:00,2026-08-07,MER-013-POS-16,199,92,107,NORMAL
INV-0000425,2026-08-07 19:30:00,2026-08-07,MER-013-POS-16,199,100,99,NORMAL
INV-0000426,2026-08-07 20:00:00,2026-08-07,MER-013-POS-16,199,105,94,NORMAL
INV-0000427,2026-08-07 20:30:00,2026-08-07,MER-013-POS-16,199,110,89,NORMAL
INV-0000428,2026-08-07 21:00:00,2026-08-07,MER-013-POS-16,199,114,85,NORMAL
INV-0000429,2026-08-07 21:30:00,2026-08-07,MER-013-POS-16,199,119,80,NORMAL
INV-0000430,2026-08-07 22:00:00,2026-08-07,MER-013-POS-16,199,120,79,NORMAL
INV-0000431,2026-08-07 22:30:00,2026-08-07,MER-013-POS-16,199,124,75,NORMAL
INV-0000432,2026-08-07 23:00:00,2026-08-07,MER-013-POS-16,199,126,73,NORMAL
INV-0000433,2026-08-07 10:00:00,2026-08-07,MER-016-ACC-17,95,0,95,NORMAL
INV-0000434,2026-08-07 10:30:00,2026-08-07,MER-016-ACC-17,95,0,95,NORMAL
INV-0000435,2026-08-07 11:00:00,2026-08-07,MER-016-ACC-17,95,2,93,NORMAL
INV-0000436,2026-08-07 11:30:00,2026-08-07,MER-016-ACC-17,95,3,92,NORMAL
INV-0000437,2026-08-07 12:00:00,2026-08-07,MER-016-ACC-17,95,5,90,NORMAL
INV-0000438,2026-08-07 12:30:00,2026-08-07,MER-016-ACC-17,95,12,83,NORMAL
INV-0000439,2026-08-07 13:00:00,2026-08-07,MER-016-ACC-17,95,16,79,NORMAL
INV-0000440,2026-08-07 13:30:00,2026-08-07,MER-016-ACC-17,95,23,72,NORMAL
INV-0000441,2026-08-07 14:00:00,2026-08-07,MER-016-ACC-17,95,26,69,NORMAL
INV-0000442,2026-08-07 14:30:00,2026-08-07,MER-016-ACC-17,95,30,65,NORMAL
INV-0000443,2026-08-07 15:00:00,2026-08-07,MER-016-ACC-17,95,39,56,NORMAL
INV-0000444,2026-08-07 15:30:00,2026-08-07,MER-016-ACC-17,95,48,47,NORMAL
INV-0000445,2026-08-07 16:00:00,2026-08-07,MER-016-ACC-17,95,53,42,NORMAL
INV-0000446,2026-08-07 16:30:00,2026-08-07,MER-016-ACC-17,95,58,37,NORMAL
INV-0000447,2026-08-07 17:00:00,2026-08-07,MER-016-ACC-17,95,62,33,NORMAL
INV-0000448,2026-08-07 17:30:00,2026-08-07,MER-016-ACC-17,95,68,27,NORMAL
INV-0000449,2026-08-07 18:00:00,2026-08-07,MER-016-ACC-17,95,73,22,NORMAL
INV-0000450,2026-08-07 18:30:00,2026-08-07,MER-016-ACC-17,95,77,18,NORMAL
INV-0000451,2026-08-07 19:00:00,2026-08-07,MER-016-ACC-17,95,80,15,NORMAL
INV-0000452,2026-08-07 19:30:00,2026-08-07,MER-016-ACC-17,95,86,9,LOW
INV-0000453,2026-08-07 20:00:00,2026-08-07,MER-016-ACC-17,95,92,3,LOW
INV-0000454,2026-08-07 20:30:00,2026-08-07,MER-016-ACC-17,95,95,0,OUT_OF_STOCK
INV-0000455,2026-08-07 21:00:00,2026-08-07,MER-016-ACC-17,95,95,0,OUT_OF_STOCK
INV-0000456,2026-08-07 21:30:00,2026-08-07,MER-016-ACC-17,95,95,0,OUT_OF_STOCK
INV-0000457,2026-08-07 22:00:00,2026-08-07,MER-016-ACC-17,95,95,0,OUT_OF_STOCK
INV-0000458,2026-08-07 22:30:00,2026-08-07,MER-016-ACC-17,95,95,0,OUT_OF_STOCK
INV-0000459,2026-08-07 23:00:00,2026-08-07,MER-016-ACC-17,95,95,0,OUT_OF_STOCK
INV-0000460,2026-08-07 10:00:00,2026-08-07,MER-019-T_S-18,127,0,127,NORMAL
INV-0000461,2026-08-07 10:30:00,2026-08-07,MER-019-T_S-18,127,0,127,NORMAL
INV-0000462,2026-08-07 11:00:00,2026-08-07,MER-019-T_S-18,127,8,119,NORMAL
INV-0000463,2026-08-07 11:30:00,2026-08-07,MER-019-T_S-18,127,11,116,NORMAL
INV-0000464,2026-08-07 12:00:00,2026-08-07,MER-019-T_S-18,127,14,113,NORMAL
INV-0000465,2026-08-07 12:30:00,2026-08-07,MER-019-T_S-18,127,14,113,NORMAL
INV-0000466,2026-08-07 13:00:00,2026-08-07,MER-019-T_S-18,127,16,111,NORMAL
INV-0000467,2026-08-07 13:30:00,2026-08-07,MER-019-T_S-18,127,19,108,NORMAL
INV-0000468,2026-08-07 14:00:00,2026-08-07,MER-019-T_S-18,127,26,101,NORMAL
INV-0000469,2026-08-07 14:30:00,2026-08-07,MER-019-T_S-18,127,38,89,NORMAL
INV-0000470,2026-08-07 15:00:00,2026-08-07,MER-019-T_S-18,127,47,80,NORMAL
INV-0000471,2026-08-07 15:30:00,2026-08-07,MER-019-T_S-18,127,51,76,NORMAL
INV-0000472,2026-08-07 16:00:00,2026-08-07,MER-019-T_S-18,127,57,70,NORMAL
INV-0000473,2026-08-07 16:30:00,2026-08-07,MER-019-T_S-18,127,62,65,NORMAL
INV-0000474,2026-08-07 17:00:00,2026-08-07,MER-019-T_S-18,127,64,63,NORMAL
INV-0000475,2026-08-07 17:30:00,2026-08-07,MER-019-T_S-18,127,71,56,NORMAL
INV-0000476,2026-08-07 18:00:00,2026-08-07,MER-019-T_S-18,127,79,48,NORMAL
INV-0000477,2026-08-07 18:30:00,2026-08-07,MER-019-T_S-18,127,82,45,NORMAL
INV-0000478,2026-08-07 19:00:00,2026-08-07,MER-019-T_S-18,127,85,42,NORMAL
INV-0000479,2026-08-07 19:30:00,2026-08-07,MER-019-T_S-18,127,89,38,NORMAL
INV-0000480,2026-08-07 20:00:00,2026-08-07,MER-019-T_S-18,127,96,31,NORMAL
INV-0000481,2026-08-07 20:30:00,2026-08-07,MER-019-T_S-18,127,107,20,NORMAL
INV-0000482,2026-08-07 21:00:00,2026-08-07,MER-019-T_S-18,127,111,16,NORMAL
INV-0000483,2026-08-07 21:30:00,2026-08-07,MER-019-T_S-18,127,116,11,LOW
INV-0000484,2026-08-07 22:00:00,2026-08-07,MER-019-T_S-18,127,119,8,LOW
INV-0000485,2026-08-07 22:30:00,2026-08-07,MER-019-T_S-18,127,124,3,LOW
INV-0000486,2026-08-07 23:00:00,2026-08-07,MER-019-T_S-18,127,126,1,LOW
INV-0000487,2026-08-07 10:00:00,2026-08-07,MER-022-HOO-19,97,0,97,NORMAL
INV-0000488,2026-08-07 10:30:00,2026-08-07,MER-022-HOO-19,97,0,97,NORMAL
INV-0000489,2026-08-07 11:00:00,2026-08-07,MER-022-HOO-19,97,7,90,NORMAL
INV-0000490,2026-08-07 11:30:00,2026-08-07,MER-022-HOO-19,97,7,90,NORMAL
INV-0000491,2026-08-07 12:00:00,2026-08-07,MER-022-HOO-19,97,10,87,NORMAL
INV-0000492,2026-08-07 12:30:00,2026-08-07,MER-022-HOO-19,97,11,86,NORMAL
INV-0000493,2026-08-07 13:00:00,2026-08-07,MER-022-HOO-19,97,13,84,NORMAL
INV-0000494,2026-08-07 13:30:00,2026-08-07,MER-022-HOO-19,97,16,81,NORMAL
INV-0000495,2026-08-07 14:00:00,2026-08-07,MER-022-HOO-19,97,22,75,NORMAL
INV-0000496,2026-08-07 14:30:00,2026-08-07,MER-022-HOO-19,97,30,67,NORMAL
INV-0000497,2026-08-07 15:00:00,2026-08-07,MER-022-HOO-19,97,32,65,NORMAL
INV-0000498,2026-08-07 15:30:00,2026-08-07,MER-022-HOO-19,97,40,57,NORMAL
INV-0000499,2026-08-07 16:00:00,2026-08-07,MER-022-HOO-19,97,44,53,NORMAL
INV-0000500,2026-08-07 16:30:00,2026-08-07,MER-022-HOO-19,97,55,42,NORMAL
INV-0000501,2026-08-07 17:00:00,2026-08-07,MER-022-HOO-19,97,63,34,NORMAL
INV-0000502,2026-08-07 17:30:00,2026-08-07,MER-022-HOO-19,97,72,25,NORMAL
INV-0000503,2026-08-07 18:00:00,2026-08-07,MER-022-HOO-19,97,79,18,NORMAL
INV-0000504,2026-08-07 18:30:00,2026-08-07,MER-022-HOO-19,97,83,14,NORMAL
INV-0000505,2026-08-07 19:00:00,2026-08-07,MER-022-HOO-19,97,89,8,LOW
INV-0000506,2026-08-07 19:30:00,2026-08-07,MER-022-HOO-19,97,95,2,LOW
INV-0000507,2026-08-07 20:00:00,2026-08-07,MER-022-HOO-19,97,97,0,OUT_OF_STOCK
INV-0000508,2026-08-07 20:30:00,2026-08-07,MER-022-HOO-19,97,97,0,OUT_OF_STOCK
INV-0000509,2026-08-07 21:00:00,2026-08-07,MER-022-HOO-19,97,97,0,OUT_OF_STOCK
INV-0000510,2026-08-07 21:30:00,2026-08-07,MER-022-HOO-19,97,97,0,OUT_OF_STOCK
INV-0000511,2026-08-07 22:00:00,2026-08-07,MER-022-HOO-19,97,97,0,OUT_OF_STOCK
INV-0000512,2026-08-07 22:30:00,2026-08-07,MER-022-HOO-19,97,97,0,OUT_OF_STOCK
INV-0000513,2026-08-07 23:00:00,2026-08-07,MER-022-HOO-19,97,97,0,OUT_OF_STOCK
INV-0000514,2026-08-07 10:00:00,2026-08-07,MER-025-TOW-20,222,0,222,NORMAL
INV-0000515,2026-08-07 10:30:00,2026-08-07,MER-025-TOW-20,222,0,222,NORMAL
INV-0000516,2026-08-07 11:00:00,2026-08-07,MER-025-TOW-20,222,3,219,NORMAL
INV-0000517,2026-08-07 11:30:00,2026-08-07,MER-025-TOW-20,222,4,218,NORMAL
INV-0000518,2026-08-07 12:00:00,2026-08-07,MER-025-TOW-20,222,8,214,NORMAL
INV-0000519,2026-08-07 12:30:00,2026-08-07,MER-025-TOW-20,222,11,211,NORMAL
INV-0000520,2026-08-07 13:00:00,2026-08-07,MER-025-TOW-20,222,15,207,NORMAL
INV-0000521,2026-08-07 13:30:00,2026-08-07,MER-025-TOW-20,222,19,203,NORMAL
INV-0000522,2026-08-07 14:00:00,2026-08-07,MER-025-TOW-20,222,27,195,NORMAL
INV-0000523,2026-08-07 14:30:00,2026-08-07,MER-025-TOW-20,222,32,190,NORMAL
INV-0000524,2026-08-07 15:00:00,2026-08-07,MER-025-TOW-20,222,35,187,NORMAL
INV-0000525,2026-08-07 15:30:00,2026-08-07,MER-025-TOW-20,222,39,183,NORMAL
INV-0000526,2026-08-07 16:00:00,2026-08-07,MER-025-TOW-20,222,49,173,NORMAL
INV-0000527,2026-08-07 16:30:00,2026-08-07,MER-025-TOW-20,222,59,163,NORMAL
INV-0000528,2026-08-07 17:00:00,2026-08-07,MER-025-TOW-20,222,66,156,NORMAL
INV-0000529,2026-08-07 17:30:00,2026-08-07,MER-025-TOW-20,222,72,150,NORMAL
INV-0000530,2026-08-07 18:00:00,2026-08-07,MER-025-TOW-20,222,83,139,NORMAL
INV-0000531,2026-08-07 18:30:00,2026-08-07,MER-025-TOW-20,222,84,138,NORMAL
INV-0000532,2026-08-07 19:00:00,2026-08-07,MER-025-TOW-20,222,92,130,NORMAL
INV-0000533,2026-08-07 19:30:00,2026-08-07,MER-025-TOW-20,222,101,121,NORMAL
INV-0000534,2026-08-07 20:00:00,2026-08-07,MER-025-TOW-20,222,106,116,NORMAL
INV-0000535,2026-08-07 20:30:00,2026-08-07,MER-025-TOW-20,222,107,115,NORMAL
INV-0000536,2026-08-07 21:00:00,2026-08-07,MER-025-TOW-20,222,111,111,NORMAL
INV-0000537,2026-08-07 21:30:00,2026-08-07,MER-025-TOW-20,222,116,106,NORMAL
INV-0000538,2026-08-07 22:00:00,2026-08-07,MER-025-TOW-20,222,116,106,NORMAL
INV-0000539,2026-08-07 22:30:00,2026-08-07,MER-025-TOW-20,222,121,101,NORMAL
INV-0000540,2026-08-07 23:00:00,2026-08-07,MER-025-TOW-20,222,121,101,NORMAL
INV-0000541,2026-08-07 10:00:00,2026-08-07,MER-028-CAP-21,205,0,205,NORMAL
INV-0000542,2026-08-07 10:30:00,2026-08-07,MER-028-CAP-21,205,0,205,NORMAL
INV-0000543,2026-08-07 11:00:00,2026-08-07,MER-028-CAP-21,205,4,201,NORMAL
INV-0000544,2026-08-07 11:30:00,2026-08-07,MER-028-CAP-21,205,5,200,NORMAL
INV-0000545,2026-08-07 12:00:00,2026-08-07,MER-028-CAP-21,205,11,194,NORMAL
INV-0000546,2026-08-07 12:30:00,2026-08-07,MER-028-CAP-21,205,12,193,NORMAL
INV-0000547,2026-08-07 13:00:00,2026-08-07,MER-028-CAP-21,205,13,192,NORMAL
INV-0000548,2026-08-07 13:30:00,2026-08-07,MER-028-CAP-21,205,16,189,NORMAL
INV-0000549,2026-08-07 14:00:00,2026-08-07,MER-028-CAP-21,205,17,188,NORMAL
INV-0000550,2026-08-07 14:30:00,2026-08-07,MER-028-CAP-21,205,21,184,NORMAL
INV-0000551,2026-08-07 15:00:00,2026-08-07,MER-028-CAP-21,205,28,177,NORMAL
INV-0000552,2026-08-07 15:30:00,2026-08-07,MER-028-CAP-21,205,34,171,NORMAL
INV-0000553,2026-08-07 16:00:00,2026-08-07,MER-028-CAP-21,205,42,163,NORMAL
INV-0000554,2026-08-07 16:30:00,2026-08-07,MER-028-CAP-21,205,47,158,NORMAL
INV-0000555,2026-08-07 17:00:00,2026-08-07,MER-028-CAP-21,205,53,152,NORMAL
INV-0000556,2026-08-07 17:30:00,2026-08-07,MER-028-CAP-21,205,63,142,NORMAL
INV-0000557,2026-08-07 18:00:00,2026-08-07,MER-028-CAP-21,205,65,140,NORMAL
INV-0000558,2026-08-07 18:30:00,2026-08-07,MER-028-CAP-21,205,74,131,NORMAL
INV-0000559,2026-08-07 19:00:00,2026-08-07,MER-028-CAP-21,205,83,122,NORMAL
INV-0000560,2026-08-07 19:30:00,2026-08-07,MER-028-CAP-21,205,90,115,NORMAL
INV-0000561,2026-08-07 20:00:00,2026-08-07,MER-028-CAP-21,205,95,110,NORMAL
INV-0000562,2026-08-07 20:30:00,2026-08-07,MER-028-CAP-21,205,99,106,NORMAL
INV-0000563,2026-08-07 21:00:00,2026-08-07,MER-028-CAP-21,205,100,105,NORMAL
INV-0000564,2026-08-07 21:30:00,2026-08-07,MER-028-CAP-21,205,105,100,NORMAL
INV-0000565,2026-08-07 22:00:00,2026-08-07,MER-028-CAP-21,205,111,94,NORMAL
INV-0000566,2026-08-07 22:30:00,2026-08-07,MER-028-CAP-21,205,111,94,NORMAL
INV-0000567,2026-08-07 23:00:00,2026-08-07,MER-028-CAP-21,205,111,94,NORMAL
INV-0000568,2026-08-07 10:00:00,2026-08-07,MER-031-POS-22,209,0,209,NORMAL
INV-0000569,2026-08-07 10:30:00,2026-08-07,MER-031-POS-22,209,0,209,NORMAL
INV-0000570,2026-08-07 11:00:00,2026-08-07,MER-031-POS-22,209,4,205,NORMAL
INV-0000571,2026-08-07 11:30:00,2026-08-07,MER-031-POS-22,209,5,204,NORMAL
INV-0000572,2026-08-07 12:00:00,2026-08-07,MER-031-POS-22,209,7,202,NORMAL
INV-0000573,2026-08-07 12:30:00,2026-08-07,MER-031-POS-22,209,11,198,NORMAL
INV-0000574,2026-08-07 13:00:00,2026-08-07,MER-031-POS-22,209,15,194,NORMAL
INV-0000575,2026-08-07 13:30:00,2026-08-07,MER-031-POS-22,209,20,189,NORMAL
INV-0000576,2026-08-07 14:00:00,2026-08-07,MER-031-POS-22,209,24,185,NORMAL
INV-0000577,2026-08-07 14:30:00,2026-08-07,MER-031-POS-22,209,31,178,NORMAL
INV-0000578,2026-08-07 15:00:00,2026-08-07,MER-031-POS-22,209,35,174,NORMAL
INV-0000579,2026-08-07 15:30:00,2026-08-07,MER-031-POS-22,209,39,170,NORMAL
INV-0000580,2026-08-07 16:00:00,2026-08-07,MER-031-POS-22,209,47,162,NORMAL
INV-0000581,2026-08-07 16:30:00,2026-08-07,MER-031-POS-22,209,54,155,NORMAL
INV-0000582,2026-08-07 17:00:00,2026-08-07,MER-031-POS-22,209,60,149,NORMAL
INV-0000583,2026-08-07 17:30:00,2026-08-07,MER-031-POS-22,209,69,140,NORMAL
INV-0000584,2026-08-07 18:00:00,2026-08-07,MER-031-POS-22,209,77,132,NORMAL
INV-0000585,2026-08-07 18:30:00,2026-08-07,MER-031-POS-22,209,80,129,NORMAL
INV-0000586,2026-08-07 19:00:00,2026-08-07,MER-031-POS-22,209,87,122,NORMAL
INV-0000587,2026-08-07 19:30:00,2026-08-07,MER-031-POS-22,209,95,114,NORMAL
INV-0000588,2026-08-07 20:00:00,2026-08-07,MER-031-POS-22,209,103,106,NORMAL
INV-0000589,2026-08-07 20:30:00,2026-08-07,MER-031-POS-22,209,110,99,NORMAL
INV-0000590,2026-08-07 21:00:00,2026-08-07,MER-031-POS-22,209,115,94,NORMAL
INV-0000591,2026-08-07 21:30:00,2026-08-07,MER-031-POS-22,209,121,88,NORMAL
INV-0000592,2026-08-07 22:00:00,2026-08-07,MER-031-POS-22,209,129,80,NORMAL
INV-0000593,2026-08-07 22:30:00,2026-08-07,MER-031-POS-22,209,137,72,NORMAL
INV-0000594,2026-08-07 23:00:00,2026-08-07,MER-031-POS-22,209,137,72,NORMAL
INV-0000595,2026-08-07 10:00:00,2026-08-07,MER-034-ACC-23,196,0,196,NORMAL
INV-0000596,2026-08-07 10:30:00,2026-08-07,MER-034-ACC-23,196,0,196,NORMAL
INV-0000597,2026-08-07 11:00:00,2026-08-07,MER-034-ACC-23,196,5,191,NORMAL
INV-0000598,2026-08-07 11:30:00,2026-08-07,MER-034-ACC-23,196,6,190,NORMAL
INV-0000599,2026-08-07 12:00:00,2026-08-07,MER-034-ACC-23,196,9,187,NORMAL
INV-0000600,2026-08-07 12:30:00,2026-08-07,MER-034-ACC-23,196,9,187,NORMAL
INV-0000601,2026-08-07 13:00:00,2026-08-07,MER-034-ACC-23,196,12,184,NORMAL
INV-0000602,2026-08-07 13:30:00,2026-08-07,MER-034-ACC-23,196,17,179,NORMAL
INV-0000603,2026-08-07 14:00:00,2026-08-07,MER-034-ACC-23,196,22,174,NORMAL
INV-0000604,2026-08-07 14:30:00,2026-08-07,MER-034-ACC-23,196,28,168,NORMAL
INV-0000605,2026-08-07 15:00:00,2026-08-07,MER-034-ACC-23,196,37,159,NORMAL
INV-0000606,2026-08-07 15:30:00,2026-08-07,MER-034-ACC-23,196,44,152,NORMAL
INV-0000607,2026-08-07 16:00:00,2026-08-07,MER-034-ACC-23,196,49,147,NORMAL
INV-0000608,2026-08-07 16:30:00,2026-08-07,MER-034-ACC-23,196,55,141,NORMAL
INV-0000609,2026-08-07 17:00:00,2026-08-07,MER-034-ACC-23,196,59,137,NORMAL
INV-0000610,2026-08-07 17:30:00,2026-08-07,MER-034-ACC-23,196,63,133,NORMAL
INV-0000611,2026-08-07 18:00:00,2026-08-07,MER-034-ACC-23,196,73,123,NORMAL
INV-0000612,2026-08-07 18:30:00,2026-08-07,MER-034-ACC-23,196,84,112,NORMAL
INV-0000613,2026-08-07 19:00:00,2026-08-07,MER-034-ACC-23,196,88,108,NORMAL
INV-0000614,2026-08-07 19:30:00,2026-08-07,MER-034-ACC-23,196,94,102,NORMAL
INV-0000615,2026-08-07 20:00:00,2026-08-07,MER-034-ACC-23,196,97,99,NORMAL
INV-0000616,2026-08-07 20:30:00,2026-08-07,MER-034-ACC-23,196,103,93,NORMAL
INV-0000617,2026-08-07 21:00:00,2026-08-07,MER-034-ACC-23,196,105,91,NORMAL
INV-0000618,2026-08-07 21:30:00,2026-08-07,MER-034-ACC-23,196,111,85,NORMAL
INV-0000619,2026-08-07 22:00:00,2026-08-07,MER-034-ACC-23,196,117,79,NORMAL
INV-0000620,2026-08-07 22:30:00,2026-08-07,MER-034-ACC-23,196,120,76,NORMAL
INV-0000621,2026-08-07 23:00:00,2026-08-07,MER-034-ACC-23,196,120,76,NORMAL
INV-0000622,2026-08-07 10:00:00,2026-08-07,MER-001-T_S-24,197,0,197,NORMAL
INV-0000623,2026-08-07 10:30:00,2026-08-07,MER-001-T_S-24,197,0,197,NORMAL
INV-0000624,2026-08-07 11:00:00,2026-08-07,MER-001-T_S-24,197,8,189,NORMAL
INV-0000625,2026-08-07 11:30:00,2026-08-07,MER-001-T_S-24,197,16,181,NORMAL
INV-0000626,2026-08-07 12:00:00,2026-08-07,MER-001-T_S-24,197,21,176,NORMAL
INV-0000627,2026-08-07 12:30:00,2026-08-07,MER-001-T_S-24,197,24,173,NORMAL
INV-0000628,2026-08-07 13:00:00,2026-08-07,MER-001-T_S-24,197,33,164,NORMAL
INV-0000629,2026-08-07 13:30:00,2026-08-07,MER-001-T_S-24,197,40,157,NORMAL
INV-0000630,2026-08-07 14:00:00,2026-08-07,MER-001-T_S-24,197,44,153,NORMAL
INV-0000631,2026-08-07 14:30:00,2026-08-07,MER-001-T_S-24,197,55,142,NORMAL
INV-0000632,2026-08-07 15:00:00,2026-08-07,MER-001-T_S-24,197,60,137,NORMAL
INV-0000633,2026-08-07 15:30:00,2026-08-07,MER-001-T_S-24,197,70,127,NORMAL
INV-0000634,2026-08-07 16:00:00,2026-08-07,MER-001-T_S-24,197,78,119,NORMAL
INV-0000635,2026-08-07 16:30:00,2026-08-07,MER-001-T_S-24,197,97,100,NORMAL
INV-0000636,2026-08-07 17:00:00,2026-08-07,MER-001-T_S-24,197,107,90,NORMAL
INV-0000637,2026-08-07 17:30:00,2026-08-07,MER-001-T_S-24,197,113,84,NORMAL
INV-0000638,2026-08-07 18:00:00,2026-08-07,MER-001-T_S-24,197,126,71,NORMAL
INV-0000639,2026-08-07 18:30:00,2026-08-07,MER-001-T_S-24,197,137,60,NORMAL
INV-0000640,2026-08-07 19:00:00,2026-08-07,MER-001-T_S-24,197,142,55,NORMAL
INV-0000641,2026-08-07 19:30:00,2026-08-07,MER-001-T_S-24,197,153,44,NORMAL
INV-0000642,2026-08-07 20:00:00,2026-08-07,MER-001-T_S-24,197,159,38,NORMAL
INV-0000643,2026-08-07 20:30:00,2026-08-07,MER-001-T_S-24,197,169,28,NORMAL
INV-0000644,2026-08-07 21:00:00,2026-08-07,MER-001-T_S-24,197,173,24,NORMAL
INV-0000645,2026-08-07 21:30:00,2026-08-07,MER-001-T_S-24,197,175,22,NORMAL
INV-0000646,2026-08-07 22:00:00,2026-08-07,MER-001-T_S-24,197,177,20,NORMAL
INV-0000647,2026-08-07 22:30:00,2026-08-07,MER-001-T_S-24,197,178,19,LOW
INV-0000648,2026-08-07 23:00:00,2026-08-07,MER-001-T_S-24,197,179,18,LOW
INV-0000649,2026-08-07 10:00:00,2026-08-07,MER-004-HOO-25,101,0,101,NORMAL
INV-0000650,2026-08-07 10:30:00,2026-08-07,MER-004-HOO-25,101,0,101,NORMAL
INV-0000651,2026-08-07 11:00:00,2026-08-07,MER-004-HOO-25,101,6,95,NORMAL
INV-0000652,2026-08-07 11:30:00,2026-08-07,MER-004-HOO-25,101,9,92,NORMAL
INV-0000653,2026-08-07 12:00:00,2026-08-07,MER-004-HOO-25,101,13,88,NORMAL
INV-0000654,2026-08-07 12:30:00,2026-08-07,MER-004-HOO-25,101,15,86,NORMAL
INV-0000655,2026-08-07 13:00:00,2026-08-07,MER-004-HOO-25,101,18,83,NORMAL
INV-0000656,2026-08-07 13:30:00,2026-08-07,MER-004-HOO-25,101,24,77,NORMAL
INV-0000657,2026-08-07 14:00:00,2026-08-07,MER-004-HOO-25,101,26,75,NORMAL
INV-0000658,2026-08-07 14:30:00,2026-08-07,MER-004-HOO-25,101,32,69,NORMAL
INV-0000659,2026-08-07 15:00:00,2026-08-07,MER-004-HOO-25,101,35,66,NORMAL
INV-0000660,2026-08-07 15:30:00,2026-08-07,MER-004-HOO-25,101,47,54,NORMAL
INV-0000661,2026-08-07 16:00:00,2026-08-07,MER-004-HOO-25,101,56,45,NORMAL
INV-0000662,2026-08-07 16:30:00,2026-08-07,MER-004-HOO-25,101,63,38,NORMAL
INV-0000663,2026-08-07 17:00:00,2026-08-07,MER-004-HOO-25,101,70,31,NORMAL
INV-0000664,2026-08-07 17:30:00,2026-08-07,MER-004-HOO-25,101,80,21,NORMAL
INV-0000665,2026-08-07 18:00:00,2026-08-07,MER-004-HOO-25,101,90,11,NORMAL
INV-0000666,2026-08-07 18:30:00,2026-08-07,MER-004-HOO-25,101,92,9,LOW
INV-0000667,2026-08-07 19:00:00,2026-08-07,MER-004-HOO-25,101,95,6,LOW
INV-0000668,2026-08-07 19:30:00,2026-08-07,MER-004-HOO-25,101,99,2,LOW
INV-0000669,2026-08-07 20:00:00,2026-08-07,MER-004-HOO-25,101,101,0,OUT_OF_STOCK
INV-0000670,2026-08-07 20:30:00,2026-08-07,MER-004-HOO-25,101,101,0,OUT_OF_STOCK
INV-0000671,2026-08-07 21:00:00,2026-08-07,MER-004-HOO-25,101,101,0,OUT_OF_STOCK
INV-0000672,2026-08-07 21:30:00,2026-08-07,MER-004-HOO-25,101,101,0,OUT_OF_STOCK
INV-0000673,2026-08-07 22:00:00,2026-08-07,MER-004-HOO-25,101,101,0,OUT_OF_STOCK
INV-0000674,2026-08-07 22:30:00,2026-08-07,MER-004-HOO-25,101,101,0,OUT_OF_STOCK
INV-0000675,2026-08-07 23:00:00,2026-08-07,MER-004-HOO-25,101,101,0,OUT_OF_STOCK
INV-0000676,2026-08-07 10:00:00,2026-08-07,MER-007-TOW-26,102,0,102,NORMAL
INV-0000677,2026-08-07 10:30:00,2026-08-07,MER-007-TOW-26,102,0,102,NORMAL
INV-0000678,2026-08-07 11:00:00,2026-08-07,MER-007-TOW-26,102,3,99,NORMAL
INV-0000679,2026-08-07 11:30:00,2026-08-07,MER-007-TOW-26,102,5,97,NORMAL
INV-0000680,2026-08-07 12:00:00,2026-08-07,MER-007-TOW-26,102,8,94,NORMAL
INV-0000681,2026-08-07 12:30:00,2026-08-07,MER-007-TOW-26,102,8,94,NORMAL
INV-0000682,2026-08-07 13:00:00,2026-08-07,MER-007-TOW-26,102,10,92,NORMAL
INV-0000683,2026-08-07 13:30:00,2026-08-07,MER-007-TOW-26,102,13,89,NORMAL
INV-0000684,2026-08-07 14:00:00,2026-08-07,MER-007-TOW-26,102,19,83,NORMAL
INV-0000685,2026-08-07 14:30:00,2026-08-07,MER-007-TOW-26,102,25,77,NORMAL
INV-0000686,2026-08-07 15:00:00,2026-08-07,MER-007-TOW-26,102,29,73,NORMAL
INV-0000687,2026-08-07 15:30:00,2026-08-07,MER-007-TOW-26,102,38,64,NORMAL
INV-0000688,2026-08-07 16:00:00,2026-08-07,MER-007-TOW-26,102,49,53,NORMAL
INV-0000689,2026-08-07 16:30:00,2026-08-07,MER-007-TOW-26,102,55,47,NORMAL
INV-0000690,2026-08-07 17:00:00,2026-08-07,MER-007-TOW-26,102,64,38,NORMAL
INV-0000691,2026-08-07 17:30:00,2026-08-07,MER-007-TOW-26,102,67,35,NORMAL
INV-0000692,2026-08-07 18:00:00,2026-08-07,MER-007-TOW-26,102,81,21,NORMAL
INV-0000693,2026-08-07 18:30:00,2026-08-07,MER-007-TOW-26,102,86,16,NORMAL
INV-0000694,2026-08-07 19:00:00,2026-08-07,MER-007-TOW-26,102,89,13,NORMAL
INV-0000695,2026-08-07 19:30:00,2026-08-07,MER-007-TOW-26,102,96,6,LOW
INV-0000696,2026-08-07 20:00:00,2026-08-07,MER-007-TOW-26,102,102,0,OUT_OF_STOCK
INV-0000697,2026-08-07 20:30:00,2026-08-07,MER-007-TOW-26,102,102,0,OUT_OF_STOCK
INV-0000698,2026-08-07 21:00:00,2026-08-07,MER-007-TOW-26,102,102,0,OUT_OF_STOCK
INV-0000699,2026-08-07 21:30:00,2026-08-07,MER-007-TOW-26,102,102,0,OUT_OF_STOCK
INV-0000700,2026-08-07 22:00:00,2026-08-07,MER-007-TOW-26,102,102,0,OUT_OF_STOCK
INV-0000701,2026-08-07 22:30:00,2026-08-07,MER-007-TOW-26,102,102,0,OUT_OF_STOCK
INV-0000702,2026-08-07 23:00:00,2026-08-07,MER-007-TOW-26,102,102,0,OUT_OF_STOCK
INV-0000703,2026-08-07 10:00:00,2026-08-07,MER-010-CAP-27,168,0,168,NORMAL
INV-0000704,2026-08-07 10:30:00,2026-08-07,MER-010-CAP-27,168,0,168,NORMAL
INV-0000705,2026-08-07 11:00:00,2026-08-07,MER-010-CAP-27,168,6,162,NORMAL
INV-0000706,2026-08-07 11:30:00,2026-08-07,MER-010-CAP-27,168,10,158,NORMAL
INV-0000707,2026-08-07 12:00:00,2026-08-07,MER-010-CAP-27,168,12,156,NORMAL
INV-0000708,2026-08-07 12:30:00,2026-08-07,MER-010-CAP-27,168,19,149,NORMAL
INV-0000709,2026-08-07 13:00:00,2026-08-07,MER-010-CAP-27,168,26,142,NORMAL
INV-0000710,2026-08-07 13:30:00,2026-08-07,MER-010-CAP-27,168,27,141,NORMAL
INV-0000711,2026-08-07 14:00:00,2026-08-07,MER-010-CAP-27,168,35,133,NORMAL
INV-0000712,2026-08-07 14:30:00,2026-08-07,MER-010-CAP-27,168,41,127,NORMAL
INV-0000713,2026-08-07 15:00:00,2026-08-07,MER-010-CAP-27,168,47,121,NORMAL
INV-0000714,2026-08-07 15:30:00,2026-08-07,MER-010-CAP-27,168,55,113,NORMAL
INV-0000715,2026-08-07 16:00:00,2026-08-07,MER-010-CAP-27,168,60,108,NORMAL
INV-0000716,2026-08-07 16:30:00,2026-08-07,MER-010-CAP-27,168,68,100,NORMAL
INV-0000717,2026-08-07 17:00:00,2026-08-07,MER-010-CAP-27,168,71,97,NORMAL
INV-0000718,2026-08-07 17:30:00,2026-08-07,MER-010-CAP-27,168,87,81,NORMAL
INV-0000719,2026-08-07 18:00:00,2026-08-07,MER-010-CAP-27,168,101,67,NORMAL
INV-0000720,2026-08-07 18:30:00,2026-08-07,MER-010-CAP-27,168,110,58,NORMAL
INV-0000721,2026-08-07 19:00:00,2026-08-07,MER-010-CAP-27,168,117,51,NORMAL
INV-0000722,2026-08-07 19:30:00,2026-08-07,MER-010-CAP-27,168,127,41,NORMAL
INV-0000723,2026-08-07 20:00:00,2026-08-07,MER-010-CAP-27,168,130,38,NORMAL
INV-0000724,2026-08-07 20:30:00,2026-08-07,MER-010-CAP-27,168,141,27,NORMAL
INV-0000725,2026-08-07 21:00:00,2026-08-07,MER-010-CAP-27,168,146,22,NORMAL
INV-0000726,2026-08-07 21:30:00,2026-08-07,MER-010-CAP-27,168,147,21,NORMAL
INV-0000727,2026-08-07 22:00:00,2026-08-07,MER-010-CAP-27,168,149,19,NORMAL
INV-0000728,2026-08-07 22:30:00,2026-08-07,MER-010-CAP-27,168,152,16,LOW
INV-0000729,2026-08-07 23:00:00,2026-08-07,MER-010-CAP-27,168,153,15,LOW
INV-0000730,2026-08-07 10:00:00,2026-08-07,MER-013-POS-28,171,0,171,NORMAL
INV-0000731,2026-08-07 10:30:00,2026-08-07,MER-013-POS-28,171,0,171,NORMAL
INV-0000732,2026-08-07 11:00:00,2026-08-07,MER-013-POS-28,171,3,168,NORMAL
INV-0000733,2026-08-07 11:30:00,2026-08-07,MER-013-POS-28,171,5,166,NORMAL
INV-0000734,2026-08-07 12:00:00,2026-08-07,MER-013-POS-28,171,5,166,NORMAL
INV-0000735,2026-08-07 12:30:00,2026-08-07,MER-013-POS-28,171,7,164,NORMAL
INV-0000736,2026-08-07 13:00:00,2026-08-07,MER-013-POS-28,171,9,162,NORMAL
INV-0000737,2026-08-07 13:30:00,2026-08-07,MER-013-POS-28,171,10,161,NORMAL
INV-0000738,2026-08-07 14:00:00,2026-08-07,MER-013-POS-28,171,19,152,NORMAL
INV-0000739,2026-08-07 14:30:00,2026-08-07,MER-013-POS-28,171,26,145,NORMAL
INV-0000740,2026-08-07 15:00:00,2026-08-07,MER-013-POS-28,171,35,136,NORMAL
INV-0000741,2026-08-07 15:30:00,2026-08-07,MER-013-POS-28,171,42,129,NORMAL
INV-0000742,2026-08-07 16:00:00,2026-08-07,MER-013-POS-28,171,50,121,NORMAL
INV-0000743,2026-08-07 16:30:00,2026-08-07,MER-013-POS-28,171,57,114,NORMAL
INV-0000744,2026-08-07 17:00:00,2026-08-07,MER-013-POS-28,171,63,108,NORMAL
INV-0000745,2026-08-07 17:30:00,2026-08-07,MER-013-POS-28,171,71,100,NORMAL
INV-0000746,2026-08-07 18:00:00,2026-08-07,MER-013-POS-28,171,76,95,NORMAL
INV-0000747,2026-08-07 18:30:00,2026-08-07,MER-013-POS-28,171,85,86,NORMAL
INV-0000748,2026-08-07 19:00:00,2026-08-07,MER-013-POS-28,171,94,77,NORMAL
INV-0000749,2026-08-07 19:30:00,2026-08-07,MER-013-POS-28,171,97,74,NORMAL
INV-0000750,2026-08-07 20:00:00,2026-08-07,MER-013-POS-28,171,106,65,NORMAL
INV-0000751,2026-08-07 20:30:00,2026-08-07,MER-013-POS-28,171,117,54,NORMAL
INV-0000752,2026-08-07 21:00:00,2026-08-07,MER-013-POS-28,171,122,49,NORMAL
INV-0000753,2026-08-07 21:30:00,2026-08-07,MER-013-POS-28,171,127,44,NORMAL
INV-0000754,2026-08-07 22:00:00,2026-08-07,MER-013-POS-28,171,130,41,NORMAL
INV-0000755,2026-08-07 22:30:00,2026-08-07,MER-013-POS-28,171,133,38,NORMAL
INV-0000756,2026-08-07 23:00:00,2026-08-07,MER-013-POS-28,171,134,37,NORMAL
INV-0000757,2026-08-07 10:00:00,2026-08-07,MER-016-ACC-29,196,0,196,NORMAL
INV-0000758,2026-08-07 10:30:00,2026-08-07,MER-016-ACC-29,196,0,196,NORMAL
INV-0000759,2026-08-07 11:00:00,2026-08-07,MER-016-ACC-29,196,3,193,NORMAL
INV-0000760,2026-08-07 11:30:00,2026-08-07,MER-016-ACC-29,196,6,190,NORMAL
INV-0000761,2026-08-07 12:00:00,2026-08-07,MER-016-ACC-29,196,7,189,NORMAL
INV-0000762,2026-08-07 12:30:00,2026-08-07,MER-016-ACC-29,196,8,188,NORMAL
INV-0000763,2026-08-07 13:00:00,2026-08-07,MER-016-ACC-29,196,14,182,NORMAL
INV-0000764,2026-08-07 13:30:00,2026-08-07,MER-016-ACC-29,196,17,179,NORMAL
INV-0000765,2026-08-07 14:00:00,2026-08-07,MER-016-ACC-29,196,22,174,NORMAL
INV-0000766,2026-08-07 14:30:00,2026-08-07,MER-016-ACC-29,196,25,171,NORMAL
INV-0000767,2026-08-07 15:00:00,2026-08-07,MER-016-ACC-29,196,31,165,NORMAL
INV-0000768,2026-08-07 15:30:00,2026-08-07,MER-016-ACC-29,196,37,159,NORMAL
INV-0000769,2026-08-07 16:00:00,2026-08-07,MER-016-ACC-29,196,42,154,NORMAL
INV-0000770,2026-08-07 16:30:00,2026-08-07,MER-016-ACC-29,196,52,144,NORMAL
INV-0000771,2026-08-07 17:00:00,2026-08-07,MER-016-ACC-29,196,57,139,NORMAL
INV-0000772,2026-08-07 17:30:00,2026-08-07,MER-016-ACC-29,196,66,130,NORMAL
INV-0000773,2026-08-07 18:00:00,2026-08-07,MER-016-ACC-29,196,73,123,NORMAL
INV-0000774,2026-08-07 18:30:00,2026-08-07,MER-016-ACC-29,196,78,118,NORMAL
INV-0000775,2026-08-07 19:00:00,2026-08-07,MER-016-ACC-29,196,82,114,NORMAL
INV-0000776,2026-08-07 19:30:00,2026-08-07,MER-016-ACC-29,196,89,107,NORMAL
INV-0000777,2026-08-07 20:00:00,2026-08-07,MER-016-ACC-29,196,97,99,NORMAL
INV-0000778,2026-08-07 20:30:00,2026-08-07,MER-016-ACC-29,196,104,92,NORMAL
INV-0000779,2026-08-07 21:00:00,2026-08-07,MER-016-ACC-29,196,110,86,NORMAL
INV-0000780,2026-08-07 21:30:00,2026-08-07,MER-016-ACC-29,196,115,81,NORMAL
INV-0000781,2026-08-07 22:00:00,2026-08-07,MER-016-ACC-29,196,115,81,NORMAL
INV-0000782,2026-08-07 22:30:00,2026-08-07,MER-016-ACC-29,196,116,80,NORMAL
INV-0000783,2026-08-07 23:00:00,2026-08-07,MER-016-ACC-29,196,120,76,NORMAL
INV-0000784,2026-08-07 10:00:00,2026-08-07,MER-019-T_S-30,106,0,106,NORMAL
INV-0000785,2026-08-07 10:30:00,2026-08-07,MER-019-T_S-30,106,0,106,NORMAL
INV-0000786,2026-08-07 11:00:00,2026-08-07,MER-019-T_S-30,106,0,106,NORMAL
INV-0000787,2026-08-07 11:30:00,2026-08-07,MER-019-T_S-30,106,0,106,NORMAL
INV-0000788,2026-08-07 12:00:00,2026-08-07,MER-019-T_S-30,106,0,106,NORMAL
INV-0000789,2026-08-07 12:30:00,2026-08-07,MER-019-T_S-30,106,2,104,NORMAL
INV-0000790,2026-08-07 13:00:00,2026-08-07,MER-019-T_S-30,106,4,102,NORMAL
INV-0000791,2026-08-07 13:30:00,2026-08-07,MER-019-T_S-30,106,8,98,NORMAL
INV-0000792,2026-08-07 14:00:00,2026-08-07,MER-019-T_S-30,106,15,91,NORMAL
INV-0000793,2026-08-07 14:30:00,2026-08-07,MER-019-T_S-30,106,18,88,NORMAL
INV-0000794,2026-08-07 15:00:00,2026-08-07,MER-019-T_S-30,106,26,80,NORMAL
INV-0000795,2026-08-07 15:30:00,2026-08-07,MER-019-T_S-30,106,28,78,NORMAL
INV-0000796,2026-08-07 16:00:00,2026-08-07,MER-019-T_S-30,106,31,75,NORMAL
INV-0000797,2026-08-07 16:30:00,2026-08-07,MER-019-T_S-30,106,39,67,NORMAL
INV-0000798,2026-08-07 17:00:00,2026-08-07,MER-019-T_S-30,106,45,61,NORMAL
INV-0000799,2026-08-07 17:30:00,2026-08-07,MER-019-T_S-30,106,51,55,NORMAL
INV-0000800,2026-08-07 18:00:00,2026-08-07,MER-019-T_S-30,106,58,48,NORMAL
INV-0000801,2026-08-07 18:30:00,2026-08-07,MER-019-T_S-30,106,66,40,NORMAL
INV-0000802,2026-08-07 19:00:00,2026-08-07,MER-019-T_S-30,106,76,30,NORMAL
INV-0000803,2026-08-07 19:30:00,2026-08-07,MER-019-T_S-30,106,80,26,NORMAL
INV-0000804,2026-08-07 20:00:00,2026-08-07,MER-019-T_S-30,106,87,19,NORMAL
INV-0000805,2026-08-07 20:30:00,2026-08-07,MER-019-T_S-30,106,94,12,NORMAL
INV-0000806,2026-08-07 21:00:00,2026-08-07,MER-019-T_S-30,106,99,7,LOW
INV-0000807,2026-08-07 21:30:00,2026-08-07,MER-019-T_S-30,106,105,1,LOW
INV-0000808,2026-08-07 22:00:00,2026-08-07,MER-019-T_S-30,106,106,0,OUT_OF_STOCK
INV-0000809,2026-08-07 22:30:00,2026-08-07,MER-019-T_S-30,106,106,0,OUT_OF_STOCK
INV-0000810,2026-08-07 23:00:00,2026-08-07,MER-019-T_S-30,106,106,0,OUT_OF_STOCK
INV-0000811,2026-08-08 10:00:00,2026-08-08,MER-LUN-HOOD-BLK-M,420,0,420,NORMAL
INV-0000812,2026-08-08 10:30:00,2026-08-08,MER-LUN-HOOD-BLK-M,420,0,420,NORMAL
INV-0000813,2026-08-08 11:00:00,2026-08-08,MER-LUN-HOOD-BLK-M,420,0,420,NORMAL
INV-0000814,2026-08-08 11:30:00,2026-08-08,MER-LUN-HOOD-BLK-M,420,15,405,NORMAL
INV-0000815,2026-08-08 12:00:00,2026-08-08,MER-LUN-HOOD-BLK-M,420,38,382,NORMAL
INV-0000816,2026-08-08 12:30:00,2026-08-08,MER-LUN-HOOD-BLK-M,420,65,355,NORMAL
INV-0000817,2026-08-08 13:00:00,2026-08-08,MER-LUN-HOOD-BLK-M,420,94,326,NORMAL
INV-0000818,2026-08-08 13:30:00,2026-08-08,MER-LUN-HOOD-BLK-M,420,124,296,NORMAL
INV-0000819,2026-08-08 14:00:00,2026-08-08,MER-LUN-HOOD-BLK-M,420,157,263,NORMAL
INV-0000820,2026-08-08 14:30:00,2026-08-08,MER-LUN-HOOD-BLK-M,420,189,231,NORMAL
INV-0000821,2026-08-08 15:00:00,2026-08-08,MER-LUN-HOOD-BLK-M,420,223,197,NORMAL
INV-0000822,2026-08-08 15:30:00,2026-08-08,MER-LUN-HOOD-BLK-M,420,258,162,NORMAL
INV-0000823,2026-08-08 16:00:00,2026-08-08,MER-LUN-HOOD-BLK-M,420,294,126,NORMAL
INV-0000824,2026-08-08 16:30:00,2026-08-08,MER-LUN-HOOD-BLK-M,420,331,89,NORMAL
INV-0000825,2026-08-08 17:00:00,2026-08-08,MER-LUN-HOOD-BLK-M,420,368,52,NORMAL
INV-0000826,2026-08-08 17:30:00,2026-08-08,MER-LUN-HOOD-BLK-M,420,407,13,LOW
INV-0000827,2026-08-08 18:00:00,2026-08-08,MER-LUN-HOOD-BLK-M,420,420,0,OUT_OF_STOCK
INV-0000828,2026-08-08 18:30:00,2026-08-08,MER-LUN-HOOD-BLK-M,420,420,0,OUT_OF_STOCK
INV-0000829,2026-08-08 19:00:00,2026-08-08,MER-LUN-HOOD-BLK-M,420,420,0,OUT_OF_STOCK
INV-0000830,2026-08-08 19:30:00,2026-08-08,MER-LUN-HOOD-BLK-M,420,420,0,OUT_OF_STOCK
INV-0000831,2026-08-08 20:00:00,2026-08-08,MER-LUN-HOOD-BLK-M,420,420,0,OUT_OF_STOCK
INV-0000832,2026-08-08 20:30:00,2026-08-08,MER-LUN-HOOD-BLK-M,420,420,0,OUT_OF_STOCK
INV-0000833,2026-08-08 21:00:00,2026-08-08,MER-LUN-HOOD-BLK-M,420,420,0,OUT_OF_STOCK
INV-0000834,2026-08-08 21:30:00,2026-08-08,MER-LUN-HOOD-BLK-M,420,420,0,OUT_OF_STOCK
INV-0000835,2026-08-08 22:00:00,2026-08-08,MER-LUN-HOOD-BLK-M,420,420,0,OUT_OF_STOCK
INV-0000836,2026-08-08 22:30:00,2026-08-08,MER-LUN-HOOD-BLK-M,420,420,0,OUT_OF_STOCK
INV-0000837,2026-08-08 23:00:00,2026-08-08,MER-LUN-HOOD-BLK-M,420,420,0,OUT_OF_STOCK
INV-0000838,2026-08-08 10:00:00,2026-08-08,MER-LUN-TEE-WHT-M,320,0,320,NORMAL
INV-0000839,2026-08-08 10:30:00,2026-08-08,MER-LUN-TEE-WHT-M,320,0,320,NORMAL
INV-0000840,2026-08-08 11:00:00,2026-08-08,MER-LUN-TEE-WHT-M,320,5,315,NORMAL
INV-0000841,2026-08-08 11:30:00,2026-08-08,MER-LUN-TEE-WHT-M,320,8,312,NORMAL
INV-0000842,2026-08-08 12:00:00,2026-08-08,MER-LUN-TEE-WHT-M,320,11,309,NORMAL
INV-0000843,2026-08-08 12:30:00,2026-08-08,MER-LUN-TEE-WHT-M,320,13,307,NORMAL
INV-0000844,2026-08-08 13:00:00,2026-08-08,MER-LUN-TEE-WHT-M,320,21,299,NORMAL
INV-0000845,2026-08-08 13:30:00,2026-08-08,MER-LUN-TEE-WHT-M,320,33,287,NORMAL
INV-0000846,2026-08-08 14:00:00,2026-08-08,MER-LUN-TEE-WHT-M,320,37,283,NORMAL
INV-0000847,2026-08-08 14:30:00,2026-08-08,MER-LUN-TEE-WHT-M,320,46,274,NORMAL
INV-0000848,2026-08-08 15:00:00,2026-08-08,MER-LUN-TEE-WHT-M,320,56,264,NORMAL
INV-0000849,2026-08-08 15:30:00,2026-08-08,MER-LUN-TEE-WHT-M,320,70,250,NORMAL
INV-0000850,2026-08-08 16:00:00,2026-08-08,MER-LUN-TEE-WHT-M,320,86,234,NORMAL
INV-0000851,2026-08-08 16:30:00,2026-08-08,MER-LUN-TEE-WHT-M,320,99,221,NORMAL
INV-0000852,2026-08-08 17:00:00,2026-08-08,MER-LUN-TEE-WHT-M,320,107,213,NORMAL
INV-0000853,2026-08-08 17:30:00,2026-08-08,MER-LUN-TEE-WHT-M,320,134,186,NORMAL
INV-0000854,2026-08-08 18:00:00,2026-08-08,MER-LUN-TEE-WHT-M,320,147,173,NORMAL
INV-0000855,2026-08-08 18:30:00,2026-08-08,MER-LUN-TEE-WHT-M,320,159,161,NORMAL
INV-0000856,2026-08-08 19:00:00,2026-08-08,MER-LUN-TEE-WHT-M,320,175,145,NORMAL
INV-0000857,2026-08-08 19:30:00,2026-08-08,MER-LUN-TEE-WHT-M,320,187,133,NORMAL
INV-0000858,2026-08-08 20:00:00,2026-08-08,MER-LUN-TEE-WHT-M,320,191,129,NORMAL
INV-0000859,2026-08-08 20:30:00,2026-08-08,MER-LUN-TEE-WHT-M,320,201,119,NORMAL
INV-0000860,2026-08-08 21:00:00,2026-08-08,MER-LUN-TEE-WHT-M,320,207,113,NORMAL
INV-0000861,2026-08-08 21:30:00,2026-08-08,MER-LUN-TEE-WHT-M,320,211,109,NORMAL
INV-0000862,2026-08-08 22:00:00,2026-08-08,MER-LUN-TEE-WHT-M,320,215,105,NORMAL
INV-0000863,2026-08-08 22:30:00,2026-08-08,MER-LUN-TEE-WHT-M,320,220,100,NORMAL
INV-0000864,2026-08-08 23:00:00,2026-08-08,MER-LUN-TEE-WHT-M,320,224,96,NORMAL
INV-0000865,2026-08-08 10:00:00,2026-08-08,MER-CIR-TEE-BLK-L,230,0,230,NORMAL
INV-0000866,2026-08-08 10:30:00,2026-08-08,MER-CIR-TEE-BLK-L,230,0,230,NORMAL
INV-0000867,2026-08-08 11:00:00,2026-08-08,MER-CIR-TEE-BLK-L,230,10,220,NORMAL
INV-0000868,2026-08-08 11:30:00,2026-08-08,MER-CIR-TEE-BLK-L,230,10,220,NORMAL
INV-0000869,2026-08-08 12:00:00,2026-08-08,MER-CIR-TEE-BLK-L,230,15,215,NORMAL
INV-0000870,2026-08-08 12:30:00,2026-08-08,MER-CIR-TEE-BLK-L,230,22,208,NORMAL
INV-0000871,2026-08-08 13:00:00,2026-08-08,MER-CIR-TEE-BLK-L,230,40,190,NORMAL
INV-0000872,2026-08-08 13:30:00,2026-08-08,MER-CIR-TEE-BLK-L,230,48,182,NORMAL
INV-0000873,2026-08-08 14:00:00,2026-08-08,MER-CIR-TEE-BLK-L,230,57,173,NORMAL
INV-0000874,2026-08-08 14:30:00,2026-08-08,MER-CIR-TEE-BLK-L,230,66,164,NORMAL
INV-0000875,2026-08-08 15:00:00,2026-08-08,MER-CIR-TEE-BLK-L,230,74,156,NORMAL
INV-0000876,2026-08-08 15:30:00,2026-08-08,MER-CIR-TEE-BLK-L,230,86,144,NORMAL
INV-0000877,2026-08-08 16:00:00,2026-08-08,MER-CIR-TEE-BLK-L,230,94,136,NORMAL
INV-0000878,2026-08-08 16:30:00,2026-08-08,MER-CIR-TEE-BLK-L,230,102,128,NORMAL
INV-0000879,2026-08-08 17:00:00,2026-08-08,MER-CIR-TEE-BLK-L,230,110,120,NORMAL
INV-0000880,2026-08-08 17:30:00,2026-08-08,MER-CIR-TEE-BLK-L,230,120,110,NORMAL
INV-0000881,2026-08-08 18:00:00,2026-08-08,MER-CIR-TEE-BLK-L,230,126,104,NORMAL
INV-0000882,2026-08-08 18:30:00,2026-08-08,MER-CIR-TEE-BLK-L,230,142,88,NORMAL
INV-0000883,2026-08-08 19:00:00,2026-08-08,MER-CIR-TEE-BLK-L,230,163,67,NORMAL
INV-0000884,2026-08-08 19:30:00,2026-08-08,MER-CIR-TEE-BLK-L,230,177,53,NORMAL
INV-0000885,2026-08-08 20:00:00,2026-08-08,MER-CIR-TEE-BLK-L,230,183,47,NORMAL
INV-0000886,2026-08-08 20:30:00,2026-08-08,MER-CIR-TEE-BLK-L,230,189,41,NORMAL
INV-0000887,2026-08-08 21:00:00,2026-08-08,MER-CIR-TEE-BLK-L,230,193,37,NORMAL
INV-0000888,2026-08-08 21:30:00,2026-08-08,MER-CIR-TEE-BLK-L,230,201,29,NORMAL
INV-0000889,2026-08-08 22:00:00,2026-08-08,MER-CIR-TEE-BLK-L,230,207,23,LOW
INV-0000890,2026-08-08 22:30:00,2026-08-08,MER-CIR-TEE-BLK-L,230,207,23,LOW
INV-0000891,2026-08-08 23:00:00,2026-08-08,MER-CIR-TEE-BLK-L,230,210,20,LOW
INV-0000892,2026-08-08 10:00:00,2026-08-08,MER-BYT-CAP-BLK,180,0,180,NORMAL
INV-0000893,2026-08-08 10:30:00,2026-08-08,MER-BYT-CAP-BLK,180,1,179,NORMAL
INV-0000894,2026-08-08 11:00:00,2026-08-08,MER-BYT-CAP-BLK,180,4,176,NORMAL
INV-0000895,2026-08-08 11:30:00,2026-08-08,MER-BYT-CAP-BLK,180,5,175,NORMAL
INV-0000896,2026-08-08 12:00:00,2026-08-08,MER-BYT-CAP-BLK,180,9,171,NORMAL
INV-0000897,2026-08-08 12:30:00,2026-08-08,MER-BYT-CAP-BLK,180,11,169,NORMAL
INV-0000898,2026-08-08 13:00:00,2026-08-08,MER-BYT-CAP-BLK,180,17,163,NORMAL
INV-0000899,2026-08-08 13:30:00,2026-08-08,MER-BYT-CAP-BLK,180,24,156,NORMAL
INV-0000900,2026-08-08 14:00:00,2026-08-08,MER-BYT-CAP-BLK,180,32,148,NORMAL
INV-0000901,2026-08-08 14:30:00,2026-08-08,MER-BYT-CAP-BLK,180,42,138,NORMAL
INV-0000902,2026-08-08 15:00:00,2026-08-08,MER-BYT-CAP-BLK,180,53,127,NORMAL
INV-0000903,2026-08-08 15:30:00,2026-08-08,MER-BYT-CAP-BLK,180,67,113,NORMAL
INV-0000904,2026-08-08 16:00:00,2026-08-08,MER-BYT-CAP-BLK,180,79,101,NORMAL
INV-0000905,2026-08-08 16:30:00,2026-08-08,MER-BYT-CAP-BLK,180,93,87,NORMAL
INV-0000906,2026-08-08 17:00:00,2026-08-08,MER-BYT-CAP-BLK,180,110,70,NORMAL
INV-0000907,2026-08-08 17:30:00,2026-08-08,MER-BYT-CAP-BLK,180,113,67,NORMAL
INV-0000908,2026-08-08 18:00:00,2026-08-08,MER-BYT-CAP-BLK,180,128,52,NORMAL
INV-0000909,2026-08-08 18:30:00,2026-08-08,MER-BYT-CAP-BLK,180,137,43,NORMAL
INV-0000910,2026-08-08 19:00:00,2026-08-08,MER-BYT-CAP-BLK,180,145,35,NORMAL
INV-0000911,2026-08-08 19:30:00,2026-08-08,MER-BYT-CAP-BLK,180,152,28,NORMAL
INV-0000912,2026-08-08 20:00:00,2026-08-08,MER-BYT-CAP-BLK,180,161,19,NORMAL
INV-0000913,2026-08-08 20:30:00,2026-08-08,MER-BYT-CAP-BLK,180,166,14,LOW
INV-0000914,2026-08-08 21:00:00,2026-08-08,MER-BYT-CAP-BLK,180,175,5,LOW
INV-0000915,2026-08-08 21:30:00,2026-08-08,MER-BYT-CAP-BLK,180,176,4,LOW
INV-0000916,2026-08-08 22:00:00,2026-08-08,MER-BYT-CAP-BLK,180,180,0,OUT_OF_STOCK
INV-0000917,2026-08-08 22:30:00,2026-08-08,MER-BYT-CAP-BLK,180,180,0,OUT_OF_STOCK
INV-0000918,2026-08-08 23:00:00,2026-08-08,MER-BYT-CAP-BLK,180,180,0,OUT_OF_STOCK
INV-0000919,2026-08-08 10:00:00,2026-08-08,MER-MOD-TOW-GRN,180,0,180,NORMAL
INV-0000920,2026-08-08 10:30:00,2026-08-08,MER-MOD-TOW-GRN,180,0,180,NORMAL
INV-0000921,2026-08-08 11:00:00,2026-08-08,MER-MOD-TOW-GRN,180,6,174,NORMAL
INV-0000922,2026-08-08 11:30:00,2026-08-08,MER-MOD-TOW-GRN,180,8,172,NORMAL
INV-0000923,2026-08-08 12:00:00,2026-08-08,MER-MOD-TOW-GRN,180,10,170,NORMAL
INV-0000924,2026-08-08 12:30:00,2026-08-08,MER-MOD-TOW-GRN,180,17,163,NORMAL
INV-0000925,2026-08-08 13:00:00,2026-08-08,MER-MOD-TOW-GRN,180,22,158,NORMAL
INV-0000926,2026-08-08 13:30:00,2026-08-08,MER-MOD-TOW-GRN,180,27,153,NORMAL
INV-0000927,2026-08-08 14:00:00,2026-08-08,MER-MOD-TOW-GRN,180,33,147,NORMAL
INV-0000928,2026-08-08 14:30:00,2026-08-08,MER-MOD-TOW-GRN,180,40,140,NORMAL
INV-0000929,2026-08-08 15:00:00,2026-08-08,MER-MOD-TOW-GRN,180,49,131,NORMAL
INV-0000930,2026-08-08 15:30:00,2026-08-08,MER-MOD-TOW-GRN,180,59,121,NORMAL
INV-0000931,2026-08-08 16:00:00,2026-08-08,MER-MOD-TOW-GRN,180,68,112,NORMAL
INV-0000932,2026-08-08 16:30:00,2026-08-08,MER-MOD-TOW-GRN,180,72,108,NORMAL
INV-0000933,2026-08-08 17:00:00,2026-08-08,MER-MOD-TOW-GRN,180,75,105,NORMAL
INV-0000934,2026-08-08 17:30:00,2026-08-08,MER-MOD-TOW-GRN,180,83,97,NORMAL
INV-0000935,2026-08-08 18:00:00,2026-08-08,MER-MOD-TOW-GRN,180,92,88,NORMAL
INV-0000936,2026-08-08 18:30:00,2026-08-08,MER-MOD-TOW-GRN,180,99,81,NORMAL
INV-0000937,2026-08-08 19:00:00,2026-08-08,MER-MOD-TOW-GRN,180,105,75,NORMAL
INV-0000938,2026-08-08 19:30:00,2026-08-08,MER-MOD-TOW-GRN,180,114,66,NORMAL
INV-0000939,2026-08-08 20:00:00,2026-08-08,MER-MOD-TOW-GRN,180,121,59,NORMAL
INV-0000940,2026-08-08 20:30:00,2026-08-08,MER-MOD-TOW-GRN,180,126,54,NORMAL
INV-0000941,2026-08-08 21:00:00,2026-08-08,MER-MOD-TOW-GRN,180,126,54,NORMAL
INV-0000942,2026-08-08 21:30:00,2026-08-08,MER-MOD-TOW-GRN,180,128,52,NORMAL
INV-0000943,2026-08-08 22:00:00,2026-08-08,MER-MOD-TOW-GRN,180,133,47,NORMAL
INV-0000944,2026-08-08 22:30:00,2026-08-08,MER-MOD-TOW-GRN,180,135,45,NORMAL
INV-0000945,2026-08-08 23:00:00,2026-08-08,MER-MOD-TOW-GRN,180,136,44,NORMAL
INV-0000946,2026-08-08 10:00:00,2026-08-08,MER-PUL-TEE-NVY-M,220,0,220,NORMAL
INV-0000947,2026-08-08 10:30:00,2026-08-08,MER-PUL-TEE-NVY-M,220,0,220,NORMAL
INV-0000948,2026-08-08 11:00:00,2026-08-08,MER-PUL-TEE-NVY-M,220,2,218,NORMAL
INV-0000949,2026-08-08 11:30:00,2026-08-08,MER-PUL-TEE-NVY-M,220,5,215,NORMAL
INV-0000950,2026-08-08 12:00:00,2026-08-08,MER-PUL-TEE-NVY-M,220,10,210,NORMAL
INV-0000951,2026-08-08 12:30:00,2026-08-08,MER-PUL-TEE-NVY-M,220,14,206,NORMAL
INV-0000952,2026-08-08 13:00:00,2026-08-08,MER-PUL-TEE-NVY-M,220,17,203,NORMAL
INV-0000953,2026-08-08 13:30:00,2026-08-08,MER-PUL-TEE-NVY-M,220,23,197,NORMAL
INV-0000954,2026-08-08 14:00:00,2026-08-08,MER-PUL-TEE-NVY-M,220,31,189,NORMAL
INV-0000955,2026-08-08 14:30:00,2026-08-08,MER-PUL-TEE-NVY-M,220,43,177,NORMAL
INV-0000956,2026-08-08 15:00:00,2026-08-08,MER-PUL-TEE-NVY-M,220,52,168,NORMAL
INV-0000957,2026-08-08 15:30:00,2026-08-08,MER-PUL-TEE-NVY-M,220,61,159,NORMAL
INV-0000958,2026-08-08 16:00:00,2026-08-08,MER-PUL-TEE-NVY-M,220,68,152,NORMAL
INV-0000959,2026-08-08 16:30:00,2026-08-08,MER-PUL-TEE-NVY-M,220,81,139,NORMAL
INV-0000960,2026-08-08 17:00:00,2026-08-08,MER-PUL-TEE-NVY-M,220,90,130,NORMAL
INV-0000961,2026-08-08 17:30:00,2026-08-08,MER-PUL-TEE-NVY-M,220,98,122,NORMAL
INV-0000962,2026-08-08 18:00:00,2026-08-08,MER-PUL-TEE-NVY-M,220,103,117,NORMAL
INV-0000963,2026-08-08 18:30:00,2026-08-08,MER-PUL-TEE-NVY-M,220,107,113,NORMAL
INV-0000964,2026-08-08 19:00:00,2026-08-08,MER-PUL-TEE-NVY-M,220,113,107,NORMAL
INV-0000965,2026-08-08 19:30:00,2026-08-08,MER-PUL-TEE-NVY-M,220,116,104,NORMAL
INV-0000966,2026-08-08 20:00:00,2026-08-08,MER-PUL-TEE-NVY-M,220,125,95,NORMAL
INV-0000967,2026-08-08 20:30:00,2026-08-08,MER-PUL-TEE-NVY-M,220,134,86,NORMAL
INV-0000968,2026-08-08 21:00:00,2026-08-08,MER-PUL-TEE-NVY-M,220,137,83,NORMAL
INV-0000969,2026-08-08 21:30:00,2026-08-08,MER-PUL-TEE-NVY-M,220,144,76,NORMAL
INV-0000970,2026-08-08 22:00:00,2026-08-08,MER-PUL-TEE-NVY-M,220,147,73,NORMAL
INV-0000971,2026-08-08 22:30:00,2026-08-08,MER-PUL-TEE-NVY-M,220,147,73,NORMAL
INV-0000972,2026-08-08 23:00:00,2026-08-08,MER-PUL-TEE-NVY-M,220,147,73,NORMAL
INV-0000973,2026-08-08 10:00:00,2026-08-08,MER-FES-TEE-2026,650,0,650,NORMAL
INV-0000974,2026-08-08 10:30:00,2026-08-08,MER-FES-TEE-2026,650,0,650,NORMAL
INV-0000975,2026-08-08 11:00:00,2026-08-08,MER-FES-TEE-2026,650,3,647,NORMAL
INV-0000976,2026-08-08 11:30:00,2026-08-08,MER-FES-TEE-2026,650,4,646,NORMAL
INV-0000977,2026-08-08 12:00:00,2026-08-08,MER-FES-TEE-2026,650,6,644,NORMAL
INV-0000978,2026-08-08 12:30:00,2026-08-08,MER-FES-TEE-2026,650,9,641,NORMAL
INV-0000979,2026-08-08 13:00:00,2026-08-08,MER-FES-TEE-2026,650,15,635,NORMAL
INV-0000980,2026-08-08 13:30:00,2026-08-08,MER-FES-TEE-2026,650,21,629,NORMAL
INV-0000981,2026-08-08 14:00:00,2026-08-08,MER-FES-TEE-2026,650,27,623,NORMAL
INV-0000982,2026-08-08 14:30:00,2026-08-08,MER-FES-TEE-2026,650,33,617,NORMAL
INV-0000983,2026-08-08 15:00:00,2026-08-08,MER-FES-TEE-2026,650,37,613,NORMAL
INV-0000984,2026-08-08 15:30:00,2026-08-08,MER-FES-TEE-2026,650,40,610,NORMAL
INV-0000985,2026-08-08 16:00:00,2026-08-08,MER-FES-TEE-2026,650,48,602,NORMAL
INV-0000986,2026-08-08 16:30:00,2026-08-08,MER-FES-TEE-2026,650,56,594,NORMAL
INV-0000987,2026-08-08 17:00:00,2026-08-08,MER-FES-TEE-2026,650,64,586,NORMAL
INV-0000988,2026-08-08 17:30:00,2026-08-08,MER-FES-TEE-2026,650,78,572,NORMAL
INV-0000989,2026-08-08 18:00:00,2026-08-08,MER-FES-TEE-2026,650,85,565,NORMAL
INV-0000990,2026-08-08 18:30:00,2026-08-08,MER-FES-TEE-2026,650,94,556,NORMAL
INV-0000991,2026-08-08 19:00:00,2026-08-08,MER-FES-TEE-2026,650,103,547,NORMAL
INV-0000992,2026-08-08 19:30:00,2026-08-08,MER-FES-TEE-2026,650,117,533,NORMAL
INV-0000993,2026-08-08 20:00:00,2026-08-08,MER-FES-TEE-2026,650,123,527,NORMAL
INV-0000994,2026-08-08 20:30:00,2026-08-08,MER-FES-TEE-2026,650,129,521,NORMAL
INV-0000995,2026-08-08 21:00:00,2026-08-08,MER-FES-TEE-2026,650,134,516,NORMAL
INV-0000996,2026-08-08 21:30:00,2026-08-08,MER-FES-TEE-2026,650,138,512,NORMAL
INV-0000997,2026-08-08 22:00:00,2026-08-08,MER-FES-TEE-2026,650,141,509,NORMAL
INV-0000998,2026-08-08 22:30:00,2026-08-08,MER-FES-TEE-2026,650,145,505,NORMAL
INV-0000999,2026-08-08 23:00:00,2026-08-08,MER-FES-TEE-2026,650,147,503,NORMAL
INV-0001000,2026-08-08 10:00:00,2026-08-08,MER-FES-TOW-2026,800,0,800,NORMAL
INV-0001001,2026-08-08 10:30:00,2026-08-08,MER-FES-TOW-2026,800,0,800,NORMAL
INV-0001002,2026-08-08 11:00:00,2026-08-08,MER-FES-TOW-2026,800,4,796,NORMAL
INV-0001003,2026-08-08 11:30:00,2026-08-08,MER-FES-TOW-2026,800,8,792,NORMAL
INV-0001004,2026-08-08 12:00:00,2026-08-08,MER-FES-TOW-2026,800,9,791,NORMAL
INV-0001005,2026-08-08 12:30:00,2026-08-08,MER-FES-TOW-2026,800,12,788,NORMAL
INV-0001006,2026-08-08 13:00:00,2026-08-08,MER-FES-TOW-2026,800,13,787,NORMAL
INV-0001007,2026-08-08 13:30:00,2026-08-08,MER-FES-TOW-2026,800,14,786,NORMAL
INV-0001008,2026-08-08 14:00:00,2026-08-08,MER-FES-TOW-2026,800,20,780,NORMAL
INV-0001009,2026-08-08 14:30:00,2026-08-08,MER-FES-TOW-2026,800,24,776,NORMAL
INV-0001010,2026-08-08 15:00:00,2026-08-08,MER-FES-TOW-2026,800,29,771,NORMAL
INV-0001011,2026-08-08 15:30:00,2026-08-08,MER-FES-TOW-2026,800,33,767,NORMAL
INV-0001012,2026-08-08 16:00:00,2026-08-08,MER-FES-TOW-2026,800,45,755,NORMAL
INV-0001013,2026-08-08 16:30:00,2026-08-08,MER-FES-TOW-2026,800,53,747,NORMAL
INV-0001014,2026-08-08 17:00:00,2026-08-08,MER-FES-TOW-2026,800,65,735,NORMAL
INV-0001015,2026-08-08 17:30:00,2026-08-08,MER-FES-TOW-2026,800,72,728,NORMAL
INV-0001016,2026-08-08 18:00:00,2026-08-08,MER-FES-TOW-2026,800,78,722,NORMAL
INV-0001017,2026-08-08 18:30:00,2026-08-08,MER-FES-TOW-2026,800,84,716,NORMAL
INV-0001018,2026-08-08 19:00:00,2026-08-08,MER-FES-TOW-2026,800,92,708,NORMAL
INV-0001019,2026-08-08 19:30:00,2026-08-08,MER-FES-TOW-2026,800,96,704,NORMAL
INV-0001020,2026-08-08 20:00:00,2026-08-08,MER-FES-TOW-2026,800,102,698,NORMAL
INV-0001021,2026-08-08 20:30:00,2026-08-08,MER-FES-TOW-2026,800,107,693,NORMAL
INV-0001022,2026-08-08 21:00:00,2026-08-08,MER-FES-TOW-2026,800,112,688,NORMAL
INV-0001023,2026-08-08 21:30:00,2026-08-08,MER-FES-TOW-2026,800,115,685,NORMAL
INV-0001024,2026-08-08 22:00:00,2026-08-08,MER-FES-TOW-2026,800,119,681,NORMAL
INV-0001025,2026-08-08 22:30:00,2026-08-08,MER-FES-TOW-2026,800,121,679,NORMAL
INV-0001026,2026-08-08 23:00:00,2026-08-08,MER-FES-TOW-2026,800,123,677,NORMAL
INV-0001027,2026-08-08 10:00:00,2026-08-08,MER-FES-USB-SAMPLE,250,0,250,NORMAL
INV-0001028,2026-08-08 10:30:00,2026-08-08,MER-FES-USB-SAMPLE,250,0,250,NORMAL
INV-0001029,2026-08-08 11:00:00,2026-08-08,MER-FES-USB-SAMPLE,250,7,243,NORMAL
INV-0001030,2026-08-08 11:30:00,2026-08-08,MER-FES-USB-SAMPLE,250,9,241,NORMAL
INV-0001031,2026-08-08 12:00:00,2026-08-08,MER-FES-USB-SAMPLE,250,11,239,NORMAL
INV-0001032,2026-08-08 12:30:00,2026-08-08,MER-FES-USB-SAMPLE,250,16,234,NORMAL
INV-0001033,2026-08-08 13:00:00,2026-08-08,MER-FES-USB-SAMPLE,250,18,232,NORMAL
INV-0001034,2026-08-08 13:30:00,2026-08-08,MER-FES-USB-SAMPLE,250,20,230,NORMAL
INV-0001035,2026-08-08 14:00:00,2026-08-08,MER-FES-USB-SAMPLE,250,29,221,NORMAL
INV-0001036,2026-08-08 14:30:00,2026-08-08,MER-FES-USB-SAMPLE,250,37,213,NORMAL
INV-0001037,2026-08-08 15:00:00,2026-08-08,MER-FES-USB-SAMPLE,250,46,204,NORMAL
INV-0001038,2026-08-08 15:30:00,2026-08-08,MER-FES-USB-SAMPLE,250,59,191,NORMAL
INV-0001039,2026-08-08 16:00:00,2026-08-08,MER-FES-USB-SAMPLE,250,65,185,NORMAL
INV-0001040,2026-08-08 16:30:00,2026-08-08,MER-FES-USB-SAMPLE,250,72,178,NORMAL
INV-0001041,2026-08-08 17:00:00,2026-08-08,MER-FES-USB-SAMPLE,250,76,174,NORMAL
INV-0001042,2026-08-08 17:30:00,2026-08-08,MER-FES-USB-SAMPLE,250,88,162,NORMAL
INV-0001043,2026-08-08 18:00:00,2026-08-08,MER-FES-USB-SAMPLE,250,98,152,NORMAL
INV-0001044,2026-08-08 18:30:00,2026-08-08,MER-FES-USB-SAMPLE,250,107,143,NORMAL
INV-0001045,2026-08-08 19:00:00,2026-08-08,MER-FES-USB-SAMPLE,250,120,130,NORMAL
INV-0001046,2026-08-08 19:30:00,2026-08-08,MER-FES-USB-SAMPLE,250,124,126,NORMAL
INV-0001047,2026-08-08 20:00:00,2026-08-08,MER-FES-USB-SAMPLE,250,128,122,NORMAL
INV-0001048,2026-08-08 20:30:00,2026-08-08,MER-FES-USB-SAMPLE,250,132,118,NORMAL
INV-0001049,2026-08-08 21:00:00,2026-08-08,MER-FES-USB-SAMPLE,250,136,114,NORMAL
INV-0001050,2026-08-08 21:30:00,2026-08-08,MER-FES-USB-SAMPLE,250,138,112,NORMAL
INV-0001051,2026-08-08 22:00:00,2026-08-08,MER-FES-USB-SAMPLE,250,140,110,NORMAL
INV-0001052,2026-08-08 22:30:00,2026-08-08,MER-FES-USB-SAMPLE,250,140,110,NORMAL
INV-0001053,2026-08-08 23:00:00,2026-08-08,MER-FES-USB-SAMPLE,250,142,108,NORMAL
INV-0001054,2026-08-08 10:00:00,2026-08-08,MER-FES-EARPLUG,550,0,550,NORMAL
INV-0001055,2026-08-08 10:30:00,2026-08-08,MER-FES-EARPLUG,550,0,550,NORMAL
INV-0001056,2026-08-08 11:00:00,2026-08-08,MER-FES-EARPLUG,550,4,546,NORMAL
INV-0001057,2026-08-08 11:30:00,2026-08-08,MER-FES-EARPLUG,550,5,545,NORMAL
INV-0001058,2026-08-08 12:00:00,2026-08-08,MER-FES-EARPLUG,550,7,543,NORMAL
INV-0001059,2026-08-08 12:30:00,2026-08-08,MER-FES-EARPLUG,550,12,538,NORMAL
INV-0001060,2026-08-08 13:00:00,2026-08-08,MER-FES-EARPLUG,550,16,534,NORMAL
INV-0001061,2026-08-08 13:30:00,2026-08-08,MER-FES-EARPLUG,550,18,532,NORMAL
INV-0001062,2026-08-08 14:00:00,2026-08-08,MER-FES-EARPLUG,550,26,524,NORMAL
INV-0001063,2026-08-08 14:30:00,2026-08-08,MER-FES-EARPLUG,550,32,518,NORMAL
INV-0001064,2026-08-08 15:00:00,2026-08-08,MER-FES-EARPLUG,550,40,510,NORMAL
INV-0001065,2026-08-08 15:30:00,2026-08-08,MER-FES-EARPLUG,550,49,501,NORMAL
INV-0001066,2026-08-08 16:00:00,2026-08-08,MER-FES-EARPLUG,550,55,495,NORMAL
INV-0001067,2026-08-08 16:30:00,2026-08-08,MER-FES-EARPLUG,550,62,488,NORMAL
INV-0001068,2026-08-08 17:00:00,2026-08-08,MER-FES-EARPLUG,550,74,476,NORMAL
INV-0001069,2026-08-08 17:30:00,2026-08-08,MER-FES-EARPLUG,550,82,468,NORMAL
INV-0001070,2026-08-08 18:00:00,2026-08-08,MER-FES-EARPLUG,550,93,457,NORMAL
INV-0001071,2026-08-08 18:30:00,2026-08-08,MER-FES-EARPLUG,550,105,445,NORMAL
INV-0001072,2026-08-08 19:00:00,2026-08-08,MER-FES-EARPLUG,550,112,438,NORMAL
INV-0001073,2026-08-08 19:30:00,2026-08-08,MER-FES-EARPLUG,550,120,430,NORMAL
INV-0001074,2026-08-08 20:00:00,2026-08-08,MER-FES-EARPLUG,550,128,422,NORMAL
INV-0001075,2026-08-08 20:30:00,2026-08-08,MER-FES-EARPLUG,550,139,411,NORMAL
INV-0001076,2026-08-08 21:00:00,2026-08-08,MER-FES-EARPLUG,550,145,405,NORMAL
INV-0001077,2026-08-08 21:30:00,2026-08-08,MER-FES-EARPLUG,550,148,402,NORMAL
INV-0001078,2026-08-08 22:00:00,2026-08-08,MER-FES-EARPLUG,550,150,400,NORMAL
INV-0001079,2026-08-08 22:30:00,2026-08-08,MER-FES-EARPLUG,550,152,398,NORMAL
INV-0001080,2026-08-08 23:00:00,2026-08-08,MER-FES-EARPLUG,550,155,395,NORMAL
INV-0001081,2026-08-08 10:00:00,2026-08-08,MER-034-ACC-11,228,0,228,NORMAL
INV-0001082,2026-08-08 10:30:00,2026-08-08,MER-034-ACC-11,228,0,228,NORMAL
INV-0001083,2026-08-08 11:00:00,2026-08-08,MER-034-ACC-11,228,1,227,NORMAL
INV-0001084,2026-08-08 11:30:00,2026-08-08,MER-034-ACC-11,228,1,227,NORMAL
INV-0001085,2026-08-08 12:00:00,2026-08-08,MER-034-ACC-11,228,1,227,NORMAL
INV-0001086,2026-08-08 12:30:00,2026-08-08,MER-034-ACC-11,228,6,222,NORMAL
INV-0001087,2026-08-08 13:00:00,2026-08-08,MER-034-ACC-11,228,9,219,NORMAL
INV-0001088,2026-08-08 13:30:00,2026-08-08,MER-034-ACC-11,228,14,214,NORMAL
INV-0001089,2026-08-08 14:00:00,2026-08-08,MER-034-ACC-11,228,17,211,NORMAL
INV-0001090,2026-08-08 14:30:00,2026-08-08,MER-034-ACC-11,228,21,207,NORMAL
INV-0001091,2026-08-08 15:00:00,2026-08-08,MER-034-ACC-11,228,32,196,NORMAL
INV-0001092,2026-08-08 15:30:00,2026-08-08,MER-034-ACC-11,228,41,187,NORMAL
INV-0001093,2026-08-08 16:00:00,2026-08-08,MER-034-ACC-11,228,49,179,NORMAL
INV-0001094,2026-08-08 16:30:00,2026-08-08,MER-034-ACC-11,228,60,168,NORMAL
INV-0001095,2026-08-08 17:00:00,2026-08-08,MER-034-ACC-11,228,75,153,NORMAL
INV-0001096,2026-08-08 17:30:00,2026-08-08,MER-034-ACC-11,228,82,146,NORMAL
INV-0001097,2026-08-08 18:00:00,2026-08-08,MER-034-ACC-11,228,89,139,NORMAL
INV-0001098,2026-08-08 18:30:00,2026-08-08,MER-034-ACC-11,228,98,130,NORMAL
INV-0001099,2026-08-08 19:00:00,2026-08-08,MER-034-ACC-11,228,104,124,NORMAL
INV-0001100,2026-08-08 19:30:00,2026-08-08,MER-034-ACC-11,228,113,115,NORMAL
INV-0001101,2026-08-08 20:00:00,2026-08-08,MER-034-ACC-11,228,116,112,NORMAL
INV-0001102,2026-08-08 20:30:00,2026-08-08,MER-034-ACC-11,228,118,110,NORMAL
INV-0001103,2026-08-08 21:00:00,2026-08-08,MER-034-ACC-11,228,125,103,NORMAL
INV-0001104,2026-08-08 21:30:00,2026-08-08,MER-034-ACC-11,228,127,101,NORMAL
INV-0001105,2026-08-08 22:00:00,2026-08-08,MER-034-ACC-11,228,129,99,NORMAL
INV-0001106,2026-08-08 22:30:00,2026-08-08,MER-034-ACC-11,228,133,95,NORMAL
INV-0001107,2026-08-08 23:00:00,2026-08-08,MER-034-ACC-11,228,134,94,NORMAL
INV-0001108,2026-08-08 10:00:00,2026-08-08,MER-001-T_S-12,127,0,127,NORMAL
INV-0001109,2026-08-08 10:30:00,2026-08-08,MER-001-T_S-12,127,0,127,NORMAL
INV-0001110,2026-08-08 11:00:00,2026-08-08,MER-001-T_S-12,127,6,121,NORMAL
INV-0001111,2026-08-08 11:30:00,2026-08-08,MER-001-T_S-12,127,9,118,NORMAL
INV-0001112,2026-08-08 12:00:00,2026-08-08,MER-001-T_S-12,127,13,114,NORMAL
INV-0001113,2026-08-08 12:30:00,2026-08-08,MER-001-T_S-12,127,19,108,NORMAL
INV-0001114,2026-08-08 13:00:00,2026-08-08,MER-001-T_S-12,127,22,105,NORMAL
INV-0001115,2026-08-08 13:30:00,2026-08-08,MER-001-T_S-12,127,26,101,NORMAL
INV-0001116,2026-08-08 14:00:00,2026-08-08,MER-001-T_S-12,127,38,89,NORMAL
INV-0001117,2026-08-08 14:30:00,2026-08-08,MER-001-T_S-12,127,44,83,NORMAL
INV-0001118,2026-08-08 15:00:00,2026-08-08,MER-001-T_S-12,127,53,74,NORMAL
INV-0001119,2026-08-08 15:30:00,2026-08-08,MER-001-T_S-12,127,64,63,NORMAL
INV-0001120,2026-08-08 16:00:00,2026-08-08,MER-001-T_S-12,127,71,56,NORMAL
INV-0001121,2026-08-08 16:30:00,2026-08-08,MER-001-T_S-12,127,84,43,NORMAL
INV-0001122,2026-08-08 17:00:00,2026-08-08,MER-001-T_S-12,127,103,24,NORMAL
INV-0001123,2026-08-08 17:30:00,2026-08-08,MER-001-T_S-12,127,113,14,NORMAL
INV-0001124,2026-08-08 18:00:00,2026-08-08,MER-001-T_S-12,127,127,0,OUT_OF_STOCK
INV-0001125,2026-08-08 18:30:00,2026-08-08,MER-001-T_S-12,127,127,0,OUT_OF_STOCK
INV-0001126,2026-08-08 19:00:00,2026-08-08,MER-001-T_S-12,127,127,0,OUT_OF_STOCK
INV-0001127,2026-08-08 19:30:00,2026-08-08,MER-001-T_S-12,127,127,0,OUT_OF_STOCK
INV-0001128,2026-08-08 20:00:00,2026-08-08,MER-001-T_S-12,127,127,0,OUT_OF_STOCK
INV-0001129,2026-08-08 20:30:00,2026-08-08,MER-001-T_S-12,127,127,0,OUT_OF_STOCK
INV-0001130,2026-08-08 21:00:00,2026-08-08,MER-001-T_S-12,127,127,0,OUT_OF_STOCK
INV-0001131,2026-08-08 21:30:00,2026-08-08,MER-001-T_S-12,127,127,0,OUT_OF_STOCK
INV-0001132,2026-08-08 22:00:00,2026-08-08,MER-001-T_S-12,127,127,0,OUT_OF_STOCK
INV-0001133,2026-08-08 22:30:00,2026-08-08,MER-001-T_S-12,127,127,0,OUT_OF_STOCK
INV-0001134,2026-08-08 23:00:00,2026-08-08,MER-001-T_S-12,127,127,0,OUT_OF_STOCK
INV-0001135,2026-08-08 10:00:00,2026-08-08,MER-004-HOO-13,153,0,153,NORMAL
INV-0001136,2026-08-08 10:30:00,2026-08-08,MER-004-HOO-13,153,0,153,NORMAL
INV-0001137,2026-08-08 11:00:00,2026-08-08,MER-004-HOO-13,153,7,146,NORMAL
INV-0001138,2026-08-08 11:30:00,2026-08-08,MER-004-HOO-13,153,8,145,NORMAL
INV-0001139,2026-08-08 12:00:00,2026-08-08,MER-004-HOO-13,153,9,144,NORMAL
INV-0001140,2026-08-08 12:30:00,2026-08-08,MER-004-HOO-13,153,13,140,NORMAL
INV-0001141,2026-08-08 13:00:00,2026-08-08,MER-004-HOO-13,153,17,136,NORMAL
INV-0001142,2026-08-08 13:30:00,2026-08-08,MER-004-HOO-13,153,27,126,NORMAL
INV-0001143,2026-08-08 14:00:00,2026-08-08,MER-004-HOO-13,153,31,122,NORMAL
INV-0001144,2026-08-08 14:30:00,2026-08-08,MER-004-HOO-13,153,32,121,NORMAL
INV-0001145,2026-08-08 15:00:00,2026-08-08,MER-004-HOO-13,153,41,112,NORMAL
INV-0001146,2026-08-08 15:30:00,2026-08-08,MER-004-HOO-13,153,44,109,NORMAL
INV-0001147,2026-08-08 16:00:00,2026-08-08,MER-004-HOO-13,153,53,100,NORMAL
INV-0001148,2026-08-08 16:30:00,2026-08-08,MER-004-HOO-13,153,63,90,NORMAL
INV-0001149,2026-08-08 17:00:00,2026-08-08,MER-004-HOO-13,153,73,80,NORMAL
INV-0001150,2026-08-08 17:30:00,2026-08-08,MER-004-HOO-13,153,79,74,NORMAL
INV-0001151,2026-08-08 18:00:00,2026-08-08,MER-004-HOO-13,153,89,64,NORMAL
INV-0001152,2026-08-08 18:30:00,2026-08-08,MER-004-HOO-13,153,96,57,NORMAL
INV-0001153,2026-08-08 19:00:00,2026-08-08,MER-004-HOO-13,153,102,51,NORMAL
INV-0001154,2026-08-08 19:30:00,2026-08-08,MER-004-HOO-13,153,108,45,NORMAL
INV-0001155,2026-08-08 20:00:00,2026-08-08,MER-004-HOO-13,153,116,37,NORMAL
INV-0001156,2026-08-08 20:30:00,2026-08-08,MER-004-HOO-13,153,118,35,NORMAL
INV-0001157,2026-08-08 21:00:00,2026-08-08,MER-004-HOO-13,153,123,30,NORMAL
INV-0001158,2026-08-08 21:30:00,2026-08-08,MER-004-HOO-13,153,127,26,NORMAL
INV-0001159,2026-08-08 22:00:00,2026-08-08,MER-004-HOO-13,153,130,23,NORMAL
INV-0001160,2026-08-08 22:30:00,2026-08-08,MER-004-HOO-13,153,131,22,NORMAL
INV-0001161,2026-08-08 23:00:00,2026-08-08,MER-004-HOO-13,153,133,20,NORMAL
INV-0001162,2026-08-08 10:00:00,2026-08-08,MER-007-TOW-14,198,0,198,NORMAL
INV-0001163,2026-08-08 10:30:00,2026-08-08,MER-007-TOW-14,198,0,198,NORMAL
INV-0001164,2026-08-08 11:00:00,2026-08-08,MER-007-TOW-14,198,3,195,NORMAL
INV-0001165,2026-08-08 11:30:00,2026-08-08,MER-007-TOW-14,198,3,195,NORMAL
INV-0001166,2026-08-08 12:00:00,2026-08-08,MER-007-TOW-14,198,4,194,NORMAL
INV-0001167,2026-08-08 12:30:00,2026-08-08,MER-007-TOW-14,198,5,193,NORMAL
INV-0001168,2026-08-08 13:00:00,2026-08-08,MER-007-TOW-14,198,6,192,NORMAL
INV-0001169,2026-08-08 13:30:00,2026-08-08,MER-007-TOW-14,198,9,189,NORMAL
INV-0001170,2026-08-08 14:00:00,2026-08-08,MER-007-TOW-14,198,12,186,NORMAL
INV-0001171,2026-08-08 14:30:00,2026-08-08,MER-007-TOW-14,198,17,181,NORMAL
INV-0001172,2026-08-08 15:00:00,2026-08-08,MER-007-TOW-14,198,26,172,NORMAL
INV-0001173,2026-08-08 15:30:00,2026-08-08,MER-007-TOW-14,198,31,167,NORMAL
INV-0001174,2026-08-08 16:00:00,2026-08-08,MER-007-TOW-14,198,41,157,NORMAL
INV-0001175,2026-08-08 16:30:00,2026-08-08,MER-007-TOW-14,198,52,146,NORMAL
INV-0001176,2026-08-08 17:00:00,2026-08-08,MER-007-TOW-14,198,63,135,NORMAL
INV-0001177,2026-08-08 17:30:00,2026-08-08,MER-007-TOW-14,198,72,126,NORMAL
INV-0001178,2026-08-08 18:00:00,2026-08-08,MER-007-TOW-14,198,74,124,NORMAL
INV-0001179,2026-08-08 18:30:00,2026-08-08,MER-007-TOW-14,198,81,117,NORMAL
INV-0001180,2026-08-08 19:00:00,2026-08-08,MER-007-TOW-14,198,89,109,NORMAL
INV-0001181,2026-08-08 19:30:00,2026-08-08,MER-007-TOW-14,198,96,102,NORMAL
INV-0001182,2026-08-08 20:00:00,2026-08-08,MER-007-TOW-14,198,102,96,NORMAL
INV-0001183,2026-08-08 20:30:00,2026-08-08,MER-007-TOW-14,198,113,85,NORMAL
INV-0001184,2026-08-08 21:00:00,2026-08-08,MER-007-TOW-14,198,121,77,NORMAL
INV-0001185,2026-08-08 21:30:00,2026-08-08,MER-007-TOW-14,198,122,76,NORMAL
INV-0001186,2026-08-08 22:00:00,2026-08-08,MER-007-TOW-14,198,123,75,NORMAL
INV-0001187,2026-08-08 22:30:00,2026-08-08,MER-007-TOW-14,198,123,75,NORMAL
INV-0001188,2026-08-08 23:00:00,2026-08-08,MER-007-TOW-14,198,124,74,NORMAL
INV-0001189,2026-08-08 10:00:00,2026-08-08,MER-010-CAP-15,200,0,200,NORMAL
INV-0001190,2026-08-08 10:30:00,2026-08-08,MER-010-CAP-15,200,0,200,NORMAL
INV-0001191,2026-08-08 11:00:00,2026-08-08,MER-010-CAP-15,200,7,193,NORMAL
INV-0001192,2026-08-08 11:30:00,2026-08-08,MER-010-CAP-15,200,14,186,NORMAL
INV-0001193,2026-08-08 12:00:00,2026-08-08,MER-010-CAP-15,200,15,185,NORMAL
INV-0001194,2026-08-08 12:30:00,2026-08-08,MER-010-CAP-15,200,18,182,NORMAL
INV-0001195,2026-08-08 13:00:00,2026-08-08,MER-010-CAP-15,200,25,175,NORMAL
INV-0001196,2026-08-08 13:30:00,2026-08-08,MER-010-CAP-15,200,25,175,NORMAL
INV-0001197,2026-08-08 14:00:00,2026-08-08,MER-010-CAP-15,200,29,171,NORMAL
INV-0001198,2026-08-08 14:30:00,2026-08-08,MER-010-CAP-15,200,31,169,NORMAL
INV-0001199,2026-08-08 15:00:00,2026-08-08,MER-010-CAP-15,200,40,160,NORMAL
INV-0001200,2026-08-08 15:30:00,2026-08-08,MER-010-CAP-15,200,47,153,NORMAL
INV-0001201,2026-08-08 16:00:00,2026-08-08,MER-010-CAP-15,200,59,141,NORMAL
INV-0001202,2026-08-08 16:30:00,2026-08-08,MER-010-CAP-15,200,66,134,NORMAL
INV-0001203,2026-08-08 17:00:00,2026-08-08,MER-010-CAP-15,200,71,129,NORMAL
INV-0001204,2026-08-08 17:30:00,2026-08-08,MER-010-CAP-15,200,80,120,NORMAL
INV-0001205,2026-08-08 18:00:00,2026-08-08,MER-010-CAP-15,200,92,108,NORMAL
INV-0001206,2026-08-08 18:30:00,2026-08-08,MER-010-CAP-15,200,99,101,NORMAL
INV-0001207,2026-08-08 19:00:00,2026-08-08,MER-010-CAP-15,200,113,87,NORMAL
INV-0001208,2026-08-08 19:30:00,2026-08-08,MER-010-CAP-15,200,122,78,NORMAL
INV-0001209,2026-08-08 20:00:00,2026-08-08,MER-010-CAP-15,200,133,67,NORMAL
INV-0001210,2026-08-08 20:30:00,2026-08-08,MER-010-CAP-15,200,140,60,NORMAL
INV-0001211,2026-08-08 21:00:00,2026-08-08,MER-010-CAP-15,200,145,55,NORMAL
INV-0001212,2026-08-08 21:30:00,2026-08-08,MER-010-CAP-15,200,148,52,NORMAL
INV-0001213,2026-08-08 22:00:00,2026-08-08,MER-010-CAP-15,200,153,47,NORMAL
INV-0001214,2026-08-08 22:30:00,2026-08-08,MER-010-CAP-15,200,156,44,NORMAL
INV-0001215,2026-08-08 23:00:00,2026-08-08,MER-010-CAP-15,200,159,41,NORMAL
INV-0001216,2026-08-08 10:00:00,2026-08-08,MER-013-POS-16,196,0,196,NORMAL
INV-0001217,2026-08-08 10:30:00,2026-08-08,MER-013-POS-16,196,0,196,NORMAL
INV-0001218,2026-08-08 11:00:00,2026-08-08,MER-013-POS-16,196,6,190,NORMAL
INV-0001219,2026-08-08 11:30:00,2026-08-08,MER-013-POS-16,196,7,189,NORMAL
INV-0001220,2026-08-08 12:00:00,2026-08-08,MER-013-POS-16,196,10,186,NORMAL
INV-0001221,2026-08-08 12:30:00,2026-08-08,MER-013-POS-16,196,12,184,NORMAL
INV-0001222,2026-08-08 13:00:00,2026-08-08,MER-013-POS-16,196,20,176,NORMAL
INV-0001223,2026-08-08 13:30:00,2026-08-08,MER-013-POS-16,196,24,172,NORMAL
INV-0001224,2026-08-08 14:00:00,2026-08-08,MER-013-POS-16,196,32,164,NORMAL
INV-0001225,2026-08-08 14:30:00,2026-08-08,MER-013-POS-16,196,40,156,NORMAL
INV-0001226,2026-08-08 15:00:00,2026-08-08,MER-013-POS-16,196,49,147,NORMAL
INV-0001227,2026-08-08 15:30:00,2026-08-08,MER-013-POS-16,196,58,138,NORMAL
INV-0001228,2026-08-08 16:00:00,2026-08-08,MER-013-POS-16,196,67,129,NORMAL
INV-0001229,2026-08-08 16:30:00,2026-08-08,MER-013-POS-16,196,74,122,NORMAL
INV-0001230,2026-08-08 17:00:00,2026-08-08,MER-013-POS-16,196,86,110,NORMAL
INV-0001231,2026-08-08 17:30:00,2026-08-08,MER-013-POS-16,196,96,100,NORMAL
INV-0001232,2026-08-08 18:00:00,2026-08-08,MER-013-POS-16,196,105,91,NORMAL
INV-0001233,2026-08-08 18:30:00,2026-08-08,MER-013-POS-16,196,116,80,NORMAL
INV-0001234,2026-08-08 19:00:00,2026-08-08,MER-013-POS-16,196,123,73,NORMAL
INV-0001235,2026-08-08 19:30:00,2026-08-08,MER-013-POS-16,196,129,67,NORMAL
INV-0001236,2026-08-08 20:00:00,2026-08-08,MER-013-POS-16,196,133,63,NORMAL
INV-0001237,2026-08-08 20:30:00,2026-08-08,MER-013-POS-16,196,141,55,NORMAL
INV-0001238,2026-08-08 21:00:00,2026-08-08,MER-013-POS-16,196,144,52,NORMAL
INV-0001239,2026-08-08 21:30:00,2026-08-08,MER-013-POS-16,196,145,51,NORMAL
INV-0001240,2026-08-08 22:00:00,2026-08-08,MER-013-POS-16,196,148,48,NORMAL
INV-0001241,2026-08-08 22:30:00,2026-08-08,MER-013-POS-16,196,151,45,NORMAL
INV-0001242,2026-08-08 23:00:00,2026-08-08,MER-013-POS-16,196,151,45,NORMAL
INV-0001243,2026-08-08 10:00:00,2026-08-08,MER-016-ACC-17,101,0,101,NORMAL
INV-0001244,2026-08-08 10:30:00,2026-08-08,MER-016-ACC-17,101,1,100,NORMAL
INV-0001245,2026-08-08 11:00:00,2026-08-08,MER-016-ACC-17,101,7,94,NORMAL
INV-0001246,2026-08-08 11:30:00,2026-08-08,MER-016-ACC-17,101,9,92,NORMAL
INV-0001247,2026-08-08 12:00:00,2026-08-08,MER-016-ACC-17,101,11,90,NORMAL
INV-0001248,2026-08-08 12:30:00,2026-08-08,MER-016-ACC-17,101,16,85,NORMAL
INV-0001249,2026-08-08 13:00:00,2026-08-08,MER-016-ACC-17,101,19,82,NORMAL
INV-0001250,2026-08-08 13:30:00,2026-08-08,MER-016-ACC-17,101,22,79,NORMAL
INV-0001251,2026-08-08 14:00:00,2026-08-08,MER-016-ACC-17,101,32,69,NORMAL
INV-0001252,2026-08-08 14:30:00,2026-08-08,MER-016-ACC-17,101,38,63,NORMAL
INV-0001253,2026-08-08 15:00:00,2026-08-08,MER-016-ACC-17,101,43,58,NORMAL
INV-0001254,2026-08-08 15:30:00,2026-08-08,MER-016-ACC-17,101,55,46,NORMAL
INV-0001255,2026-08-08 16:00:00,2026-08-08,MER-016-ACC-17,101,65,36,NORMAL
INV-0001256,2026-08-08 16:30:00,2026-08-08,MER-016-ACC-17,101,75,26,NORMAL
INV-0001257,2026-08-08 17:00:00,2026-08-08,MER-016-ACC-17,101,82,19,NORMAL
INV-0001258,2026-08-08 17:30:00,2026-08-08,MER-016-ACC-17,101,94,7,LOW
INV-0001259,2026-08-08 18:00:00,2026-08-08,MER-016-ACC-17,101,101,0,OUT_OF_STOCK
INV-0001260,2026-08-08 18:30:00,2026-08-08,MER-016-ACC-17,101,101,0,OUT_OF_STOCK
INV-0001261,2026-08-08 19:00:00,2026-08-08,MER-016-ACC-17,101,101,0,OUT_OF_STOCK
INV-0001262,2026-08-08 19:30:00,2026-08-08,MER-016-ACC-17,101,101,0,OUT_OF_STOCK
INV-0001263,2026-08-08 20:00:00,2026-08-08,MER-016-ACC-17,101,101,0,OUT_OF_STOCK
INV-0001264,2026-08-08 20:30:00,2026-08-08,MER-016-ACC-17,101,101,0,OUT_OF_STOCK
INV-0001265,2026-08-08 21:00:00,2026-08-08,MER-016-ACC-17,101,101,0,OUT_OF_STOCK
INV-0001266,2026-08-08 21:30:00,2026-08-08,MER-016-ACC-17,101,101,0,OUT_OF_STOCK
INV-0001267,2026-08-08 22:00:00,2026-08-08,MER-016-ACC-17,101,101,0,OUT_OF_STOCK
INV-0001268,2026-08-08 22:30:00,2026-08-08,MER-016-ACC-17,101,101,0,OUT_OF_STOCK
INV-0001269,2026-08-08 23:00:00,2026-08-08,MER-016-ACC-17,101,101,0,OUT_OF_STOCK
INV-0001270,2026-08-08 10:00:00,2026-08-08,MER-019-T_S-18,191,0,191,NORMAL
INV-0001271,2026-08-08 10:30:00,2026-08-08,MER-019-T_S-18,191,0,191,NORMAL
INV-0001272,2026-08-08 11:00:00,2026-08-08,MER-019-T_S-18,191,9,182,NORMAL
INV-0001273,2026-08-08 11:30:00,2026-08-08,MER-019-T_S-18,191,9,182,NORMAL
INV-0001274,2026-08-08 12:00:00,2026-08-08,MER-019-T_S-18,191,11,180,NORMAL
INV-0001275,2026-08-08 12:30:00,2026-08-08,MER-019-T_S-18,191,14,177,NORMAL
INV-0001276,2026-08-08 13:00:00,2026-08-08,MER-019-T_S-18,191,19,172,NORMAL
INV-0001277,2026-08-08 13:30:00,2026-08-08,MER-019-T_S-18,191,24,167,NORMAL
INV-0001278,2026-08-08 14:00:00,2026-08-08,MER-019-T_S-18,191,32,159,NORMAL
INV-0001279,2026-08-08 14:30:00,2026-08-08,MER-019-T_S-18,191,44,147,NORMAL
INV-0001280,2026-08-08 15:00:00,2026-08-08,MER-019-T_S-18,191,49,142,NORMAL
INV-0001281,2026-08-08 15:30:00,2026-08-08,MER-019-T_S-18,191,57,134,NORMAL
INV-0001282,2026-08-08 16:00:00,2026-08-08,MER-019-T_S-18,191,69,122,NORMAL
INV-0001283,2026-08-08 16:30:00,2026-08-08,MER-019-T_S-18,191,85,106,NORMAL
INV-0001284,2026-08-08 17:00:00,2026-08-08,MER-019-T_S-18,191,94,97,NORMAL
INV-0001285,2026-08-08 17:30:00,2026-08-08,MER-019-T_S-18,191,107,84,NORMAL
INV-0001286,2026-08-08 18:00:00,2026-08-08,MER-019-T_S-18,191,116,75,NORMAL
INV-0001287,2026-08-08 18:30:00,2026-08-08,MER-019-T_S-18,191,121,70,NORMAL
INV-0001288,2026-08-08 19:00:00,2026-08-08,MER-019-T_S-18,191,129,62,NORMAL
INV-0001289,2026-08-08 19:30:00,2026-08-08,MER-019-T_S-18,191,133,58,NORMAL
INV-0001290,2026-08-08 20:00:00,2026-08-08,MER-019-T_S-18,191,137,54,NORMAL
INV-0001291,2026-08-08 20:30:00,2026-08-08,MER-019-T_S-18,191,140,51,NORMAL
INV-0001292,2026-08-08 21:00:00,2026-08-08,MER-019-T_S-18,191,146,45,NORMAL
INV-0001293,2026-08-08 21:30:00,2026-08-08,MER-019-T_S-18,191,153,38,NORMAL
INV-0001294,2026-08-08 22:00:00,2026-08-08,MER-019-T_S-18,191,155,36,NORMAL
INV-0001295,2026-08-08 22:30:00,2026-08-08,MER-019-T_S-18,191,158,33,NORMAL
INV-0001296,2026-08-08 23:00:00,2026-08-08,MER-019-T_S-18,191,159,32,NORMAL
INV-0001297,2026-08-08 10:00:00,2026-08-08,MER-022-HOO-19,260,0,260,NORMAL
INV-0001298,2026-08-08 10:30:00,2026-08-08,MER-022-HOO-19,260,0,260,NORMAL
INV-0001299,2026-08-08 11:00:00,2026-08-08,MER-022-HOO-19,260,8,252,NORMAL
INV-0001300,2026-08-08 11:30:00,2026-08-08,MER-022-HOO-19,260,10,250,NORMAL
INV-0001301,2026-08-08 12:00:00,2026-08-08,MER-022-HOO-19,260,11,249,NORMAL
INV-0001302,2026-08-08 12:30:00,2026-08-08,MER-022-HOO-19,260,15,245,NORMAL
INV-0001303,2026-08-08 13:00:00,2026-08-08,MER-022-HOO-19,260,18,242,NORMAL
INV-0001304,2026-08-08 13:30:00,2026-08-08,MER-022-HOO-19,260,24,236,NORMAL
INV-0001305,2026-08-08 14:00:00,2026-08-08,MER-022-HOO-19,260,31,229,NORMAL
INV-0001306,2026-08-08 14:30:00,2026-08-08,MER-022-HOO-19,260,38,222,NORMAL
INV-0001307,2026-08-08 15:00:00,2026-08-08,MER-022-HOO-19,260,41,219,NORMAL
INV-0001308,2026-08-08 15:30:00,2026-08-08,MER-022-HOO-19,260,48,212,NORMAL
INV-0001309,2026-08-08 16:00:00,2026-08-08,MER-022-HOO-19,260,61,199,NORMAL
INV-0001310,2026-08-08 16:30:00,2026-08-08,MER-022-HOO-19,260,69,191,NORMAL
INV-0001311,2026-08-08 17:00:00,2026-08-08,MER-022-HOO-19,260,80,180,NORMAL
INV-0001312,2026-08-08 17:30:00,2026-08-08,MER-022-HOO-19,260,92,168,NORMAL
INV-0001313,2026-08-08 18:00:00,2026-08-08,MER-022-HOO-19,260,97,163,NORMAL
INV-0001314,2026-08-08 18:30:00,2026-08-08,MER-022-HOO-19,260,105,155,NORMAL
INV-0001315,2026-08-08 19:00:00,2026-08-08,MER-022-HOO-19,260,113,147,NORMAL
INV-0001316,2026-08-08 19:30:00,2026-08-08,MER-022-HOO-19,260,122,138,NORMAL
INV-0001317,2026-08-08 20:00:00,2026-08-08,MER-022-HOO-19,260,126,134,NORMAL
INV-0001318,2026-08-08 20:30:00,2026-08-08,MER-022-HOO-19,260,129,131,NORMAL
INV-0001319,2026-08-08 21:00:00,2026-08-08,MER-022-HOO-19,260,134,126,NORMAL
INV-0001320,2026-08-08 21:30:00,2026-08-08,MER-022-HOO-19,260,142,118,NORMAL
INV-0001321,2026-08-08 22:00:00,2026-08-08,MER-022-HOO-19,260,143,117,NORMAL
INV-0001322,2026-08-08 22:30:00,2026-08-08,MER-022-HOO-19,260,143,117,NORMAL
INV-0001323,2026-08-08 23:00:00,2026-08-08,MER-022-HOO-19,260,144,116,NORMAL
INV-0001324,2026-08-08 10:00:00,2026-08-08,MER-025-TOW-20,167,0,167,NORMAL
INV-0001325,2026-08-08 10:30:00,2026-08-08,MER-025-TOW-20,167,0,167,NORMAL
INV-0001326,2026-08-08 11:00:00,2026-08-08,MER-025-TOW-20,167,6,161,NORMAL
INV-0001327,2026-08-08 11:30:00,2026-08-08,MER-025-TOW-20,167,7,160,NORMAL
INV-0001328,2026-08-08 12:00:00,2026-08-08,MER-025-TOW-20,167,9,158,NORMAL
INV-0001329,2026-08-08 12:30:00,2026-08-08,MER-025-TOW-20,167,10,157,NORMAL
INV-0001330,2026-08-08 13:00:00,2026-08-08,MER-025-TOW-20,167,13,154,NORMAL
INV-0001331,2026-08-08 13:30:00,2026-08-08,MER-025-TOW-20,167,19,148,NORMAL
INV-0001332,2026-08-08 14:00:00,2026-08-08,MER-025-TOW-20,167,28,139,NORMAL
INV-0001333,2026-08-08 14:30:00,2026-08-08,MER-025-TOW-20,167,36,131,NORMAL
INV-0001334,2026-08-08 15:00:00,2026-08-08,MER-025-TOW-20,167,43,124,NORMAL
INV-0001335,2026-08-08 15:30:00,2026-08-08,MER-025-TOW-20,167,55,112,NORMAL
INV-0001336,2026-08-08 16:00:00,2026-08-08,MER-025-TOW-20,167,59,108,NORMAL
INV-0001337,2026-08-08 16:30:00,2026-08-08,MER-025-TOW-20,167,72,95,NORMAL
INV-0001338,2026-08-08 17:00:00,2026-08-08,MER-025-TOW-20,167,83,84,NORMAL
INV-0001339,2026-08-08 17:30:00,2026-08-08,MER-025-TOW-20,167,92,75,NORMAL
INV-0001340,2026-08-08 18:00:00,2026-08-08,MER-025-TOW-20,167,97,70,NORMAL
INV-0001341,2026-08-08 18:30:00,2026-08-08,MER-025-TOW-20,167,103,64,NORMAL
INV-0001342,2026-08-08 19:00:00,2026-08-08,MER-025-TOW-20,167,110,57,NORMAL
INV-0001343,2026-08-08 19:30:00,2026-08-08,MER-025-TOW-20,167,119,48,NORMAL
INV-0001344,2026-08-08 20:00:00,2026-08-08,MER-025-TOW-20,167,122,45,NORMAL
INV-0001345,2026-08-08 20:30:00,2026-08-08,MER-025-TOW-20,167,125,42,NORMAL
INV-0001346,2026-08-08 21:00:00,2026-08-08,MER-025-TOW-20,167,127,40,NORMAL
INV-0001347,2026-08-08 21:30:00,2026-08-08,MER-025-TOW-20,167,131,36,NORMAL
INV-0001348,2026-08-08 22:00:00,2026-08-08,MER-025-TOW-20,167,137,30,NORMAL
INV-0001349,2026-08-08 22:30:00,2026-08-08,MER-025-TOW-20,167,140,27,NORMAL
INV-0001350,2026-08-08 23:00:00,2026-08-08,MER-025-TOW-20,167,143,24,NORMAL
INV-0001351,2026-08-08 10:00:00,2026-08-08,MER-028-CAP-21,220,0,220,NORMAL
INV-0001352,2026-08-08 10:30:00,2026-08-08,MER-028-CAP-21,220,0,220,NORMAL
INV-0001353,2026-08-08 11:00:00,2026-08-08,MER-028-CAP-21,220,5,215,NORMAL
INV-0001354,2026-08-08 11:30:00,2026-08-08,MER-028-CAP-21,220,5,215,NORMAL
INV-0001355,2026-08-08 12:00:00,2026-08-08,MER-028-CAP-21,220,6,214,NORMAL
INV-0001356,2026-08-08 12:30:00,2026-08-08,MER-028-CAP-21,220,10,210,NORMAL
INV-0001357,2026-08-08 13:00:00,2026-08-08,MER-028-CAP-21,220,16,204,NORMAL
INV-0001358,2026-08-08 13:30:00,2026-08-08,MER-028-CAP-21,220,19,201,NORMAL
INV-0001359,2026-08-08 14:00:00,2026-08-08,MER-028-CAP-21,220,21,199,NORMAL
INV-0001360,2026-08-08 14:30:00,2026-08-08,MER-028-CAP-21,220,27,193,NORMAL
INV-0001361,2026-08-08 15:00:00,2026-08-08,MER-028-CAP-21,220,34,186,NORMAL
INV-0001362,2026-08-08 15:30:00,2026-08-08,MER-028-CAP-21,220,40,180,NORMAL
INV-0001363,2026-08-08 16:00:00,2026-08-08,MER-028-CAP-21,220,52,168,NORMAL
INV-0001364,2026-08-08 16:30:00,2026-08-08,MER-028-CAP-21,220,62,158,NORMAL
INV-0001365,2026-08-08 17:00:00,2026-08-08,MER-028-CAP-21,220,69,151,NORMAL
INV-0001366,2026-08-08 17:30:00,2026-08-08,MER-028-CAP-21,220,82,138,NORMAL
INV-0001367,2026-08-08 18:00:00,2026-08-08,MER-028-CAP-21,220,96,124,NORMAL
INV-0001368,2026-08-08 18:30:00,2026-08-08,MER-028-CAP-21,220,103,117,NORMAL
INV-0001369,2026-08-08 19:00:00,2026-08-08,MER-028-CAP-21,220,113,107,NORMAL
INV-0001370,2026-08-08 19:30:00,2026-08-08,MER-028-CAP-21,220,121,99,NORMAL
INV-0001371,2026-08-08 20:00:00,2026-08-08,MER-028-CAP-21,220,129,91,NORMAL
INV-0001372,2026-08-08 20:30:00,2026-08-08,MER-028-CAP-21,220,135,85,NORMAL
INV-0001373,2026-08-08 21:00:00,2026-08-08,MER-028-CAP-21,220,137,83,NORMAL
INV-0001374,2026-08-08 21:30:00,2026-08-08,MER-028-CAP-21,220,140,80,NORMAL
INV-0001375,2026-08-08 22:00:00,2026-08-08,MER-028-CAP-21,220,144,76,NORMAL
INV-0001376,2026-08-08 22:30:00,2026-08-08,MER-028-CAP-21,220,147,73,NORMAL
INV-0001377,2026-08-08 23:00:00,2026-08-08,MER-028-CAP-21,220,150,70,NORMAL
INV-0001378,2026-08-08 10:00:00,2026-08-08,MER-031-POS-22,133,0,133,NORMAL
INV-0001379,2026-08-08 10:30:00,2026-08-08,MER-031-POS-22,133,0,133,NORMAL
INV-0001380,2026-08-08 11:00:00,2026-08-08,MER-031-POS-22,133,3,130,NORMAL
INV-0001381,2026-08-08 11:30:00,2026-08-08,MER-031-POS-22,133,8,125,NORMAL
INV-0001382,2026-08-08 12:00:00,2026-08-08,MER-031-POS-22,133,9,124,NORMAL
INV-0001383,2026-08-08 12:30:00,2026-08-08,MER-031-POS-22,133,9,124,NORMAL
INV-0001384,2026-08-08 13:00:00,2026-08-08,MER-031-POS-22,133,12,121,NORMAL
INV-0001385,2026-08-08 13:30:00,2026-08-08,MER-031-POS-22,133,22,111,NORMAL
INV-0001386,2026-08-08 14:00:00,2026-08-08,MER-031-POS-22,133,28,105,NORMAL
INV-0001387,2026-08-08 14:30:00,2026-08-08,MER-031-POS-22,133,34,99,NORMAL
INV-0001388,2026-08-08 15:00:00,2026-08-08,MER-031-POS-22,133,36,97,NORMAL
INV-0001389,2026-08-08 15:30:00,2026-08-08,MER-031-POS-22,133,38,95,NORMAL
INV-0001390,2026-08-08 16:00:00,2026-08-08,MER-031-POS-22,133,44,89,NORMAL
INV-0001391,2026-08-08 16:30:00,2026-08-08,MER-031-POS-22,133,51,82,NORMAL
INV-0001392,2026-08-08 17:00:00,2026-08-08,MER-031-POS-22,133,66,67,NORMAL
INV-0001393,2026-08-08 17:30:00,2026-08-08,MER-031-POS-22,133,72,61,NORMAL
INV-0001394,2026-08-08 18:00:00,2026-08-08,MER-031-POS-22,133,78,55,NORMAL
INV-0001395,2026-08-08 18:30:00,2026-08-08,MER-031-POS-22,133,88,45,NORMAL
INV-0001396,2026-08-08 19:00:00,2026-08-08,MER-031-POS-22,133,91,42,NORMAL
INV-0001397,2026-08-08 19:30:00,2026-08-08,MER-031-POS-22,133,104,29,NORMAL
INV-0001398,2026-08-08 20:00:00,2026-08-08,MER-031-POS-22,133,110,23,NORMAL
INV-0001399,2026-08-08 20:30:00,2026-08-08,MER-031-POS-22,133,115,18,NORMAL
INV-0001400,2026-08-08 21:00:00,2026-08-08,MER-031-POS-22,133,118,15,NORMAL
INV-0001401,2026-08-08 21:30:00,2026-08-08,MER-031-POS-22,133,123,10,LOW
INV-0001402,2026-08-08 22:00:00,2026-08-08,MER-031-POS-22,133,127,6,LOW
INV-0001403,2026-08-08 22:30:00,2026-08-08,MER-031-POS-22,133,127,6,LOW
INV-0001404,2026-08-08 23:00:00,2026-08-08,MER-031-POS-22,133,127,6,LOW
INV-0001405,2026-08-08 10:00:00,2026-08-08,MER-034-ACC-23,243,0,243,NORMAL
INV-0001406,2026-08-08 10:30:00,2026-08-08,MER-034-ACC-23,243,0,243,NORMAL
INV-0001407,2026-08-08 11:00:00,2026-08-08,MER-034-ACC-23,243,5,238,NORMAL
INV-0001408,2026-08-08 11:30:00,2026-08-08,MER-034-ACC-23,243,9,234,NORMAL
INV-0001409,2026-08-08 12:00:00,2026-08-08,MER-034-ACC-23,243,12,231,NORMAL
INV-0001410,2026-08-08 12:30:00,2026-08-08,MER-034-ACC-23,243,15,228,NORMAL
INV-0001411,2026-08-08 13:00:00,2026-08-08,MER-034-ACC-23,243,21,222,NORMAL
INV-0001412,2026-08-08 13:30:00,2026-08-08,MER-034-ACC-23,243,25,218,NORMAL
INV-0001413,2026-08-08 14:00:00,2026-08-08,MER-034-ACC-23,243,28,215,NORMAL
INV-0001414,2026-08-08 14:30:00,2026-08-08,MER-034-ACC-23,243,32,211,NORMAL
INV-0001415,2026-08-08 15:00:00,2026-08-08,MER-034-ACC-23,243,35,208,NORMAL
INV-0001416,2026-08-08 15:30:00,2026-08-08,MER-034-ACC-23,243,43,200,NORMAL
INV-0001417,2026-08-08 16:00:00,2026-08-08,MER-034-ACC-23,243,49,194,NORMAL
INV-0001418,2026-08-08 16:30:00,2026-08-08,MER-034-ACC-23,243,53,190,NORMAL
INV-0001419,2026-08-08 17:00:00,2026-08-08,MER-034-ACC-23,243,63,180,NORMAL
INV-0001420,2026-08-08 17:30:00,2026-08-08,MER-034-ACC-23,243,66,177,NORMAL
INV-0001421,2026-08-08 18:00:00,2026-08-08,MER-034-ACC-23,243,81,162,NORMAL
INV-0001422,2026-08-08 18:30:00,2026-08-08,MER-034-ACC-23,243,89,154,NORMAL
INV-0001423,2026-08-08 19:00:00,2026-08-08,MER-034-ACC-23,243,98,145,NORMAL
INV-0001424,2026-08-08 19:30:00,2026-08-08,MER-034-ACC-23,243,107,136,NORMAL
INV-0001425,2026-08-08 20:00:00,2026-08-08,MER-034-ACC-23,243,113,130,NORMAL
INV-0001426,2026-08-08 20:30:00,2026-08-08,MER-034-ACC-23,243,120,123,NORMAL
INV-0001427,2026-08-08 21:00:00,2026-08-08,MER-034-ACC-23,243,124,119,NORMAL
INV-0001428,2026-08-08 21:30:00,2026-08-08,MER-034-ACC-23,243,128,115,NORMAL
INV-0001429,2026-08-08 22:00:00,2026-08-08,MER-034-ACC-23,243,129,114,NORMAL
INV-0001430,2026-08-08 22:30:00,2026-08-08,MER-034-ACC-23,243,133,110,NORMAL
INV-0001431,2026-08-08 23:00:00,2026-08-08,MER-034-ACC-23,243,134,109,NORMAL
INV-0001432,2026-08-08 10:00:00,2026-08-08,MER-001-T_S-24,193,0,193,NORMAL
INV-0001433,2026-08-08 10:30:00,2026-08-08,MER-001-T_S-24,193,0,193,NORMAL
INV-0001434,2026-08-08 11:00:00,2026-08-08,MER-001-T_S-24,193,9,184,NORMAL
INV-0001435,2026-08-08 11:30:00,2026-08-08,MER-001-T_S-24,193,10,183,NORMAL
INV-0001436,2026-08-08 12:00:00,2026-08-08,MER-001-T_S-24,193,17,176,NORMAL
INV-0001437,2026-08-08 12:30:00,2026-08-08,MER-001-T_S-24,193,23,170,NORMAL
INV-0001438,2026-08-08 13:00:00,2026-08-08,MER-001-T_S-24,193,32,161,NORMAL
INV-0001439,2026-08-08 13:30:00,2026-08-08,MER-001-T_S-24,193,41,152,NORMAL
INV-0001440,2026-08-08 14:00:00,2026-08-08,MER-001-T_S-24,193,50,143,NORMAL
INV-0001441,2026-08-08 14:30:00,2026-08-08,MER-001-T_S-24,193,66,127,NORMAL
INV-0001442,2026-08-08 15:00:00,2026-08-08,MER-001-T_S-24,193,80,113,NORMAL
INV-0001443,2026-08-08 15:30:00,2026-08-08,MER-001-T_S-24,193,89,104,NORMAL
INV-0001444,2026-08-08 16:00:00,2026-08-08,MER-001-T_S-24,193,103,90,NORMAL
INV-0001445,2026-08-08 16:30:00,2026-08-08,MER-001-T_S-24,193,115,78,NORMAL
INV-0001446,2026-08-08 17:00:00,2026-08-08,MER-001-T_S-24,193,129,64,NORMAL
INV-0001447,2026-08-08 17:30:00,2026-08-08,MER-001-T_S-24,193,145,48,NORMAL
INV-0001448,2026-08-08 18:00:00,2026-08-08,MER-001-T_S-24,193,157,36,NORMAL
INV-0001449,2026-08-08 18:30:00,2026-08-08,MER-001-T_S-24,193,172,21,NORMAL
INV-0001450,2026-08-08 19:00:00,2026-08-08,MER-001-T_S-24,193,182,11,LOW
INV-0001451,2026-08-08 19:30:00,2026-08-08,MER-001-T_S-24,193,193,0,OUT_OF_STOCK
INV-0001452,2026-08-08 20:00:00,2026-08-08,MER-001-T_S-24,193,193,0,OUT_OF_STOCK
INV-0001453,2026-08-08 20:30:00,2026-08-08,MER-001-T_S-24,193,193,0,OUT_OF_STOCK
INV-0001454,2026-08-08 21:00:00,2026-08-08,MER-001-T_S-24,193,193,0,OUT_OF_STOCK
INV-0001455,2026-08-08 21:30:00,2026-08-08,MER-001-T_S-24,193,193,0,OUT_OF_STOCK
INV-0001456,2026-08-08 22:00:00,2026-08-08,MER-001-T_S-24,193,193,0,OUT_OF_STOCK
INV-0001457,2026-08-08 22:30:00,2026-08-08,MER-001-T_S-24,193,193,0,OUT_OF_STOCK
INV-0001458,2026-08-08 23:00:00,2026-08-08,MER-001-T_S-24,193,193,0,OUT_OF_STOCK
INV-0001459,2026-08-08 10:00:00,2026-08-08,MER-004-HOO-25,130,0,130,NORMAL
INV-0001460,2026-08-08 10:30:00,2026-08-08,MER-004-HOO-25,130,0,130,NORMAL
INV-0001461,2026-08-08 11:00:00,2026-08-08,MER-004-HOO-25,130,9,121,NORMAL
INV-0001462,2026-08-08 11:30:00,2026-08-08,MER-004-HOO-25,130,11,119,NORMAL
INV-0001463,2026-08-08 12:00:00,2026-08-08,MER-004-HOO-25,130,13,117,NORMAL
INV-0001464,2026-08-08 12:30:00,2026-08-08,MER-004-HOO-25,130,19,111,NORMAL
INV-0001465,2026-08-08 13:00:00,2026-08-08,MER-004-HOO-25,130,21,109,NORMAL
INV-0001466,2026-08-08 13:30:00,2026-08-08,MER-004-HOO-25,130,27,103,NORMAL
INV-0001467,2026-08-08 14:00:00,2026-08-08,MER-004-HOO-25,130,29,101,NORMAL
INV-0001468,2026-08-08 14:30:00,2026-08-08,MER-004-HOO-25,130,36,94,NORMAL
INV-0001469,2026-08-08 15:00:00,2026-08-08,MER-004-HOO-25,130,45,85,NORMAL
INV-0001470,2026-08-08 15:30:00,2026-08-08,MER-004-HOO-25,130,56,74,NORMAL
INV-0001471,2026-08-08 16:00:00,2026-08-08,MER-004-HOO-25,130,62,68,NORMAL
INV-0001472,2026-08-08 16:30:00,2026-08-08,MER-004-HOO-25,130,67,63,NORMAL
INV-0001473,2026-08-08 17:00:00,2026-08-08,MER-004-HOO-25,130,72,58,NORMAL
INV-0001474,2026-08-08 17:30:00,2026-08-08,MER-004-HOO-25,130,80,50,NORMAL
INV-0001475,2026-08-08 18:00:00,2026-08-08,MER-004-HOO-25,130,89,41,NORMAL
INV-0001476,2026-08-08 18:30:00,2026-08-08,MER-004-HOO-25,130,96,34,NORMAL
INV-0001477,2026-08-08 19:00:00,2026-08-08,MER-004-HOO-25,130,108,22,NORMAL
INV-0001478,2026-08-08 19:30:00,2026-08-08,MER-004-HOO-25,130,113,17,NORMAL
INV-0001479,2026-08-08 20:00:00,2026-08-08,MER-004-HOO-25,130,122,8,LOW
INV-0001480,2026-08-08 20:30:00,2026-08-08,MER-004-HOO-25,130,125,5,LOW
INV-0001481,2026-08-08 21:00:00,2026-08-08,MER-004-HOO-25,130,130,0,OUT_OF_STOCK
INV-0001482,2026-08-08 21:30:00,2026-08-08,MER-004-HOO-25,130,130,0,OUT_OF_STOCK
INV-0001483,2026-08-08 22:00:00,2026-08-08,MER-004-HOO-25,130,130,0,OUT_OF_STOCK
INV-0001484,2026-08-08 22:30:00,2026-08-08,MER-004-HOO-25,130,130,0,OUT_OF_STOCK
INV-0001485,2026-08-08 23:00:00,2026-08-08,MER-004-HOO-25,130,130,0,OUT_OF_STOCK
INV-0001486,2026-08-08 10:00:00,2026-08-08,MER-007-TOW-26,134,0,134,NORMAL
INV-0001487,2026-08-08 10:30:00,2026-08-08,MER-007-TOW-26,134,0,134,NORMAL
INV-0001488,2026-08-08 11:00:00,2026-08-08,MER-007-TOW-26,134,6,128,NORMAL
INV-0001489,2026-08-08 11:30:00,2026-08-08,MER-007-TOW-26,134,8,126,NORMAL
INV-0001490,2026-08-08 12:00:00,2026-08-08,MER-007-TOW-26,134,10,124,NORMAL
INV-0001491,2026-08-08 12:30:00,2026-08-08,MER-007-TOW-26,134,12,122,NORMAL
INV-0001492,2026-08-08 13:00:00,2026-08-08,MER-007-TOW-26,134,20,114,NORMAL
INV-0001493,2026-08-08 13:30:00,2026-08-08,MER-007-TOW-26,134,26,108,NORMAL
INV-0001494,2026-08-08 14:00:00,2026-08-08,MER-007-TOW-26,134,27,107,NORMAL
INV-0001495,2026-08-08 14:30:00,2026-08-08,MER-007-TOW-26,134,34,100,NORMAL
INV-0001496,2026-08-08 15:00:00,2026-08-08,MER-007-TOW-26,134,38,96,NORMAL
INV-0001497,2026-08-08 15:30:00,2026-08-08,MER-007-TOW-26,134,41,93,NORMAL
INV-0001498,2026-08-08 16:00:00,2026-08-08,MER-007-TOW-26,134,49,85,NORMAL
INV-0001499,2026-08-08 16:30:00,2026-08-08,MER-007-TOW-26,134,55,79,NORMAL
INV-0001500,2026-08-08 17:00:00,2026-08-08,MER-007-TOW-26,134,67,67,NORMAL
INV-0001501,2026-08-08 17:30:00,2026-08-08,MER-007-TOW-26,134,78,56,NORMAL
INV-0001502,2026-08-08 18:00:00,2026-08-08,MER-007-TOW-26,134,83,51,NORMAL
INV-0001503,2026-08-08 18:30:00,2026-08-08,MER-007-TOW-26,134,94,40,NORMAL
INV-0001504,2026-08-08 19:00:00,2026-08-08,MER-007-TOW-26,134,107,27,NORMAL
INV-0001505,2026-08-08 19:30:00,2026-08-08,MER-007-TOW-26,134,114,20,NORMAL
INV-0001506,2026-08-08 20:00:00,2026-08-08,MER-007-TOW-26,134,121,13,LOW
INV-0001507,2026-08-08 20:30:00,2026-08-08,MER-007-TOW-26,134,129,5,LOW
INV-0001508,2026-08-08 21:00:00,2026-08-08,MER-007-TOW-26,134,132,2,LOW
INV-0001509,2026-08-08 21:30:00,2026-08-08,MER-007-TOW-26,134,134,0,OUT_OF_STOCK
INV-0001510,2026-08-08 22:00:00,2026-08-08,MER-007-TOW-26,134,134,0,OUT_OF_STOCK
INV-0001511,2026-08-08 22:30:00,2026-08-08,MER-007-TOW-26,134,134,0,OUT_OF_STOCK
INV-0001512,2026-08-08 23:00:00,2026-08-08,MER-007-TOW-26,134,134,0,OUT_OF_STOCK
INV-0001513,2026-08-08 10:00:00,2026-08-08,MER-010-CAP-27,138,0,138,NORMAL
INV-0001514,2026-08-08 10:30:00,2026-08-08,MER-010-CAP-27,138,0,138,NORMAL
INV-0001515,2026-08-08 11:00:00,2026-08-08,MER-010-CAP-27,138,5,133,NORMAL
INV-0001516,2026-08-08 11:30:00,2026-08-08,MER-010-CAP-27,138,6,132,NORMAL
INV-0001517,2026-08-08 12:00:00,2026-08-08,MER-010-CAP-27,138,9,129,NORMAL
INV-0001518,2026-08-08 12:30:00,2026-08-08,MER-010-CAP-27,138,13,125,NORMAL
INV-0001519,2026-08-08 13:00:00,2026-08-08,MER-010-CAP-27,138,14,124,NORMAL
INV-0001520,2026-08-08 13:30:00,2026-08-08,MER-010-CAP-27,138,19,119,NORMAL
INV-0001521,2026-08-08 14:00:00,2026-08-08,MER-010-CAP-27,138,26,112,NORMAL
INV-0001522,2026-08-08 14:30:00,2026-08-08,MER-010-CAP-27,138,35,103,NORMAL
INV-0001523,2026-08-08 15:00:00,2026-08-08,MER-010-CAP-27,138,43,95,NORMAL
INV-0001524,2026-08-08 15:30:00,2026-08-08,MER-010-CAP-27,138,53,85,NORMAL
INV-0001525,2026-08-08 16:00:00,2026-08-08,MER-010-CAP-27,138,71,67,NORMAL
INV-0001526,2026-08-08 16:30:00,2026-08-08,MER-010-CAP-27,138,86,52,NORMAL
INV-0001527,2026-08-08 17:00:00,2026-08-08,MER-010-CAP-27,138,93,45,NORMAL
INV-0001528,2026-08-08 17:30:00,2026-08-08,MER-010-CAP-27,138,107,31,NORMAL
INV-0001529,2026-08-08 18:00:00,2026-08-08,MER-010-CAP-27,138,119,19,NORMAL
INV-0001530,2026-08-08 18:30:00,2026-08-08,MER-010-CAP-27,138,126,12,LOW
INV-0001531,2026-08-08 19:00:00,2026-08-08,MER-010-CAP-27,138,132,6,LOW
INV-0001532,2026-08-08 19:30:00,2026-08-08,MER-010-CAP-27,138,133,5,LOW
INV-0001533,2026-08-08 20:00:00,2026-08-08,MER-010-CAP-27,138,138,0,OUT_OF_STOCK
INV-0001534,2026-08-08 20:30:00,2026-08-08,MER-010-CAP-27,138,138,0,OUT_OF_STOCK
INV-0001535,2026-08-08 21:00:00,2026-08-08,MER-010-CAP-27,138,138,0,OUT_OF_STOCK
INV-0001536,2026-08-08 21:30:00,2026-08-08,MER-010-CAP-27,138,138,0,OUT_OF_STOCK
INV-0001537,2026-08-08 22:00:00,2026-08-08,MER-010-CAP-27,138,138,0,OUT_OF_STOCK
INV-0001538,2026-08-08 22:30:00,2026-08-08,MER-010-CAP-27,138,138,0,OUT_OF_STOCK
INV-0001539,2026-08-08 23:00:00,2026-08-08,MER-010-CAP-27,138,138,0,OUT_OF_STOCK
INV-0001540,2026-08-08 10:00:00,2026-08-08,MER-013-POS-28,200,0,200,NORMAL
INV-0001541,2026-08-08 10:30:00,2026-08-08,MER-013-POS-28,200,0,200,NORMAL
INV-0001542,2026-08-08 11:00:00,2026-08-08,MER-013-POS-28,200,5,195,NORMAL
INV-0001543,2026-08-08 11:30:00,2026-08-08,MER-013-POS-28,200,5,195,NORMAL
INV-0001544,2026-08-08 12:00:00,2026-08-08,MER-013-POS-28,200,6,194,NORMAL
INV-0001545,2026-08-08 12:30:00,2026-08-08,MER-013-POS-28,200,10,190,NORMAL
INV-0001546,2026-08-08 13:00:00,2026-08-08,MER-013-POS-28,200,11,189,NORMAL
INV-0001547,2026-08-08 13:30:00,2026-08-08,MER-013-POS-28,200,13,187,NORMAL
INV-0001548,2026-08-08 14:00:00,2026-08-08,MER-013-POS-28,200,25,175,NORMAL
INV-0001549,2026-08-08 14:30:00,2026-08-08,MER-013-POS-28,200,30,170,NORMAL
INV-0001550,2026-08-08 15:00:00,2026-08-08,MER-013-POS-28,200,36,164,NORMAL
INV-0001551,2026-08-08 15:30:00,2026-08-08,MER-013-POS-28,200,47,153,NORMAL
INV-0001552,2026-08-08 16:00:00,2026-08-08,MER-013-POS-28,200,50,150,NORMAL
INV-0001553,2026-08-08 16:30:00,2026-08-08,MER-013-POS-28,200,64,136,NORMAL
INV-0001554,2026-08-08 17:00:00,2026-08-08,MER-013-POS-28,200,72,128,NORMAL
INV-0001555,2026-08-08 17:30:00,2026-08-08,MER-013-POS-28,200,84,116,NORMAL
INV-0001556,2026-08-08 18:00:00,2026-08-08,MER-013-POS-28,200,94,106,NORMAL
INV-0001557,2026-08-08 18:30:00,2026-08-08,MER-013-POS-28,200,104,96,NORMAL
INV-0001558,2026-08-08 19:00:00,2026-08-08,MER-013-POS-28,200,110,90,NORMAL
INV-0001559,2026-08-08 19:30:00,2026-08-08,MER-013-POS-28,200,121,79,NORMAL
INV-0001560,2026-08-08 20:00:00,2026-08-08,MER-013-POS-28,200,127,73,NORMAL
INV-0001561,2026-08-08 20:30:00,2026-08-08,MER-013-POS-28,200,130,70,NORMAL
INV-0001562,2026-08-08 21:00:00,2026-08-08,MER-013-POS-28,200,133,67,NORMAL
INV-0001563,2026-08-08 21:30:00,2026-08-08,MER-013-POS-28,200,137,63,NORMAL
INV-0001564,2026-08-08 22:00:00,2026-08-08,MER-013-POS-28,200,139,61,NORMAL
INV-0001565,2026-08-08 22:30:00,2026-08-08,MER-013-POS-28,200,144,56,NORMAL
INV-0001566,2026-08-08 23:00:00,2026-08-08,MER-013-POS-28,200,147,53,NORMAL
INV-0001567,2026-08-08 10:00:00,2026-08-08,MER-016-ACC-29,160,0,160,NORMAL
INV-0001568,2026-08-08 10:30:00,2026-08-08,MER-016-ACC-29,160,0,160,NORMAL
INV-0001569,2026-08-08 11:00:00,2026-08-08,MER-016-ACC-29,160,4,156,NORMAL
INV-0001570,2026-08-08 11:30:00,2026-08-08,MER-016-ACC-29,160,4,156,NORMAL
INV-0001571,2026-08-08 12:00:00,2026-08-08,MER-016-ACC-29,160,5,155,NORMAL
INV-0001572,2026-08-08 12:30:00,2026-08-08,MER-016-ACC-29,160,8,152,NORMAL
INV-0001573,2026-08-08 13:00:00,2026-08-08,MER-016-ACC-29,160,17,143,NORMAL
INV-0001574,2026-08-08 13:30:00,2026-08-08,MER-016-ACC-29,160,23,137,NORMAL
INV-0001575,2026-08-08 14:00:00,2026-08-08,MER-016-ACC-29,160,26,134,NORMAL
INV-0001576,2026-08-08 14:30:00,2026-08-08,MER-016-ACC-29,160,34,126,NORMAL
INV-0001577,2026-08-08 15:00:00,2026-08-08,MER-016-ACC-29,160,38,122,NORMAL
INV-0001578,2026-08-08 15:30:00,2026-08-08,MER-016-ACC-29,160,42,118,NORMAL
INV-0001579,2026-08-08 16:00:00,2026-08-08,MER-016-ACC-29,160,52,108,NORMAL
INV-0001580,2026-08-08 16:30:00,2026-08-08,MER-016-ACC-29,160,63,97,NORMAL
INV-0001581,2026-08-08 17:00:00,2026-08-08,MER-016-ACC-29,160,74,86,NORMAL
INV-0001582,2026-08-08 17:30:00,2026-08-08,MER-016-ACC-29,160,83,77,NORMAL
INV-0001583,2026-08-08 18:00:00,2026-08-08,MER-016-ACC-29,160,90,70,NORMAL
INV-0001584,2026-08-08 18:30:00,2026-08-08,MER-016-ACC-29,160,100,60,NORMAL
INV-0001585,2026-08-08 19:00:00,2026-08-08,MER-016-ACC-29,160,108,52,NORMAL
INV-0001586,2026-08-08 19:30:00,2026-08-08,MER-016-ACC-29,160,114,46,NORMAL
INV-0001587,2026-08-08 20:00:00,2026-08-08,MER-016-ACC-29,160,122,38,NORMAL
INV-0001588,2026-08-08 20:30:00,2026-08-08,MER-016-ACC-29,160,131,29,NORMAL
INV-0001589,2026-08-08 21:00:00,2026-08-08,MER-016-ACC-29,160,137,23,NORMAL
INV-0001590,2026-08-08 21:30:00,2026-08-08,MER-016-ACC-29,160,146,14,LOW
INV-0001591,2026-08-08 22:00:00,2026-08-08,MER-016-ACC-29,160,149,11,LOW
INV-0001592,2026-08-08 22:30:00,2026-08-08,MER-016-ACC-29,160,151,9,LOW
INV-0001593,2026-08-08 23:00:00,2026-08-08,MER-016-ACC-29,160,152,8,LOW
INV-0001594,2026-08-08 10:00:00,2026-08-08,MER-019-T_S-30,90,0,90,NORMAL
INV-0001595,2026-08-08 10:30:00,2026-08-08,MER-019-T_S-30,90,0,90,NORMAL
INV-0001596,2026-08-08 11:00:00,2026-08-08,MER-019-T_S-30,90,5,85,NORMAL
INV-0001597,2026-08-08 11:30:00,2026-08-08,MER-019-T_S-30,90,9,81,NORMAL
INV-0001598,2026-08-08 12:00:00,2026-08-08,MER-019-T_S-30,90,10,80,NORMAL
INV-0001599,2026-08-08 12:30:00,2026-08-08,MER-019-T_S-30,90,10,80,NORMAL
INV-0001600,2026-08-08 13:00:00,2026-08-08,MER-019-T_S-30,90,16,74,NORMAL
INV-0001601,2026-08-08 13:30:00,2026-08-08,MER-019-T_S-30,90,18,72,NORMAL
INV-0001602,2026-08-08 14:00:00,2026-08-08,MER-019-T_S-30,90,20,70,NORMAL
INV-0001603,2026-08-08 14:30:00,2026-08-08,MER-019-T_S-30,90,28,62,NORMAL
INV-0001604,2026-08-08 15:00:00,2026-08-08,MER-019-T_S-30,90,34,56,NORMAL
INV-0001605,2026-08-08 15:30:00,2026-08-08,MER-019-T_S-30,90,39,51,NORMAL
INV-0001606,2026-08-08 16:00:00,2026-08-08,MER-019-T_S-30,90,42,48,NORMAL
INV-0001607,2026-08-08 16:30:00,2026-08-08,MER-019-T_S-30,90,51,39,NORMAL
INV-0001608,2026-08-08 17:00:00,2026-08-08,MER-019-T_S-30,90,61,29,NORMAL
INV-0001609,2026-08-08 17:30:00,2026-08-08,MER-019-T_S-30,90,67,23,NORMAL
INV-0001610,2026-08-08 18:00:00,2026-08-08,MER-019-T_S-30,90,72,18,NORMAL
INV-0001611,2026-08-08 18:30:00,2026-08-08,MER-019-T_S-30,90,77,13,NORMAL
INV-0001612,2026-08-08 19:00:00,2026-08-08,MER-019-T_S-30,90,84,6,LOW
INV-0001613,2026-08-08 19:30:00,2026-08-08,MER-019-T_S-30,90,90,0,OUT_OF_STOCK
INV-0001614,2026-08-08 20:00:00,2026-08-08,MER-019-T_S-30,90,90,0,OUT_OF_STOCK
INV-0001615,2026-08-08 20:30:00,2026-08-08,MER-019-T_S-30,90,90,0,OUT_OF_STOCK
INV-0001616,2026-08-08 21:00:00,2026-08-08,MER-019-T_S-30,90,90,0,OUT_OF_STOCK
INV-0001617,2026-08-08 21:30:00,2026-08-08,MER-019-T_S-30,90,90,0,OUT_OF_STOCK
INV-0001618,2026-08-08 22:00:00,2026-08-08,MER-019-T_S-30,90,90,0,OUT_OF_STOCK
INV-0001619,2026-08-08 22:30:00,2026-08-08,MER-019-T_S-30,90,90,0,OUT_OF_STOCK
INV-0001620,2026-08-08 23:00:00,2026-08-08,MER-019-T_S-30,90,90,0,OUT_OF_STOCK
INV-0001621,2026-08-09 10:00:00,2026-08-09,MER-LUN-HOOD-BLK-M,180,0,180,NORMAL
INV-0001622,2026-08-09 10:30:00,2026-08-09,MER-LUN-HOOD-BLK-M,180,0,180,NORMAL
INV-0001623,2026-08-09 11:00:00,2026-08-09,MER-LUN-HOOD-BLK-M,180,0,180,NORMAL
INV-0001624,2026-08-09 11:30:00,2026-08-09,MER-LUN-HOOD-BLK-M,180,0,180,NORMAL
INV-0001625,2026-08-09 12:00:00,2026-08-09,MER-LUN-HOOD-BLK-M,180,0,180,NORMAL
INV-0001626,2026-08-09 12:30:00,2026-08-09,MER-LUN-HOOD-BLK-M,180,0,180,NORMAL
INV-0001627,2026-08-09 13:00:00,2026-08-09,MER-LUN-HOOD-BLK-M,180,0,180,NORMAL
INV-0001628,2026-08-09 13:30:00,2026-08-09,MER-LUN-HOOD-BLK-M,180,0,180,NORMAL
INV-0001629,2026-08-09 14:00:00,2026-08-09,MER-LUN-HOOD-BLK-M,180,0,180,NORMAL
INV-0001630,2026-08-09 14:30:00,2026-08-09,MER-LUN-HOOD-BLK-M,180,0,180,NORMAL
INV-0001631,2026-08-09 15:00:00,2026-08-09,MER-LUN-HOOD-BLK-M,180,0,180,NORMAL
INV-0001632,2026-08-09 15:30:00,2026-08-09,MER-LUN-HOOD-BLK-M,180,0,180,NORMAL
INV-0001633,2026-08-09 16:00:00,2026-08-09,MER-LUN-HOOD-BLK-M,180,0,180,NORMAL
INV-0001634,2026-08-09 16:30:00,2026-08-09,MER-LUN-HOOD-BLK-M,180,0,180,NORMAL
INV-0001635,2026-08-09 17:00:00,2026-08-09,MER-LUN-HOOD-BLK-M,180,0,180,NORMAL
INV-0001636,2026-08-09 17:30:00,2026-08-09,MER-LUN-HOOD-BLK-M,180,0,180,NORMAL
INV-0001637,2026-08-09 18:00:00,2026-08-09,MER-LUN-HOOD-BLK-M,180,0,180,NORMAL
INV-0001638,2026-08-09 18:30:00,2026-08-09,MER-LUN-HOOD-BLK-M,180,0,180,NORMAL
INV-0001639,2026-08-09 19:00:00,2026-08-09,MER-LUN-HOOD-BLK-M,180,0,180,NORMAL
INV-0001640,2026-08-09 19:30:00,2026-08-09,MER-LUN-HOOD-BLK-M,180,0,180,NORMAL
INV-0001641,2026-08-09 20:00:00,2026-08-09,MER-LUN-HOOD-BLK-M,180,0,180,NORMAL
INV-0001642,2026-08-09 20:30:00,2026-08-09,MER-LUN-HOOD-BLK-M,180,0,180,NORMAL
INV-0001643,2026-08-09 21:00:00,2026-08-09,MER-LUN-HOOD-BLK-M,180,0,180,NORMAL
INV-0001644,2026-08-09 21:30:00,2026-08-09,MER-LUN-HOOD-BLK-M,180,0,180,NORMAL
INV-0001645,2026-08-09 22:00:00,2026-08-09,MER-LUN-HOOD-BLK-M,180,0,180,NORMAL
INV-0001646,2026-08-09 22:30:00,2026-08-09,MER-LUN-HOOD-BLK-M,180,0,180,NORMAL
INV-0001647,2026-08-09 23:00:00,2026-08-09,MER-LUN-HOOD-BLK-M,180,0,180,NORMAL
INV-0001648,2026-08-09 10:00:00,2026-08-09,MER-LUN-TEE-WHT-M,220,0,220,NORMAL
INV-0001649,2026-08-09 10:30:00,2026-08-09,MER-LUN-TEE-WHT-M,220,0,220,NORMAL
INV-0001650,2026-08-09 11:00:00,2026-08-09,MER-LUN-TEE-WHT-M,220,9,211,NORMAL
INV-0001651,2026-08-09 11:30:00,2026-08-09,MER-LUN-TEE-WHT-M,220,9,211,NORMAL
INV-0001652,2026-08-09 12:00:00,2026-08-09,MER-LUN-TEE-WHT-M,220,12,208,NORMAL
INV-0001653,2026-08-09 12:30:00,2026-08-09,MER-LUN-TEE-WHT-M,220,16,204,NORMAL
INV-0001654,2026-08-09 13:00:00,2026-08-09,MER-LUN-TEE-WHT-M,220,20,200,NORMAL
INV-0001655,2026-08-09 13:30:00,2026-08-09,MER-LUN-TEE-WHT-M,220,22,198,NORMAL
INV-0001656,2026-08-09 14:00:00,2026-08-09,MER-LUN-TEE-WHT-M,220,30,190,NORMAL
INV-0001657,2026-08-09 14:30:00,2026-08-09,MER-LUN-TEE-WHT-M,220,34,186,NORMAL
INV-0001658,2026-08-09 15:00:00,2026-08-09,MER-LUN-TEE-WHT-M,220,45,175,NORMAL
INV-0001659,2026-08-09 15:30:00,2026-08-09,MER-LUN-TEE-WHT-M,220,51,169,NORMAL
INV-0001660,2026-08-09 16:00:00,2026-08-09,MER-LUN-TEE-WHT-M,220,67,153,NORMAL
INV-0001661,2026-08-09 16:30:00,2026-08-09,MER-LUN-TEE-WHT-M,220,73,147,NORMAL
INV-0001662,2026-08-09 17:00:00,2026-08-09,MER-LUN-TEE-WHT-M,220,82,138,NORMAL
INV-0001663,2026-08-09 17:30:00,2026-08-09,MER-LUN-TEE-WHT-M,220,93,127,NORMAL
INV-0001664,2026-08-09 18:00:00,2026-08-09,MER-LUN-TEE-WHT-M,220,107,113,NORMAL
INV-0001665,2026-08-09 18:30:00,2026-08-09,MER-LUN-TEE-WHT-M,220,115,105,NORMAL
INV-0001666,2026-08-09 19:00:00,2026-08-09,MER-LUN-TEE-WHT-M,220,124,96,NORMAL
INV-0001667,2026-08-09 19:30:00,2026-08-09,MER-LUN-TEE-WHT-M,220,138,82,NORMAL
INV-0001668,2026-08-09 20:00:00,2026-08-09,MER-LUN-TEE-WHT-M,220,143,77,NORMAL
INV-0001669,2026-08-09 20:30:00,2026-08-09,MER-LUN-TEE-WHT-M,220,147,73,NORMAL
INV-0001670,2026-08-09 21:00:00,2026-08-09,MER-LUN-TEE-WHT-M,220,152,68,NORMAL
INV-0001671,2026-08-09 21:30:00,2026-08-09,MER-LUN-TEE-WHT-M,220,158,62,NORMAL
INV-0001672,2026-08-09 22:00:00,2026-08-09,MER-LUN-TEE-WHT-M,220,159,61,NORMAL
INV-0001673,2026-08-09 22:30:00,2026-08-09,MER-LUN-TEE-WHT-M,220,166,54,NORMAL
INV-0001674,2026-08-09 23:00:00,2026-08-09,MER-LUN-TEE-WHT-M,220,169,51,NORMAL
INV-0001675,2026-08-09 10:00:00,2026-08-09,MER-CIR-TEE-BLK-L,180,0,180,NORMAL
INV-0001676,2026-08-09 10:30:00,2026-08-09,MER-CIR-TEE-BLK-L,180,0,180,NORMAL
INV-0001677,2026-08-09 11:00:00,2026-08-09,MER-CIR-TEE-BLK-L,180,12,168,NORMAL
INV-0001678,2026-08-09 11:30:00,2026-08-09,MER-CIR-TEE-BLK-L,180,14,166,NORMAL
INV-0001679,2026-08-09 12:00:00,2026-08-09,MER-CIR-TEE-BLK-L,180,15,165,NORMAL
INV-0001680,2026-08-09 12:30:00,2026-08-09,MER-CIR-TEE-BLK-L,180,17,163,NORMAL
INV-0001681,2026-08-09 13:00:00,2026-08-09,MER-CIR-TEE-BLK-L,180,22,158,NORMAL
INV-0001682,2026-08-09 13:30:00,2026-08-09,MER-CIR-TEE-BLK-L,180,24,156,NORMAL
INV-0001683,2026-08-09 14:00:00,2026-08-09,MER-CIR-TEE-BLK-L,180,29,151,NORMAL
INV-0001684,2026-08-09 14:30:00,2026-08-09,MER-CIR-TEE-BLK-L,180,38,142,NORMAL
INV-0001685,2026-08-09 15:00:00,2026-08-09,MER-CIR-TEE-BLK-L,180,46,134,NORMAL
INV-0001686,2026-08-09 15:30:00,2026-08-09,MER-CIR-TEE-BLK-L,180,51,129,NORMAL
INV-0001687,2026-08-09 16:00:00,2026-08-09,MER-CIR-TEE-BLK-L,180,67,113,NORMAL
INV-0001688,2026-08-09 16:30:00,2026-08-09,MER-CIR-TEE-BLK-L,180,74,106,NORMAL
INV-0001689,2026-08-09 17:00:00,2026-08-09,MER-CIR-TEE-BLK-L,180,84,96,NORMAL
INV-0001690,2026-08-09 17:30:00,2026-08-09,MER-CIR-TEE-BLK-L,180,95,85,NORMAL
INV-0001691,2026-08-09 18:00:00,2026-08-09,MER-CIR-TEE-BLK-L,180,105,75,NORMAL
INV-0001692,2026-08-09 18:30:00,2026-08-09,MER-CIR-TEE-BLK-L,180,114,66,NORMAL
INV-0001693,2026-08-09 19:00:00,2026-08-09,MER-CIR-TEE-BLK-L,180,127,53,NORMAL
INV-0001694,2026-08-09 19:30:00,2026-08-09,MER-CIR-TEE-BLK-L,180,143,37,NORMAL
INV-0001695,2026-08-09 20:00:00,2026-08-09,MER-CIR-TEE-BLK-L,180,151,29,NORMAL
INV-0001696,2026-08-09 20:30:00,2026-08-09,MER-CIR-TEE-BLK-L,180,157,23,NORMAL
INV-0001697,2026-08-09 21:00:00,2026-08-09,MER-CIR-TEE-BLK-L,180,162,18,LOW
INV-0001698,2026-08-09 21:30:00,2026-08-09,MER-CIR-TEE-BLK-L,180,170,10,LOW
INV-0001699,2026-08-09 22:00:00,2026-08-09,MER-CIR-TEE-BLK-L,180,177,3,LOW
INV-0001700,2026-08-09 22:30:00,2026-08-09,MER-CIR-TEE-BLK-L,180,180,0,OUT_OF_STOCK
INV-0001701,2026-08-09 23:00:00,2026-08-09,MER-CIR-TEE-BLK-L,180,180,0,OUT_OF_STOCK
INV-0001702,2026-08-09 10:00:00,2026-08-09,MER-BYT-CAP-BLK,130,0,130,NORMAL
INV-0001703,2026-08-09 10:30:00,2026-08-09,MER-BYT-CAP-BLK,130,0,130,NORMAL
INV-0001704,2026-08-09 11:00:00,2026-08-09,MER-BYT-CAP-BLK,130,5,125,NORMAL
INV-0001705,2026-08-09 11:30:00,2026-08-09,MER-BYT-CAP-BLK,130,7,123,NORMAL
INV-0001706,2026-08-09 12:00:00,2026-08-09,MER-BYT-CAP-BLK,130,11,119,NORMAL
INV-0001707,2026-08-09 12:30:00,2026-08-09,MER-BYT-CAP-BLK,130,20,110,NORMAL
INV-0001708,2026-08-09 13:00:00,2026-08-09,MER-BYT-CAP-BLK,130,25,105,NORMAL
INV-0001709,2026-08-09 13:30:00,2026-08-09,MER-BYT-CAP-BLK,130,31,99,NORMAL
INV-0001710,2026-08-09 14:00:00,2026-08-09,MER-BYT-CAP-BLK,130,42,88,NORMAL
INV-0001711,2026-08-09 14:30:00,2026-08-09,MER-BYT-CAP-BLK,130,53,77,NORMAL
INV-0001712,2026-08-09 15:00:00,2026-08-09,MER-BYT-CAP-BLK,130,60,70,NORMAL
INV-0001713,2026-08-09 15:30:00,2026-08-09,MER-BYT-CAP-BLK,130,70,60,NORMAL
INV-0001714,2026-08-09 16:00:00,2026-08-09,MER-BYT-CAP-BLK,130,83,47,NORMAL
INV-0001715,2026-08-09 16:30:00,2026-08-09,MER-BYT-CAP-BLK,130,88,42,NORMAL
INV-0001716,2026-08-09 17:00:00,2026-08-09,MER-BYT-CAP-BLK,130,99,31,NORMAL
INV-0001717,2026-08-09 17:30:00,2026-08-09,MER-BYT-CAP-BLK,130,111,19,NORMAL
INV-0001718,2026-08-09 18:00:00,2026-08-09,MER-BYT-CAP-BLK,130,119,11,LOW
INV-0001719,2026-08-09 18:30:00,2026-08-09,MER-BYT-CAP-BLK,130,130,0,OUT_OF_STOCK
INV-0001720,2026-08-09 19:00:00,2026-08-09,MER-BYT-CAP-BLK,130,130,0,OUT_OF_STOCK
INV-0001721,2026-08-09 19:30:00,2026-08-09,MER-BYT-CAP-BLK,130,130,0,OUT_OF_STOCK
INV-0001722,2026-08-09 20:00:00,2026-08-09,MER-BYT-CAP-BLK,130,130,0,OUT_OF_STOCK
INV-0001723,2026-08-09 20:30:00,2026-08-09,MER-BYT-CAP-BLK,130,130,0,OUT_OF_STOCK
INV-0001724,2026-08-09 21:00:00,2026-08-09,MER-BYT-CAP-BLK,130,130,0,OUT_OF_STOCK
INV-0001725,2026-08-09 21:30:00,2026-08-09,MER-BYT-CAP-BLK,130,130,0,OUT_OF_STOCK
INV-0001726,2026-08-09 22:00:00,2026-08-09,MER-BYT-CAP-BLK,130,130,0,OUT_OF_STOCK
INV-0001727,2026-08-09 22:30:00,2026-08-09,MER-BYT-CAP-BLK,130,130,0,OUT_OF_STOCK
INV-0001728,2026-08-09 23:00:00,2026-08-09,MER-BYT-CAP-BLK,130,130,0,OUT_OF_STOCK
INV-0001729,2026-08-09 10:00:00,2026-08-09,MER-MOD-TOW-GRN,200,0,200,NORMAL
INV-0001730,2026-08-09 10:30:00,2026-08-09,MER-MOD-TOW-GRN,200,0,200,NORMAL
INV-0001731,2026-08-09 11:00:00,2026-08-09,MER-MOD-TOW-GRN,200,8,192,NORMAL
INV-0001732,2026-08-09 11:30:00,2026-08-09,MER-MOD-TOW-GRN,200,10,190,NORMAL
INV-0001733,2026-08-09 12:00:00,2026-08-09,MER-MOD-TOW-GRN,200,12,188,NORMAL
INV-0001734,2026-08-09 12:30:00,2026-08-09,MER-MOD-TOW-GRN,200,14,186,NORMAL
INV-0001735,2026-08-09 13:00:00,2026-08-09,MER-MOD-TOW-GRN,200,19,181,NORMAL
INV-0001736,2026-08-09 13:30:00,2026-08-09,MER-MOD-TOW-GRN,200,24,176,NORMAL
INV-0001737,2026-08-09 14:00:00,2026-08-09,MER-MOD-TOW-GRN,200,28,172,NORMAL
INV-0001738,2026-08-09 14:30:00,2026-08-09,MER-MOD-TOW-GRN,200,35,165,NORMAL
INV-0001739,2026-08-09 15:00:00,2026-08-09,MER-MOD-TOW-GRN,200,44,156,NORMAL
INV-0001740,2026-08-09 15:30:00,2026-08-09,MER-MOD-TOW-GRN,200,52,148,NORMAL
INV-0001741,2026-08-09 16:00:00,2026-08-09,MER-MOD-TOW-GRN,200,56,144,NORMAL
INV-0001742,2026-08-09 16:30:00,2026-08-09,MER-MOD-TOW-GRN,200,63,137,NORMAL
INV-0001743,2026-08-09 17:00:00,2026-08-09,MER-MOD-TOW-GRN,200,69,131,NORMAL
INV-0001744,2026-08-09 17:30:00,2026-08-09,MER-MOD-TOW-GRN,200,83,117,NORMAL
INV-0001745,2026-08-09 18:00:00,2026-08-09,MER-MOD-TOW-GRN,200,91,109,NORMAL
INV-0001746,2026-08-09 18:30:00,2026-08-09,MER-MOD-TOW-GRN,200,93,107,NORMAL
INV-0001747,2026-08-09 19:00:00,2026-08-09,MER-MOD-TOW-GRN,200,102,98,NORMAL
INV-0001748,2026-08-09 19:30:00,2026-08-09,MER-MOD-TOW-GRN,200,110,90,NORMAL
INV-0001749,2026-08-09 20:00:00,2026-08-09,MER-MOD-TOW-GRN,200,118,82,NORMAL
INV-0001750,2026-08-09 20:30:00,2026-08-09,MER-MOD-TOW-GRN,200,128,72,NORMAL
INV-0001751,2026-08-09 21:00:00,2026-08-09,MER-MOD-TOW-GRN,200,133,67,NORMAL
INV-0001752,2026-08-09 21:30:00,2026-08-09,MER-MOD-TOW-GRN,200,134,66,NORMAL
INV-0001753,2026-08-09 22:00:00,2026-08-09,MER-MOD-TOW-GRN,200,136,64,NORMAL
INV-0001754,2026-08-09 22:30:00,2026-08-09,MER-MOD-TOW-GRN,200,137,63,NORMAL
INV-0001755,2026-08-09 23:00:00,2026-08-09,MER-MOD-TOW-GRN,200,141,59,NORMAL
INV-0001756,2026-08-09 10:00:00,2026-08-09,MER-PUL-TEE-NVY-M,170,0,170,NORMAL
INV-0001757,2026-08-09 10:30:00,2026-08-09,MER-PUL-TEE-NVY-M,170,0,170,NORMAL
INV-0001758,2026-08-09 11:00:00,2026-08-09,MER-PUL-TEE-NVY-M,170,4,166,NORMAL
INV-0001759,2026-08-09 11:30:00,2026-08-09,MER-PUL-TEE-NVY-M,170,8,162,NORMAL
INV-0001760,2026-08-09 12:00:00,2026-08-09,MER-PUL-TEE-NVY-M,170,10,160,NORMAL
INV-0001761,2026-08-09 12:30:00,2026-08-09,MER-PUL-TEE-NVY-M,170,10,160,NORMAL
INV-0001762,2026-08-09 13:00:00,2026-08-09,MER-PUL-TEE-NVY-M,170,13,157,NORMAL
INV-0001763,2026-08-09 13:30:00,2026-08-09,MER-PUL-TEE-NVY-M,170,16,154,NORMAL
INV-0001764,2026-08-09 14:00:00,2026-08-09,MER-PUL-TEE-NVY-M,170,21,149,NORMAL
INV-0001765,2026-08-09 14:30:00,2026-08-09,MER-PUL-TEE-NVY-M,170,26,144,NORMAL
INV-0001766,2026-08-09 15:00:00,2026-08-09,MER-PUL-TEE-NVY-M,170,30,140,NORMAL
INV-0001767,2026-08-09 15:30:00,2026-08-09,MER-PUL-TEE-NVY-M,170,38,132,NORMAL
INV-0001768,2026-08-09 16:00:00,2026-08-09,MER-PUL-TEE-NVY-M,170,42,128,NORMAL
INV-0001769,2026-08-09 16:30:00,2026-08-09,MER-PUL-TEE-NVY-M,170,46,124,NORMAL
INV-0001770,2026-08-09 17:00:00,2026-08-09,MER-PUL-TEE-NVY-M,170,52,118,NORMAL
INV-0001771,2026-08-09 17:30:00,2026-08-09,MER-PUL-TEE-NVY-M,170,64,106,NORMAL
INV-0001772,2026-08-09 18:00:00,2026-08-09,MER-PUL-TEE-NVY-M,170,71,99,NORMAL
INV-0001773,2026-08-09 18:30:00,2026-08-09,MER-PUL-TEE-NVY-M,170,80,90,NORMAL
INV-0001774,2026-08-09 19:00:00,2026-08-09,MER-PUL-TEE-NVY-M,170,92,78,NORMAL
INV-0001775,2026-08-09 19:30:00,2026-08-09,MER-PUL-TEE-NVY-M,170,102,68,NORMAL
INV-0001776,2026-08-09 20:00:00,2026-08-09,MER-PUL-TEE-NVY-M,170,105,65,NORMAL
INV-0001777,2026-08-09 20:30:00,2026-08-09,MER-PUL-TEE-NVY-M,170,117,53,NORMAL
INV-0001778,2026-08-09 21:00:00,2026-08-09,MER-PUL-TEE-NVY-M,170,124,46,NORMAL
INV-0001779,2026-08-09 21:30:00,2026-08-09,MER-PUL-TEE-NVY-M,170,128,42,NORMAL
INV-0001780,2026-08-09 22:00:00,2026-08-09,MER-PUL-TEE-NVY-M,170,129,41,NORMAL
INV-0001781,2026-08-09 22:30:00,2026-08-09,MER-PUL-TEE-NVY-M,170,129,41,NORMAL
INV-0001782,2026-08-09 23:00:00,2026-08-09,MER-PUL-TEE-NVY-M,170,131,39,NORMAL
INV-0001783,2026-08-09 10:00:00,2026-08-09,MER-FES-TEE-2026,550,0,550,NORMAL
INV-0001784,2026-08-09 10:30:00,2026-08-09,MER-FES-TEE-2026,550,0,550,NORMAL
INV-0001785,2026-08-09 11:00:00,2026-08-09,MER-FES-TEE-2026,550,5,545,NORMAL
INV-0001786,2026-08-09 11:30:00,2026-08-09,MER-FES-TEE-2026,550,7,543,NORMAL
INV-0001787,2026-08-09 12:00:00,2026-08-09,MER-FES-TEE-2026,550,7,543,NORMAL
INV-0001788,2026-08-09 12:30:00,2026-08-09,MER-FES-TEE-2026,550,8,542,NORMAL
INV-0001789,2026-08-09 13:00:00,2026-08-09,MER-FES-TEE-2026,550,13,537,NORMAL
INV-0001790,2026-08-09 13:30:00,2026-08-09,MER-FES-TEE-2026,550,19,531,NORMAL
INV-0001791,2026-08-09 14:00:00,2026-08-09,MER-FES-TEE-2026,550,25,525,NORMAL
INV-0001792,2026-08-09 14:30:00,2026-08-09,MER-FES-TEE-2026,550,29,521,NORMAL
INV-0001793,2026-08-09 15:00:00,2026-08-09,MER-FES-TEE-2026,550,36,514,NORMAL
INV-0001794,2026-08-09 15:30:00,2026-08-09,MER-FES-TEE-2026,550,44,506,NORMAL
INV-0001795,2026-08-09 16:00:00,2026-08-09,MER-FES-TEE-2026,550,51,499,NORMAL
INV-0001796,2026-08-09 16:30:00,2026-08-09,MER-FES-TEE-2026,550,59,491,NORMAL
INV-0001797,2026-08-09 17:00:00,2026-08-09,MER-FES-TEE-2026,550,64,486,NORMAL
INV-0001798,2026-08-09 17:30:00,2026-08-09,MER-FES-TEE-2026,550,70,480,NORMAL
INV-0001799,2026-08-09 18:00:00,2026-08-09,MER-FES-TEE-2026,550,77,473,NORMAL
INV-0001800,2026-08-09 18:30:00,2026-08-09,MER-FES-TEE-2026,550,82,468,NORMAL
INV-0001801,2026-08-09 19:00:00,2026-08-09,MER-FES-TEE-2026,550,88,462,NORMAL
INV-0001802,2026-08-09 19:30:00,2026-08-09,MER-FES-TEE-2026,550,96,454,NORMAL
INV-0001803,2026-08-09 20:00:00,2026-08-09,MER-FES-TEE-2026,550,99,451,NORMAL
INV-0001804,2026-08-09 20:30:00,2026-08-09,MER-FES-TEE-2026,550,103,447,NORMAL
INV-0001805,2026-08-09 21:00:00,2026-08-09,MER-FES-TEE-2026,550,108,442,NORMAL
INV-0001806,2026-08-09 21:30:00,2026-08-09,MER-FES-TEE-2026,550,115,435,NORMAL
INV-0001807,2026-08-09 22:00:00,2026-08-09,MER-FES-TEE-2026,550,117,433,NORMAL
INV-0001808,2026-08-09 22:30:00,2026-08-09,MER-FES-TEE-2026,550,119,431,NORMAL
INV-0001809,2026-08-09 23:00:00,2026-08-09,MER-FES-TEE-2026,550,122,428,NORMAL
INV-0001810,2026-08-09 10:00:00,2026-08-09,MER-FES-TOW-2026,650,0,650,NORMAL
INV-0001811,2026-08-09 10:30:00,2026-08-09,MER-FES-TOW-2026,650,0,650,NORMAL
INV-0001812,2026-08-09 11:00:00,2026-08-09,MER-FES-TOW-2026,650,10,640,NORMAL
INV-0001813,2026-08-09 11:30:00,2026-08-09,MER-FES-TOW-2026,650,11,639,NORMAL
INV-0001814,2026-08-09 12:00:00,2026-08-09,MER-FES-TOW-2026,650,13,637,NORMAL
INV-0001815,2026-08-09 12:30:00,2026-08-09,MER-FES-TOW-2026,650,16,634,NORMAL
INV-0001816,2026-08-09 13:00:00,2026-08-09,MER-FES-TOW-2026,650,20,630,NORMAL
INV-0001817,2026-08-09 13:30:00,2026-08-09,MER-FES-TOW-2026,650,24,626,NORMAL
INV-0001818,2026-08-09 14:00:00,2026-08-09,MER-FES-TOW-2026,650,33,617,NORMAL
INV-0001819,2026-08-09 14:30:00,2026-08-09,MER-FES-TOW-2026,650,39,611,NORMAL
INV-0001820,2026-08-09 15:00:00,2026-08-09,MER-FES-TOW-2026,650,46,604,NORMAL
INV-0001821,2026-08-09 15:30:00,2026-08-09,MER-FES-TOW-2026,650,49,601,NORMAL
INV-0001822,2026-08-09 16:00:00,2026-08-09,MER-FES-TOW-2026,650,57,593,NORMAL
INV-0001823,2026-08-09 16:30:00,2026-08-09,MER-FES-TOW-2026,650,71,579,NORMAL
INV-0001824,2026-08-09 17:00:00,2026-08-09,MER-FES-TOW-2026,650,72,578,NORMAL
INV-0001825,2026-08-09 17:30:00,2026-08-09,MER-FES-TOW-2026,650,83,567,NORMAL
INV-0001826,2026-08-09 18:00:00,2026-08-09,MER-FES-TOW-2026,650,91,559,NORMAL
INV-0001827,2026-08-09 18:30:00,2026-08-09,MER-FES-TOW-2026,650,107,543,NORMAL
INV-0001828,2026-08-09 19:00:00,2026-08-09,MER-FES-TOW-2026,650,113,537,NORMAL
INV-0001829,2026-08-09 19:30:00,2026-08-09,MER-FES-TOW-2026,650,117,533,NORMAL
INV-0001830,2026-08-09 20:00:00,2026-08-09,MER-FES-TOW-2026,650,119,531,NORMAL
INV-0001831,2026-08-09 20:30:00,2026-08-09,MER-FES-TOW-2026,650,124,526,NORMAL
INV-0001832,2026-08-09 21:00:00,2026-08-09,MER-FES-TOW-2026,650,126,524,NORMAL
INV-0001833,2026-08-09 21:30:00,2026-08-09,MER-FES-TOW-2026,650,132,518,NORMAL
INV-0001834,2026-08-09 22:00:00,2026-08-09,MER-FES-TOW-2026,650,136,514,NORMAL
INV-0001835,2026-08-09 22:30:00,2026-08-09,MER-FES-TOW-2026,650,138,512,NORMAL
INV-0001836,2026-08-09 23:00:00,2026-08-09,MER-FES-TOW-2026,650,140,510,NORMAL
INV-0001837,2026-08-09 10:00:00,2026-08-09,MER-FES-USB-SAMPLE,220,0,220,NORMAL
INV-0001838,2026-08-09 10:30:00,2026-08-09,MER-FES-USB-SAMPLE,220,0,220,NORMAL
INV-0001839,2026-08-09 11:00:00,2026-08-09,MER-FES-USB-SAMPLE,220,5,215,NORMAL
INV-0001840,2026-08-09 11:30:00,2026-08-09,MER-FES-USB-SAMPLE,220,8,212,NORMAL
INV-0001841,2026-08-09 12:00:00,2026-08-09,MER-FES-USB-SAMPLE,220,10,210,NORMAL
INV-0001842,2026-08-09 12:30:00,2026-08-09,MER-FES-USB-SAMPLE,220,13,207,NORMAL
INV-0001843,2026-08-09 13:00:00,2026-08-09,MER-FES-USB-SAMPLE,220,17,203,NORMAL
INV-0001844,2026-08-09 13:30:00,2026-08-09,MER-FES-USB-SAMPLE,220,23,197,NORMAL
INV-0001845,2026-08-09 14:00:00,2026-08-09,MER-FES-USB-SAMPLE,220,25,195,NORMAL
INV-0001846,2026-08-09 14:30:00,2026-08-09,MER-FES-USB-SAMPLE,220,33,187,NORMAL
INV-0001847,2026-08-09 15:00:00,2026-08-09,MER-FES-USB-SAMPLE,220,38,182,NORMAL
INV-0001848,2026-08-09 15:30:00,2026-08-09,MER-FES-USB-SAMPLE,220,42,178,NORMAL
INV-0001849,2026-08-09 16:00:00,2026-08-09,MER-FES-USB-SAMPLE,220,48,172,NORMAL
INV-0001850,2026-08-09 16:30:00,2026-08-09,MER-FES-USB-SAMPLE,220,57,163,NORMAL
INV-0001851,2026-08-09 17:00:00,2026-08-09,MER-FES-USB-SAMPLE,220,66,154,NORMAL
INV-0001852,2026-08-09 17:30:00,2026-08-09,MER-FES-USB-SAMPLE,220,78,142,NORMAL
INV-0001853,2026-08-09 18:00:00,2026-08-09,MER-FES-USB-SAMPLE,220,91,129,NORMAL
INV-0001854,2026-08-09 18:30:00,2026-08-09,MER-FES-USB-SAMPLE,220,95,125,NORMAL
INV-0001855,2026-08-09 19:00:00,2026-08-09,MER-FES-USB-SAMPLE,220,101,119,NORMAL
INV-0001856,2026-08-09 19:30:00,2026-08-09,MER-FES-USB-SAMPLE,220,108,112,NORMAL
INV-0001857,2026-08-09 20:00:00,2026-08-09,MER-FES-USB-SAMPLE,220,115,105,NORMAL
INV-0001858,2026-08-09 20:30:00,2026-08-09,MER-FES-USB-SAMPLE,220,123,97,NORMAL
INV-0001859,2026-08-09 21:00:00,2026-08-09,MER-FES-USB-SAMPLE,220,130,90,NORMAL
INV-0001860,2026-08-09 21:30:00,2026-08-09,MER-FES-USB-SAMPLE,220,134,86,NORMAL
INV-0001861,2026-08-09 22:00:00,2026-08-09,MER-FES-USB-SAMPLE,220,136,84,NORMAL
INV-0001862,2026-08-09 22:30:00,2026-08-09,MER-FES-USB-SAMPLE,220,140,80,NORMAL
INV-0001863,2026-08-09 23:00:00,2026-08-09,MER-FES-USB-SAMPLE,220,143,77,NORMAL
INV-0001864,2026-08-09 10:00:00,2026-08-09,MER-FES-EARPLUG,500,0,500,NORMAL
INV-0001865,2026-08-09 10:30:00,2026-08-09,MER-FES-EARPLUG,500,0,500,NORMAL
INV-0001866,2026-08-09 11:00:00,2026-08-09,MER-FES-EARPLUG,500,5,495,NORMAL
INV-0001867,2026-08-09 11:30:00,2026-08-09,MER-FES-EARPLUG,500,6,494,NORMAL
INV-0001868,2026-08-09 12:00:00,2026-08-09,MER-FES-EARPLUG,500,13,487,NORMAL
INV-0001869,2026-08-09 12:30:00,2026-08-09,MER-FES-EARPLUG,500,19,481,NORMAL
INV-0001870,2026-08-09 13:00:00,2026-08-09,MER-FES-EARPLUG,500,24,476,NORMAL
INV-0001871,2026-08-09 13:30:00,2026-08-09,MER-FES-EARPLUG,500,31,469,NORMAL
INV-0001872,2026-08-09 14:00:00,2026-08-09,MER-FES-EARPLUG,500,39,461,NORMAL
INV-0001873,2026-08-09 14:30:00,2026-08-09,MER-FES-EARPLUG,500,49,451,NORMAL
INV-0001874,2026-08-09 15:00:00,2026-08-09,MER-FES-EARPLUG,500,63,437,NORMAL
INV-0001875,2026-08-09 15:30:00,2026-08-09,MER-FES-EARPLUG,500,70,430,NORMAL
INV-0001876,2026-08-09 16:00:00,2026-08-09,MER-FES-EARPLUG,500,78,422,NORMAL
INV-0001877,2026-08-09 16:30:00,2026-08-09,MER-FES-EARPLUG,500,86,414,NORMAL
INV-0001878,2026-08-09 17:00:00,2026-08-09,MER-FES-EARPLUG,500,91,409,NORMAL
INV-0001879,2026-08-09 17:30:00,2026-08-09,MER-FES-EARPLUG,500,101,399,NORMAL
INV-0001880,2026-08-09 18:00:00,2026-08-09,MER-FES-EARPLUG,500,108,392,NORMAL
INV-0001881,2026-08-09 18:30:00,2026-08-09,MER-FES-EARPLUG,500,114,386,NORMAL
INV-0001882,2026-08-09 19:00:00,2026-08-09,MER-FES-EARPLUG,500,120,380,NORMAL
INV-0001883,2026-08-09 19:30:00,2026-08-09,MER-FES-EARPLUG,500,127,373,NORMAL
INV-0001884,2026-08-09 20:00:00,2026-08-09,MER-FES-EARPLUG,500,133,367,NORMAL
INV-0001885,2026-08-09 20:30:00,2026-08-09,MER-FES-EARPLUG,500,139,361,NORMAL
INV-0001886,2026-08-09 21:00:00,2026-08-09,MER-FES-EARPLUG,500,146,354,NORMAL
INV-0001887,2026-08-09 21:30:00,2026-08-09,MER-FES-EARPLUG,500,150,350,NORMAL
INV-0001888,2026-08-09 22:00:00,2026-08-09,MER-FES-EARPLUG,500,151,349,NORMAL
INV-0001889,2026-08-09 22:30:00,2026-08-09,MER-FES-EARPLUG,500,154,346,NORMAL
INV-0001890,2026-08-09 23:00:00,2026-08-09,MER-FES-EARPLUG,500,154,346,NORMAL
INV-0001891,2026-08-09 10:00:00,2026-08-09,MER-034-ACC-11,180,0,180,NORMAL
INV-0001892,2026-08-09 10:30:00,2026-08-09,MER-034-ACC-11,180,0,180,NORMAL
INV-0001893,2026-08-09 11:00:00,2026-08-09,MER-034-ACC-11,180,5,175,NORMAL
INV-0001894,2026-08-09 11:30:00,2026-08-09,MER-034-ACC-11,180,7,173,NORMAL
INV-0001895,2026-08-09 12:00:00,2026-08-09,MER-034-ACC-11,180,10,170,NORMAL
INV-0001896,2026-08-09 12:30:00,2026-08-09,MER-034-ACC-11,180,11,169,NORMAL
INV-0001897,2026-08-09 13:00:00,2026-08-09,MER-034-ACC-11,180,16,164,NORMAL
INV-0001898,2026-08-09 13:30:00,2026-08-09,MER-034-ACC-11,180,22,158,NORMAL
INV-0001899,2026-08-09 14:00:00,2026-08-09,MER-034-ACC-11,180,24,156,NORMAL
INV-0001900,2026-08-09 14:30:00,2026-08-09,MER-034-ACC-11,180,28,152,NORMAL
INV-0001901,2026-08-09 15:00:00,2026-08-09,MER-034-ACC-11,180,28,152,NORMAL
INV-0001902,2026-08-09 15:30:00,2026-08-09,MER-034-ACC-11,180,37,143,NORMAL
INV-0001903,2026-08-09 16:00:00,2026-08-09,MER-034-ACC-11,180,42,138,NORMAL
INV-0001904,2026-08-09 16:30:00,2026-08-09,MER-034-ACC-11,180,57,123,NORMAL
INV-0001905,2026-08-09 17:00:00,2026-08-09,MER-034-ACC-11,180,65,115,NORMAL
INV-0001906,2026-08-09 17:30:00,2026-08-09,MER-034-ACC-11,180,76,104,NORMAL
INV-0001907,2026-08-09 18:00:00,2026-08-09,MER-034-ACC-11,180,85,95,NORMAL
INV-0001908,2026-08-09 18:30:00,2026-08-09,MER-034-ACC-11,180,88,92,NORMAL
INV-0001909,2026-08-09 19:00:00,2026-08-09,MER-034-ACC-11,180,97,83,NORMAL
INV-0001910,2026-08-09 19:30:00,2026-08-09,MER-034-ACC-11,180,101,79,NORMAL
INV-0001911,2026-08-09 20:00:00,2026-08-09,MER-034-ACC-11,180,106,74,NORMAL
INV-0001912,2026-08-09 20:30:00,2026-08-09,MER-034-ACC-11,180,109,71,NORMAL
INV-0001913,2026-08-09 21:00:00,2026-08-09,MER-034-ACC-11,180,109,71,NORMAL
INV-0001914,2026-08-09 21:30:00,2026-08-09,MER-034-ACC-11,180,111,69,NORMAL
INV-0001915,2026-08-09 22:00:00,2026-08-09,MER-034-ACC-11,180,113,67,NORMAL
INV-0001916,2026-08-09 22:30:00,2026-08-09,MER-034-ACC-11,180,115,65,NORMAL
INV-0001917,2026-08-09 23:00:00,2026-08-09,MER-034-ACC-11,180,117,63,NORMAL
INV-0001918,2026-08-09 10:00:00,2026-08-09,MER-001-T_S-12,130,0,130,NORMAL
INV-0001919,2026-08-09 10:30:00,2026-08-09,MER-001-T_S-12,130,0,130,NORMAL
INV-0001920,2026-08-09 11:00:00,2026-08-09,MER-001-T_S-12,130,10,120,NORMAL
INV-0001921,2026-08-09 11:30:00,2026-08-09,MER-001-T_S-12,130,10,120,NORMAL
INV-0001922,2026-08-09 12:00:00,2026-08-09,MER-001-T_S-12,130,14,116,NORMAL
INV-0001923,2026-08-09 12:30:00,2026-08-09,MER-001-T_S-12,130,21,109,NORMAL
INV-0001924,2026-08-09 13:00:00,2026-08-09,MER-001-T_S-12,130,25,105,NORMAL
INV-0001925,2026-08-09 13:30:00,2026-08-09,MER-001-T_S-12,130,27,103,NORMAL
INV-0001926,2026-08-09 14:00:00,2026-08-09,MER-001-T_S-12,130,35,95,NORMAL
INV-0001927,2026-08-09 14:30:00,2026-08-09,MER-001-T_S-12,130,44,86,NORMAL
INV-0001928,2026-08-09 15:00:00,2026-08-09,MER-001-T_S-12,130,51,79,NORMAL
INV-0001929,2026-08-09 15:30:00,2026-08-09,MER-001-T_S-12,130,57,73,NORMAL
INV-0001930,2026-08-09 16:00:00,2026-08-09,MER-001-T_S-12,130,72,58,NORMAL
INV-0001931,2026-08-09 16:30:00,2026-08-09,MER-001-T_S-12,130,77,53,NORMAL
INV-0001932,2026-08-09 17:00:00,2026-08-09,MER-001-T_S-12,130,84,46,NORMAL
INV-0001933,2026-08-09 17:30:00,2026-08-09,MER-001-T_S-12,130,99,31,NORMAL
INV-0001934,2026-08-09 18:00:00,2026-08-09,MER-001-T_S-12,130,110,20,NORMAL
INV-0001935,2026-08-09 18:30:00,2026-08-09,MER-001-T_S-12,130,122,8,LOW
INV-0001936,2026-08-09 19:00:00,2026-08-09,MER-001-T_S-12,130,130,0,OUT_OF_STOCK
INV-0001937,2026-08-09 19:30:00,2026-08-09,MER-001-T_S-12,130,130,0,OUT_OF_STOCK
INV-0001938,2026-08-09 20:00:00,2026-08-09,MER-001-T_S-12,130,130,0,OUT_OF_STOCK
INV-0001939,2026-08-09 20:30:00,2026-08-09,MER-001-T_S-12,130,130,0,OUT_OF_STOCK
INV-0001940,2026-08-09 21:00:00,2026-08-09,MER-001-T_S-12,130,130,0,OUT_OF_STOCK
INV-0001941,2026-08-09 21:30:00,2026-08-09,MER-001-T_S-12,130,130,0,OUT_OF_STOCK
INV-0001942,2026-08-09 22:00:00,2026-08-09,MER-001-T_S-12,130,130,0,OUT_OF_STOCK
INV-0001943,2026-08-09 22:30:00,2026-08-09,MER-001-T_S-12,130,130,0,OUT_OF_STOCK
INV-0001944,2026-08-09 23:00:00,2026-08-09,MER-001-T_S-12,130,130,0,OUT_OF_STOCK
INV-0001945,2026-08-09 10:00:00,2026-08-09,MER-004-HOO-13,80,0,80,NORMAL
INV-0001946,2026-08-09 10:30:00,2026-08-09,MER-004-HOO-13,80,0,80,NORMAL
INV-0001947,2026-08-09 11:00:00,2026-08-09,MER-004-HOO-13,80,1,79,NORMAL
INV-0001948,2026-08-09 11:30:00,2026-08-09,MER-004-HOO-13,80,3,77,NORMAL
INV-0001949,2026-08-09 12:00:00,2026-08-09,MER-004-HOO-13,80,4,76,NORMAL
INV-0001950,2026-08-09 12:30:00,2026-08-09,MER-004-HOO-13,80,7,73,NORMAL
INV-0001951,2026-08-09 13:00:00,2026-08-09,MER-004-HOO-13,80,9,71,NORMAL
INV-0001952,2026-08-09 13:30:00,2026-08-09,MER-004-HOO-13,80,12,68,NORMAL
INV-0001953,2026-08-09 14:00:00,2026-08-09,MER-004-HOO-13,80,15,65,NORMAL
INV-0001954,2026-08-09 14:30:00,2026-08-09,MER-004-HOO-13,80,19,61,NORMAL
INV-0001955,2026-08-09 15:00:00,2026-08-09,MER-004-HOO-13,80,27,53,NORMAL
INV-0001956,2026-08-09 15:30:00,2026-08-09,MER-004-HOO-13,80,31,49,NORMAL
INV-0001957,2026-08-09 16:00:00,2026-08-09,MER-004-HOO-13,80,40,40,NORMAL
INV-0001958,2026-08-09 16:30:00,2026-08-09,MER-004-HOO-13,80,46,34,NORMAL
INV-0001959,2026-08-09 17:00:00,2026-08-09,MER-004-HOO-13,80,58,22,NORMAL
INV-0001960,2026-08-09 17:30:00,2026-08-09,MER-004-HOO-13,80,59,21,NORMAL
INV-0001961,2026-08-09 18:00:00,2026-08-09,MER-004-HOO-13,80,65,15,NORMAL
INV-0001962,2026-08-09 18:30:00,2026-08-09,MER-004-HOO-13,80,72,8,LOW
INV-0001963,2026-08-09 19:00:00,2026-08-09,MER-004-HOO-13,80,78,2,LOW
INV-0001964,2026-08-09 19:30:00,2026-08-09,MER-004-HOO-13,80,80,0,OUT_OF_STOCK
INV-0001965,2026-08-09 20:00:00,2026-08-09,MER-004-HOO-13,80,80,0,OUT_OF_STOCK
INV-0001966,2026-08-09 20:30:00,2026-08-09,MER-004-HOO-13,80,80,0,OUT_OF_STOCK
INV-0001967,2026-08-09 21:00:00,2026-08-09,MER-004-HOO-13,80,80,0,OUT_OF_STOCK
INV-0001968,2026-08-09 21:30:00,2026-08-09,MER-004-HOO-13,80,80,0,OUT_OF_STOCK
INV-0001969,2026-08-09 22:00:00,2026-08-09,MER-004-HOO-13,80,80,0,OUT_OF_STOCK
INV-0001970,2026-08-09 22:30:00,2026-08-09,MER-004-HOO-13,80,80,0,OUT_OF_STOCK
INV-0001971,2026-08-09 23:00:00,2026-08-09,MER-004-HOO-13,80,80,0,OUT_OF_STOCK
INV-0001972,2026-08-09 10:00:00,2026-08-09,MER-007-TOW-14,107,0,107,NORMAL
INV-0001973,2026-08-09 10:30:00,2026-08-09,MER-007-TOW-14,107,1,106,NORMAL
INV-0001974,2026-08-09 11:00:00,2026-08-09,MER-007-TOW-14,107,7,100,NORMAL
INV-0001975,2026-08-09 11:30:00,2026-08-09,MER-007-TOW-14,107,12,95,NORMAL
INV-0001976,2026-08-09 12:00:00,2026-08-09,MER-007-TOW-14,107,13,94,NORMAL
INV-0001977,2026-08-09 12:30:00,2026-08-09,MER-007-TOW-14,107,16,91,NORMAL
INV-0001978,2026-08-09 13:00:00,2026-08-09,MER-007-TOW-14,107,17,90,NORMAL
INV-0001979,2026-08-09 13:30:00,2026-08-09,MER-007-TOW-14,107,20,87,NORMAL
INV-0001980,2026-08-09 14:00:00,2026-08-09,MER-007-TOW-14,107,25,82,NORMAL
INV-0001981,2026-08-09 14:30:00,2026-08-09,MER-007-TOW-14,107,32,75,NORMAL
INV-0001982,2026-08-09 15:00:00,2026-08-09,MER-007-TOW-14,107,39,68,NORMAL
INV-0001983,2026-08-09 15:30:00,2026-08-09,MER-007-TOW-14,107,46,61,NORMAL
INV-0001984,2026-08-09 16:00:00,2026-08-09,MER-007-TOW-14,107,51,56,NORMAL
INV-0001985,2026-08-09 16:30:00,2026-08-09,MER-007-TOW-14,107,55,52,NORMAL
INV-0001986,2026-08-09 17:00:00,2026-08-09,MER-007-TOW-14,107,65,42,NORMAL
INV-0001987,2026-08-09 17:30:00,2026-08-09,MER-007-TOW-14,107,76,31,NORMAL
INV-0001988,2026-08-09 18:00:00,2026-08-09,MER-007-TOW-14,107,85,22,NORMAL
INV-0001989,2026-08-09 18:30:00,2026-08-09,MER-007-TOW-14,107,89,18,NORMAL
INV-0001990,2026-08-09 19:00:00,2026-08-09,MER-007-TOW-14,107,95,12,NORMAL
INV-0001991,2026-08-09 19:30:00,2026-08-09,MER-007-TOW-14,107,107,0,OUT_OF_STOCK
INV-0001992,2026-08-09 20:00:00,2026-08-09,MER-007-TOW-14,107,107,0,OUT_OF_STOCK
INV-0001993,2026-08-09 20:30:00,2026-08-09,MER-007-TOW-14,107,107,0,OUT_OF_STOCK
INV-0001994,2026-08-09 21:00:00,2026-08-09,MER-007-TOW-14,107,107,0,OUT_OF_STOCK
INV-0001995,2026-08-09 21:30:00,2026-08-09,MER-007-TOW-14,107,107,0,OUT_OF_STOCK
INV-0001996,2026-08-09 22:00:00,2026-08-09,MER-007-TOW-14,107,107,0,OUT_OF_STOCK
INV-0001997,2026-08-09 22:30:00,2026-08-09,MER-007-TOW-14,107,107,0,OUT_OF_STOCK
INV-0001998,2026-08-09 23:00:00,2026-08-09,MER-007-TOW-14,107,107,0,OUT_OF_STOCK
INV-0001999,2026-08-09 10:00:00,2026-08-09,MER-010-CAP-15,245,0,245,NORMAL
INV-0002000,2026-08-09 10:30:00,2026-08-09,MER-010-CAP-15,245,0,245,NORMAL
INV-0002001,2026-08-09 11:00:00,2026-08-09,MER-010-CAP-15,245,8,237,NORMAL
INV-0002002,2026-08-09 11:30:00,2026-08-09,MER-010-CAP-15,245,9,236,NORMAL
INV-0002003,2026-08-09 12:00:00,2026-08-09,MER-010-CAP-15,245,17,228,NORMAL
INV-0002004,2026-08-09 12:30:00,2026-08-09,MER-010-CAP-15,245,21,224,NORMAL
INV-0002005,2026-08-09 13:00:00,2026-08-09,MER-010-CAP-15,245,28,217,NORMAL
INV-0002006,2026-08-09 13:30:00,2026-08-09,MER-010-CAP-15,245,34,211,NORMAL
INV-0002007,2026-08-09 14:00:00,2026-08-09,MER-010-CAP-15,245,40,205,NORMAL
INV-0002008,2026-08-09 14:30:00,2026-08-09,MER-010-CAP-15,245,47,198,NORMAL
INV-0002009,2026-08-09 15:00:00,2026-08-09,MER-010-CAP-15,245,50,195,NORMAL
INV-0002010,2026-08-09 15:30:00,2026-08-09,MER-010-CAP-15,245,59,186,NORMAL
INV-0002011,2026-08-09 16:00:00,2026-08-09,MER-010-CAP-15,245,63,182,NORMAL
INV-0002012,2026-08-09 16:30:00,2026-08-09,MER-010-CAP-15,245,71,174,NORMAL
INV-0002013,2026-08-09 17:00:00,2026-08-09,MER-010-CAP-15,245,76,169,NORMAL
INV-0002014,2026-08-09 17:30:00,2026-08-09,MER-010-CAP-15,245,83,162,NORMAL
INV-0002015,2026-08-09 18:00:00,2026-08-09,MER-010-CAP-15,245,89,156,NORMAL
INV-0002016,2026-08-09 18:30:00,2026-08-09,MER-010-CAP-15,245,96,149,NORMAL
INV-0002017,2026-08-09 19:00:00,2026-08-09,MER-010-CAP-15,245,102,143,NORMAL
INV-0002018,2026-08-09 19:30:00,2026-08-09,MER-010-CAP-15,245,108,137,NORMAL
INV-0002019,2026-08-09 20:00:00,2026-08-09,MER-010-CAP-15,245,113,132,NORMAL
INV-0002020,2026-08-09 20:30:00,2026-08-09,MER-010-CAP-15,245,119,126,NORMAL
INV-0002021,2026-08-09 21:00:00,2026-08-09,MER-010-CAP-15,245,122,123,NORMAL
INV-0002022,2026-08-09 21:30:00,2026-08-09,MER-010-CAP-15,245,125,120,NORMAL
INV-0002023,2026-08-09 22:00:00,2026-08-09,MER-010-CAP-15,245,127,118,NORMAL
INV-0002024,2026-08-09 22:30:00,2026-08-09,MER-010-CAP-15,245,129,116,NORMAL
INV-0002025,2026-08-09 23:00:00,2026-08-09,MER-010-CAP-15,245,129,116,NORMAL
INV-0002026,2026-08-09 10:00:00,2026-08-09,MER-013-POS-16,239,0,239,NORMAL
INV-0002027,2026-08-09 10:30:00,2026-08-09,MER-013-POS-16,239,0,239,NORMAL
INV-0002028,2026-08-09 11:00:00,2026-08-09,MER-013-POS-16,239,5,234,NORMAL
INV-0002029,2026-08-09 11:30:00,2026-08-09,MER-013-POS-16,239,5,234,NORMAL
INV-0002030,2026-08-09 12:00:00,2026-08-09,MER-013-POS-16,239,6,233,NORMAL
INV-0002031,2026-08-09 12:30:00,2026-08-09,MER-013-POS-16,239,9,230,NORMAL
INV-0002032,2026-08-09 13:00:00,2026-08-09,MER-013-POS-16,239,14,225,NORMAL
INV-0002033,2026-08-09 13:30:00,2026-08-09,MER-013-POS-16,239,23,216,NORMAL
INV-0002034,2026-08-09 14:00:00,2026-08-09,MER-013-POS-16,239,25,214,NORMAL
INV-0002035,2026-08-09 14:30:00,2026-08-09,MER-013-POS-16,239,33,206,NORMAL
INV-0002036,2026-08-09 15:00:00,2026-08-09,MER-013-POS-16,239,41,198,NORMAL
INV-0002037,2026-08-09 15:30:00,2026-08-09,MER-013-POS-16,239,52,187,NORMAL
INV-0002038,2026-08-09 16:00:00,2026-08-09,MER-013-POS-16,239,57,182,NORMAL
INV-0002039,2026-08-09 16:30:00,2026-08-09,MER-013-POS-16,239,64,175,NORMAL
INV-0002040,2026-08-09 17:00:00,2026-08-09,MER-013-POS-16,239,72,167,NORMAL
INV-0002041,2026-08-09 17:30:00,2026-08-09,MER-013-POS-16,239,80,159,NORMAL
INV-0002042,2026-08-09 18:00:00,2026-08-09,MER-013-POS-16,239,81,158,NORMAL
INV-0002043,2026-08-09 18:30:00,2026-08-09,MER-013-POS-16,239,91,148,NORMAL
INV-0002044,2026-08-09 19:00:00,2026-08-09,MER-013-POS-16,239,102,137,NORMAL
INV-0002045,2026-08-09 19:30:00,2026-08-09,MER-013-POS-16,239,110,129,NORMAL
INV-0002046,2026-08-09 20:00:00,2026-08-09,MER-013-POS-16,239,114,125,NORMAL
INV-0002047,2026-08-09 20:30:00,2026-08-09,MER-013-POS-16,239,122,117,NORMAL
INV-0002048,2026-08-09 21:00:00,2026-08-09,MER-013-POS-16,239,127,112,NORMAL
INV-0002049,2026-08-09 21:30:00,2026-08-09,MER-013-POS-16,239,132,107,NORMAL
INV-0002050,2026-08-09 22:00:00,2026-08-09,MER-013-POS-16,239,135,104,NORMAL
INV-0002051,2026-08-09 22:30:00,2026-08-09,MER-013-POS-16,239,141,98,NORMAL
INV-0002052,2026-08-09 23:00:00,2026-08-09,MER-013-POS-16,239,143,96,NORMAL
INV-0002053,2026-08-09 10:00:00,2026-08-09,MER-016-ACC-17,104,0,104,NORMAL
INV-0002054,2026-08-09 10:30:00,2026-08-09,MER-016-ACC-17,104,0,104,NORMAL
INV-0002055,2026-08-09 11:00:00,2026-08-09,MER-016-ACC-17,104,9,95,NORMAL
INV-0002056,2026-08-09 11:30:00,2026-08-09,MER-016-ACC-17,104,9,95,NORMAL
INV-0002057,2026-08-09 12:00:00,2026-08-09,MER-016-ACC-17,104,10,94,NORMAL
INV-0002058,2026-08-09 12:30:00,2026-08-09,MER-016-ACC-17,104,16,88,NORMAL
INV-0002059,2026-08-09 13:00:00,2026-08-09,MER-016-ACC-17,104,19,85,NORMAL
INV-0002060,2026-08-09 13:30:00,2026-08-09,MER-016-ACC-17,104,20,84,NORMAL
INV-0002061,2026-08-09 14:00:00,2026-08-09,MER-016-ACC-17,104,23,81,NORMAL
INV-0002062,2026-08-09 14:30:00,2026-08-09,MER-016-ACC-17,104,27,77,NORMAL
INV-0002063,2026-08-09 15:00:00,2026-08-09,MER-016-ACC-17,104,34,70,NORMAL
INV-0002064,2026-08-09 15:30:00,2026-08-09,MER-016-ACC-17,104,41,63,NORMAL
INV-0002065,2026-08-09 16:00:00,2026-08-09,MER-016-ACC-17,104,48,56,NORMAL
INV-0002066,2026-08-09 16:30:00,2026-08-09,MER-016-ACC-17,104,57,47,NORMAL
INV-0002067,2026-08-09 17:00:00,2026-08-09,MER-016-ACC-17,104,63,41,NORMAL
INV-0002068,2026-08-09 17:30:00,2026-08-09,MER-016-ACC-17,104,70,34,NORMAL
INV-0002069,2026-08-09 18:00:00,2026-08-09,MER-016-ACC-17,104,76,28,NORMAL
INV-0002070,2026-08-09 18:30:00,2026-08-09,MER-016-ACC-17,104,82,22,NORMAL
INV-0002071,2026-08-09 19:00:00,2026-08-09,MER-016-ACC-17,104,93,11,NORMAL
INV-0002072,2026-08-09 19:30:00,2026-08-09,MER-016-ACC-17,104,102,2,LOW
INV-0002073,2026-08-09 20:00:00,2026-08-09,MER-016-ACC-17,104,104,0,OUT_OF_STOCK
INV-0002074,2026-08-09 20:30:00,2026-08-09,MER-016-ACC-17,104,104,0,OUT_OF_STOCK
INV-0002075,2026-08-09 21:00:00,2026-08-09,MER-016-ACC-17,104,104,0,OUT_OF_STOCK
INV-0002076,2026-08-09 21:30:00,2026-08-09,MER-016-ACC-17,104,104,0,OUT_OF_STOCK
INV-0002077,2026-08-09 22:00:00,2026-08-09,MER-016-ACC-17,104,104,0,OUT_OF_STOCK
INV-0002078,2026-08-09 22:30:00,2026-08-09,MER-016-ACC-17,104,104,0,OUT_OF_STOCK
INV-0002079,2026-08-09 23:00:00,2026-08-09,MER-016-ACC-17,104,104,0,OUT_OF_STOCK
INV-0002080,2026-08-09 10:00:00,2026-08-09,MER-019-T_S-18,211,0,211,NORMAL
INV-0002081,2026-08-09 10:30:00,2026-08-09,MER-019-T_S-18,211,0,211,NORMAL
INV-0002082,2026-08-09 11:00:00,2026-08-09,MER-019-T_S-18,211,2,209,NORMAL
INV-0002083,2026-08-09 11:30:00,2026-08-09,MER-019-T_S-18,211,4,207,NORMAL
INV-0002084,2026-08-09 12:00:00,2026-08-09,MER-019-T_S-18,211,6,205,NORMAL
INV-0002085,2026-08-09 12:30:00,2026-08-09,MER-019-T_S-18,211,8,203,NORMAL
INV-0002086,2026-08-09 13:00:00,2026-08-09,MER-019-T_S-18,211,12,199,NORMAL
INV-0002087,2026-08-09 13:30:00,2026-08-09,MER-019-T_S-18,211,15,196,NORMAL
INV-0002088,2026-08-09 14:00:00,2026-08-09,MER-019-T_S-18,211,20,191,NORMAL
INV-0002089,2026-08-09 14:30:00,2026-08-09,MER-019-T_S-18,211,22,189,NORMAL
INV-0002090,2026-08-09 15:00:00,2026-08-09,MER-019-T_S-18,211,31,180,NORMAL
INV-0002091,2026-08-09 15:30:00,2026-08-09,MER-019-T_S-18,211,36,175,NORMAL
INV-0002092,2026-08-09 16:00:00,2026-08-09,MER-019-T_S-18,211,43,168,NORMAL
INV-0002093,2026-08-09 16:30:00,2026-08-09,MER-019-T_S-18,211,53,158,NORMAL
INV-0002094,2026-08-09 17:00:00,2026-08-09,MER-019-T_S-18,211,63,148,NORMAL
INV-0002095,2026-08-09 17:30:00,2026-08-09,MER-019-T_S-18,211,73,138,NORMAL
INV-0002096,2026-08-09 18:00:00,2026-08-09,MER-019-T_S-18,211,80,131,NORMAL
INV-0002097,2026-08-09 18:30:00,2026-08-09,MER-019-T_S-18,211,85,126,NORMAL
INV-0002098,2026-08-09 19:00:00,2026-08-09,MER-019-T_S-18,211,93,118,NORMAL
INV-0002099,2026-08-09 19:30:00,2026-08-09,MER-019-T_S-18,211,100,111,NORMAL
INV-0002100,2026-08-09 20:00:00,2026-08-09,MER-019-T_S-18,211,106,105,NORMAL
INV-0002101,2026-08-09 20:30:00,2026-08-09,MER-019-T_S-18,211,107,104,NORMAL
INV-0002102,2026-08-09 21:00:00,2026-08-09,MER-019-T_S-18,211,111,100,NORMAL
INV-0002103,2026-08-09 21:30:00,2026-08-09,MER-019-T_S-18,211,113,98,NORMAL
INV-0002104,2026-08-09 22:00:00,2026-08-09,MER-019-T_S-18,211,117,94,NORMAL
INV-0002105,2026-08-09 22:30:00,2026-08-09,MER-019-T_S-18,211,120,91,NORMAL
INV-0002106,2026-08-09 23:00:00,2026-08-09,MER-019-T_S-18,211,124,87,NORMAL
INV-0002107,2026-08-09 10:00:00,2026-08-09,MER-022-HOO-19,211,0,211,NORMAL
INV-0002108,2026-08-09 10:30:00,2026-08-09,MER-022-HOO-19,211,0,211,NORMAL
INV-0002109,2026-08-09 11:00:00,2026-08-09,MER-022-HOO-19,211,7,204,NORMAL
INV-0002110,2026-08-09 11:30:00,2026-08-09,MER-022-HOO-19,211,8,203,NORMAL
INV-0002111,2026-08-09 12:00:00,2026-08-09,MER-022-HOO-19,211,12,199,NORMAL
INV-0002112,2026-08-09 12:30:00,2026-08-09,MER-022-HOO-19,211,20,191,NORMAL
INV-0002113,2026-08-09 13:00:00,2026-08-09,MER-022-HOO-19,211,23,188,NORMAL
INV-0002114,2026-08-09 13:30:00,2026-08-09,MER-022-HOO-19,211,28,183,NORMAL
INV-0002115,2026-08-09 14:00:00,2026-08-09,MER-022-HOO-19,211,31,180,NORMAL
INV-0002116,2026-08-09 14:30:00,2026-08-09,MER-022-HOO-19,211,38,173,NORMAL
INV-0002117,2026-08-09 15:00:00,2026-08-09,MER-022-HOO-19,211,50,161,NORMAL
INV-0002118,2026-08-09 15:30:00,2026-08-09,MER-022-HOO-19,211,62,149,NORMAL
INV-0002119,2026-08-09 16:00:00,2026-08-09,MER-022-HOO-19,211,70,141,NORMAL
INV-0002120,2026-08-09 16:30:00,2026-08-09,MER-022-HOO-19,211,77,134,NORMAL
INV-0002121,2026-08-09 17:00:00,2026-08-09,MER-022-HOO-19,211,86,125,NORMAL
INV-0002122,2026-08-09 17:30:00,2026-08-09,MER-022-HOO-19,211,93,118,NORMAL
INV-0002123,2026-08-09 18:00:00,2026-08-09,MER-022-HOO-19,211,99,112,NORMAL
INV-0002124,2026-08-09 18:30:00,2026-08-09,MER-022-HOO-19,211,107,104,NORMAL
INV-0002125,2026-08-09 19:00:00,2026-08-09,MER-022-HOO-19,211,112,99,NORMAL
INV-0002126,2026-08-09 19:30:00,2026-08-09,MER-022-HOO-19,211,119,92,NORMAL
INV-0002127,2026-08-09 20:00:00,2026-08-09,MER-022-HOO-19,211,127,84,NORMAL
INV-0002128,2026-08-09 20:30:00,2026-08-09,MER-022-HOO-19,211,129,82,NORMAL
INV-0002129,2026-08-09 21:00:00,2026-08-09,MER-022-HOO-19,211,132,79,NORMAL
INV-0002130,2026-08-09 21:30:00,2026-08-09,MER-022-HOO-19,211,137,74,NORMAL
INV-0002131,2026-08-09 22:00:00,2026-08-09,MER-022-HOO-19,211,139,72,NORMAL
INV-0002132,2026-08-09 22:30:00,2026-08-09,MER-022-HOO-19,211,142,69,NORMAL
INV-0002133,2026-08-09 23:00:00,2026-08-09,MER-022-HOO-19,211,142,69,NORMAL
INV-0002134,2026-08-09 10:00:00,2026-08-09,MER-025-TOW-20,84,0,84,NORMAL
INV-0002135,2026-08-09 10:30:00,2026-08-09,MER-025-TOW-20,84,1,83,NORMAL
INV-0002136,2026-08-09 11:00:00,2026-08-09,MER-025-TOW-20,84,3,81,NORMAL
INV-0002137,2026-08-09 11:30:00,2026-08-09,MER-025-TOW-20,84,4,80,NORMAL
INV-0002138,2026-08-09 12:00:00,2026-08-09,MER-025-TOW-20,84,6,78,NORMAL
INV-0002139,2026-08-09 12:30:00,2026-08-09,MER-025-TOW-20,84,7,77,NORMAL
INV-0002140,2026-08-09 13:00:00,2026-08-09,MER-025-TOW-20,84,9,75,NORMAL
INV-0002141,2026-08-09 13:30:00,2026-08-09,MER-025-TOW-20,84,11,73,NORMAL
INV-0002142,2026-08-09 14:00:00,2026-08-09,MER-025-TOW-20,84,19,65,NORMAL
INV-0002143,2026-08-09 14:30:00,2026-08-09,MER-025-TOW-20,84,23,61,NORMAL
INV-0002144,2026-08-09 15:00:00,2026-08-09,MER-025-TOW-20,84,26,58,NORMAL
INV-0002145,2026-08-09 15:30:00,2026-08-09,MER-025-TOW-20,84,34,50,NORMAL
INV-0002146,2026-08-09 16:00:00,2026-08-09,MER-025-TOW-20,84,43,41,NORMAL
INV-0002147,2026-08-09 16:30:00,2026-08-09,MER-025-TOW-20,84,53,31,NORMAL
INV-0002148,2026-08-09 17:00:00,2026-08-09,MER-025-TOW-20,84,60,24,NORMAL
INV-0002149,2026-08-09 17:30:00,2026-08-09,MER-025-TOW-20,84,64,20,NORMAL
INV-0002150,2026-08-09 18:00:00,2026-08-09,MER-025-TOW-20,84,72,12,NORMAL
INV-0002151,2026-08-09 18:30:00,2026-08-09,MER-025-TOW-20,84,81,3,LOW
INV-0002152,2026-08-09 19:00:00,2026-08-09,MER-025-TOW-20,84,84,0,OUT_OF_STOCK
INV-0002153,2026-08-09 19:30:00,2026-08-09,MER-025-TOW-20,84,84,0,OUT_OF_STOCK
INV-0002154,2026-08-09 20:00:00,2026-08-09,MER-025-TOW-20,84,84,0,OUT_OF_STOCK
INV-0002155,2026-08-09 20:30:00,2026-08-09,MER-025-TOW-20,84,84,0,OUT_OF_STOCK
INV-0002156,2026-08-09 21:00:00,2026-08-09,MER-025-TOW-20,84,84,0,OUT_OF_STOCK
INV-0002157,2026-08-09 21:30:00,2026-08-09,MER-025-TOW-20,84,84,0,OUT_OF_STOCK
INV-0002158,2026-08-09 22:00:00,2026-08-09,MER-025-TOW-20,84,84,0,OUT_OF_STOCK
INV-0002159,2026-08-09 22:30:00,2026-08-09,MER-025-TOW-20,84,84,0,OUT_OF_STOCK
INV-0002160,2026-08-09 23:00:00,2026-08-09,MER-025-TOW-20,84,84,0,OUT_OF_STOCK
INV-0002161,2026-08-09 10:00:00,2026-08-09,MER-028-CAP-21,223,0,223,NORMAL
INV-0002162,2026-08-09 10:30:00,2026-08-09,MER-028-CAP-21,223,0,223,NORMAL
INV-0002163,2026-08-09 11:00:00,2026-08-09,MER-028-CAP-21,223,3,220,NORMAL
INV-0002164,2026-08-09 11:30:00,2026-08-09,MER-028-CAP-21,223,4,219,NORMAL
INV-0002165,2026-08-09 12:00:00,2026-08-09,MER-028-CAP-21,223,8,215,NORMAL
INV-0002166,2026-08-09 12:30:00,2026-08-09,MER-028-CAP-21,223,8,215,NORMAL
INV-0002167,2026-08-09 13:00:00,2026-08-09,MER-028-CAP-21,223,16,207,NORMAL
INV-0002168,2026-08-09 13:30:00,2026-08-09,MER-028-CAP-21,223,26,197,NORMAL
INV-0002169,2026-08-09 14:00:00,2026-08-09,MER-028-CAP-21,223,32,191,NORMAL
INV-0002170,2026-08-09 14:30:00,2026-08-09,MER-028-CAP-21,223,34,189,NORMAL
INV-0002171,2026-08-09 15:00:00,2026-08-09,MER-028-CAP-21,223,39,184,NORMAL
INV-0002172,2026-08-09 15:30:00,2026-08-09,MER-028-CAP-21,223,46,177,NORMAL
INV-0002173,2026-08-09 16:00:00,2026-08-09,MER-028-CAP-21,223,54,169,NORMAL
INV-0002174,2026-08-09 16:30:00,2026-08-09,MER-028-CAP-21,223,64,159,NORMAL
INV-0002175,2026-08-09 17:00:00,2026-08-09,MER-028-CAP-21,223,76,147,NORMAL
INV-0002176,2026-08-09 17:30:00,2026-08-09,MER-028-CAP-21,223,82,141,NORMAL
INV-0002177,2026-08-09 18:00:00,2026-08-09,MER-028-CAP-21,223,90,133,NORMAL
INV-0002178,2026-08-09 18:30:00,2026-08-09,MER-028-CAP-21,223,103,120,NORMAL
INV-0002179,2026-08-09 19:00:00,2026-08-09,MER-028-CAP-21,223,107,116,NORMAL
INV-0002180,2026-08-09 19:30:00,2026-08-09,MER-028-CAP-21,223,116,107,NORMAL
INV-0002181,2026-08-09 20:00:00,2026-08-09,MER-028-CAP-21,223,123,100,NORMAL
INV-0002182,2026-08-09 20:30:00,2026-08-09,MER-028-CAP-21,223,124,99,NORMAL
INV-0002183,2026-08-09 21:00:00,2026-08-09,MER-028-CAP-21,223,134,89,NORMAL
INV-0002184,2026-08-09 21:30:00,2026-08-09,MER-028-CAP-21,223,137,86,NORMAL
INV-0002185,2026-08-09 22:00:00,2026-08-09,MER-028-CAP-21,223,138,85,NORMAL
INV-0002186,2026-08-09 22:30:00,2026-08-09,MER-028-CAP-21,223,140,83,NORMAL
INV-0002187,2026-08-09 23:00:00,2026-08-09,MER-028-CAP-21,223,143,80,NORMAL
INV-0002188,2026-08-09 10:00:00,2026-08-09,MER-031-POS-22,190,0,190,NORMAL
INV-0002189,2026-08-09 10:30:00,2026-08-09,MER-031-POS-22,190,0,190,NORMAL
INV-0002190,2026-08-09 11:00:00,2026-08-09,MER-031-POS-22,190,4,186,NORMAL
INV-0002191,2026-08-09 11:30:00,2026-08-09,MER-031-POS-22,190,9,181,NORMAL
INV-0002192,2026-08-09 12:00:00,2026-08-09,MER-031-POS-22,190,13,177,NORMAL
INV-0002193,2026-08-09 12:30:00,2026-08-09,MER-031-POS-22,190,15,175,NORMAL
INV-0002194,2026-08-09 13:00:00,2026-08-09,MER-031-POS-22,190,19,171,NORMAL
INV-0002195,2026-08-09 13:30:00,2026-08-09,MER-031-POS-22,190,22,168,NORMAL
INV-0002196,2026-08-09 14:00:00,2026-08-09,MER-031-POS-22,190,26,164,NORMAL
INV-0002197,2026-08-09 14:30:00,2026-08-09,MER-031-POS-22,190,27,163,NORMAL
INV-0002198,2026-08-09 15:00:00,2026-08-09,MER-031-POS-22,190,35,155,NORMAL
INV-0002199,2026-08-09 15:30:00,2026-08-09,MER-031-POS-22,190,41,149,NORMAL
INV-0002200,2026-08-09 16:00:00,2026-08-09,MER-031-POS-22,190,42,148,NORMAL
INV-0002201,2026-08-09 16:30:00,2026-08-09,MER-031-POS-22,190,52,138,NORMAL
INV-0002202,2026-08-09 17:00:00,2026-08-09,MER-031-POS-22,190,66,124,NORMAL
INV-0002203,2026-08-09 17:30:00,2026-08-09,MER-031-POS-22,190,76,114,NORMAL
INV-0002204,2026-08-09 18:00:00,2026-08-09,MER-031-POS-22,190,81,109,NORMAL
INV-0002205,2026-08-09 18:30:00,2026-08-09,MER-031-POS-22,190,89,101,NORMAL
INV-0002206,2026-08-09 19:00:00,2026-08-09,MER-031-POS-22,190,101,89,NORMAL
INV-0002207,2026-08-09 19:30:00,2026-08-09,MER-031-POS-22,190,105,85,NORMAL
INV-0002208,2026-08-09 20:00:00,2026-08-09,MER-031-POS-22,190,108,82,NORMAL
INV-0002209,2026-08-09 20:30:00,2026-08-09,MER-031-POS-22,190,111,79,NORMAL
INV-0002210,2026-08-09 21:00:00,2026-08-09,MER-031-POS-22,190,118,72,NORMAL
INV-0002211,2026-08-09 21:30:00,2026-08-09,MER-031-POS-22,190,122,68,NORMAL
INV-0002212,2026-08-09 22:00:00,2026-08-09,MER-031-POS-22,190,124,66,NORMAL
INV-0002213,2026-08-09 22:30:00,2026-08-09,MER-031-POS-22,190,126,64,NORMAL
INV-0002214,2026-08-09 23:00:00,2026-08-09,MER-031-POS-22,190,128,62,NORMAL
INV-0002215,2026-08-09 10:00:00,2026-08-09,MER-034-ACC-23,140,0,140,NORMAL
INV-0002216,2026-08-09 10:30:00,2026-08-09,MER-034-ACC-23,140,0,140,NORMAL
INV-0002217,2026-08-09 11:00:00,2026-08-09,MER-034-ACC-23,140,6,134,NORMAL
INV-0002218,2026-08-09 11:30:00,2026-08-09,MER-034-ACC-23,140,8,132,NORMAL
INV-0002219,2026-08-09 12:00:00,2026-08-09,MER-034-ACC-23,140,11,129,NORMAL
INV-0002220,2026-08-09 12:30:00,2026-08-09,MER-034-ACC-23,140,12,128,NORMAL
INV-0002221,2026-08-09 13:00:00,2026-08-09,MER-034-ACC-23,140,17,123,NORMAL
INV-0002222,2026-08-09 13:30:00,2026-08-09,MER-034-ACC-23,140,21,119,NORMAL
INV-0002223,2026-08-09 14:00:00,2026-08-09,MER-034-ACC-23,140,27,113,NORMAL
INV-0002224,2026-08-09 14:30:00,2026-08-09,MER-034-ACC-23,140,32,108,NORMAL
INV-0002225,2026-08-09 15:00:00,2026-08-09,MER-034-ACC-23,140,39,101,NORMAL
INV-0002226,2026-08-09 15:30:00,2026-08-09,MER-034-ACC-23,140,45,95,NORMAL
INV-0002227,2026-08-09 16:00:00,2026-08-09,MER-034-ACC-23,140,49,91,NORMAL
INV-0002228,2026-08-09 16:30:00,2026-08-09,MER-034-ACC-23,140,57,83,NORMAL
INV-0002229,2026-08-09 17:00:00,2026-08-09,MER-034-ACC-23,140,63,77,NORMAL
INV-0002230,2026-08-09 17:30:00,2026-08-09,MER-034-ACC-23,140,66,74,NORMAL
INV-0002231,2026-08-09 18:00:00,2026-08-09,MER-034-ACC-23,140,73,67,NORMAL
INV-0002232,2026-08-09 18:30:00,2026-08-09,MER-034-ACC-23,140,82,58,NORMAL
INV-0002233,2026-08-09 19:00:00,2026-08-09,MER-034-ACC-23,140,91,49,NORMAL
INV-0002234,2026-08-09 19:30:00,2026-08-09,MER-034-ACC-23,140,98,42,NORMAL
INV-0002235,2026-08-09 20:00:00,2026-08-09,MER-034-ACC-23,140,110,30,NORMAL
INV-0002236,2026-08-09 20:30:00,2026-08-09,MER-034-ACC-23,140,114,26,NORMAL
INV-0002237,2026-08-09 21:00:00,2026-08-09,MER-034-ACC-23,140,115,25,NORMAL
INV-0002238,2026-08-09 21:30:00,2026-08-09,MER-034-ACC-23,140,121,19,NORMAL
INV-0002239,2026-08-09 22:00:00,2026-08-09,MER-034-ACC-23,140,125,15,NORMAL
INV-0002240,2026-08-09 22:30:00,2026-08-09,MER-034-ACC-23,140,130,10,LOW
INV-0002241,2026-08-09 23:00:00,2026-08-09,MER-034-ACC-23,140,132,8,LOW
INV-0002242,2026-08-09 10:00:00,2026-08-09,MER-001-T_S-24,186,0,186,NORMAL
INV-0002243,2026-08-09 10:30:00,2026-08-09,MER-001-T_S-24,186,0,186,NORMAL
INV-0002244,2026-08-09 11:00:00,2026-08-09,MER-001-T_S-24,186,8,178,NORMAL
INV-0002245,2026-08-09 11:30:00,2026-08-09,MER-001-T_S-24,186,13,173,NORMAL
INV-0002246,2026-08-09 12:00:00,2026-08-09,MER-001-T_S-24,186,15,171,NORMAL
INV-0002247,2026-08-09 12:30:00,2026-08-09,MER-001-T_S-24,186,18,168,NORMAL
INV-0002248,2026-08-09 13:00:00,2026-08-09,MER-001-T_S-24,186,21,165,NORMAL
INV-0002249,2026-08-09 13:30:00,2026-08-09,MER-001-T_S-24,186,27,159,NORMAL
INV-0002250,2026-08-09 14:00:00,2026-08-09,MER-001-T_S-24,186,35,151,NORMAL
INV-0002251,2026-08-09 14:30:00,2026-08-09,MER-001-T_S-24,186,42,144,NORMAL
INV-0002252,2026-08-09 15:00:00,2026-08-09,MER-001-T_S-24,186,52,134,NORMAL
INV-0002253,2026-08-09 15:30:00,2026-08-09,MER-001-T_S-24,186,63,123,NORMAL
INV-0002254,2026-08-09 16:00:00,2026-08-09,MER-001-T_S-24,186,72,114,NORMAL
INV-0002255,2026-08-09 16:30:00,2026-08-09,MER-001-T_S-24,186,88,98,NORMAL
INV-0002256,2026-08-09 17:00:00,2026-08-09,MER-001-T_S-24,186,108,78,NORMAL
INV-0002257,2026-08-09 17:30:00,2026-08-09,MER-001-T_S-24,186,121,65,NORMAL
INV-0002258,2026-08-09 18:00:00,2026-08-09,MER-001-T_S-24,186,133,53,NORMAL
INV-0002259,2026-08-09 18:30:00,2026-08-09,MER-001-T_S-24,186,143,43,NORMAL
INV-0002260,2026-08-09 19:00:00,2026-08-09,MER-001-T_S-24,186,153,33,NORMAL
INV-0002261,2026-08-09 19:30:00,2026-08-09,MER-001-T_S-24,186,166,20,NORMAL
INV-0002262,2026-08-09 20:00:00,2026-08-09,MER-001-T_S-24,186,175,11,LOW
INV-0002263,2026-08-09 20:30:00,2026-08-09,MER-001-T_S-24,186,186,0,OUT_OF_STOCK
INV-0002264,2026-08-09 21:00:00,2026-08-09,MER-001-T_S-24,186,186,0,OUT_OF_STOCK
INV-0002265,2026-08-09 21:30:00,2026-08-09,MER-001-T_S-24,186,186,0,OUT_OF_STOCK
INV-0002266,2026-08-09 22:00:00,2026-08-09,MER-001-T_S-24,186,186,0,OUT_OF_STOCK
INV-0002267,2026-08-09 22:30:00,2026-08-09,MER-001-T_S-24,186,186,0,OUT_OF_STOCK
INV-0002268,2026-08-09 23:00:00,2026-08-09,MER-001-T_S-24,186,186,0,OUT_OF_STOCK
INV-0002269,2026-08-09 10:00:00,2026-08-09,MER-004-HOO-25,124,0,124,NORMAL
INV-0002270,2026-08-09 10:30:00,2026-08-09,MER-004-HOO-25,124,0,124,NORMAL
INV-0002271,2026-08-09 11:00:00,2026-08-09,MER-004-HOO-25,124,3,121,NORMAL
INV-0002272,2026-08-09 11:30:00,2026-08-09,MER-004-HOO-25,124,3,121,NORMAL
INV-0002273,2026-08-09 12:00:00,2026-08-09,MER-004-HOO-25,124,4,120,NORMAL
INV-0002274,2026-08-09 12:30:00,2026-08-09,MER-004-HOO-25,124,10,114,NORMAL
INV-0002275,2026-08-09 13:00:00,2026-08-09,MER-004-HOO-25,124,15,109,NORMAL
INV-0002276,2026-08-09 13:30:00,2026-08-09,MER-004-HOO-25,124,24,100,NORMAL
INV-0002277,2026-08-09 14:00:00,2026-08-09,MER-004-HOO-25,124,26,98,NORMAL
INV-0002278,2026-08-09 14:30:00,2026-08-09,MER-004-HOO-25,124,32,92,NORMAL
INV-0002279,2026-08-09 15:00:00,2026-08-09,MER-004-HOO-25,124,38,86,NORMAL
INV-0002280,2026-08-09 15:30:00,2026-08-09,MER-004-HOO-25,124,43,81,NORMAL
INV-0002281,2026-08-09 16:00:00,2026-08-09,MER-004-HOO-25,124,46,78,NORMAL
INV-0002282,2026-08-09 16:30:00,2026-08-09,MER-004-HOO-25,124,57,67,NORMAL
INV-0002283,2026-08-09 17:00:00,2026-08-09,MER-004-HOO-25,124,68,56,NORMAL
INV-0002284,2026-08-09 17:30:00,2026-08-09,MER-004-HOO-25,124,80,44,NORMAL
INV-0002285,2026-08-09 18:00:00,2026-08-09,MER-004-HOO-25,124,90,34,NORMAL
INV-0002286,2026-08-09 18:30:00,2026-08-09,MER-004-HOO-25,124,99,25,NORMAL
INV-0002287,2026-08-09 19:00:00,2026-08-09,MER-004-HOO-25,124,112,12,LOW
INV-0002288,2026-08-09 19:30:00,2026-08-09,MER-004-HOO-25,124,120,4,LOW
INV-0002289,2026-08-09 20:00:00,2026-08-09,MER-004-HOO-25,124,122,2,LOW
INV-0002290,2026-08-09 20:30:00,2026-08-09,MER-004-HOO-25,124,123,1,LOW
INV-0002291,2026-08-09 21:00:00,2026-08-09,MER-004-HOO-25,124,124,0,OUT_OF_STOCK
INV-0002292,2026-08-09 21:30:00,2026-08-09,MER-004-HOO-25,124,124,0,OUT_OF_STOCK
INV-0002293,2026-08-09 22:00:00,2026-08-09,MER-004-HOO-25,124,124,0,OUT_OF_STOCK
INV-0002294,2026-08-09 22:30:00,2026-08-09,MER-004-HOO-25,124,124,0,OUT_OF_STOCK
INV-0002295,2026-08-09 23:00:00,2026-08-09,MER-004-HOO-25,124,124,0,OUT_OF_STOCK
INV-0002296,2026-08-09 10:00:00,2026-08-09,MER-007-TOW-26,109,0,109,NORMAL
INV-0002297,2026-08-09 10:30:00,2026-08-09,MER-007-TOW-26,109,0,109,NORMAL
INV-0002298,2026-08-09 11:00:00,2026-08-09,MER-007-TOW-26,109,6,103,NORMAL
INV-0002299,2026-08-09 11:30:00,2026-08-09,MER-007-TOW-26,109,6,103,NORMAL
INV-0002300,2026-08-09 12:00:00,2026-08-09,MER-007-TOW-26,109,7,102,NORMAL
INV-0002301,2026-08-09 12:30:00,2026-08-09,MER-007-TOW-26,109,9,100,NORMAL
INV-0002302,2026-08-09 13:00:00,2026-08-09,MER-007-TOW-26,109,13,96,NORMAL
INV-0002303,2026-08-09 13:30:00,2026-08-09,MER-007-TOW-26,109,18,91,NORMAL
INV-0002304,2026-08-09 14:00:00,2026-08-09,MER-007-TOW-26,109,23,86,NORMAL
INV-0002305,2026-08-09 14:30:00,2026-08-09,MER-007-TOW-26,109,27,82,NORMAL
INV-0002306,2026-08-09 15:00:00,2026-08-09,MER-007-TOW-26,109,31,78,NORMAL
INV-0002307,2026-08-09 15:30:00,2026-08-09,MER-007-TOW-26,109,40,69,NORMAL
INV-0002308,2026-08-09 16:00:00,2026-08-09,MER-007-TOW-26,109,49,60,NORMAL
INV-0002309,2026-08-09 16:30:00,2026-08-09,MER-007-TOW-26,109,59,50,NORMAL
INV-0002310,2026-08-09 17:00:00,2026-08-09,MER-007-TOW-26,109,70,39,NORMAL
INV-0002311,2026-08-09 17:30:00,2026-08-09,MER-007-TOW-26,109,77,32,NORMAL
INV-0002312,2026-08-09 18:00:00,2026-08-09,MER-007-TOW-26,109,82,27,NORMAL
INV-0002313,2026-08-09 18:30:00,2026-08-09,MER-007-TOW-26,109,89,20,NORMAL
INV-0002314,2026-08-09 19:00:00,2026-08-09,MER-007-TOW-26,109,98,11,NORMAL
INV-0002315,2026-08-09 19:30:00,2026-08-09,MER-007-TOW-26,109,101,8,LOW
INV-0002316,2026-08-09 20:00:00,2026-08-09,MER-007-TOW-26,109,109,0,OUT_OF_STOCK
INV-0002317,2026-08-09 20:30:00,2026-08-09,MER-007-TOW-26,109,109,0,OUT_OF_STOCK
INV-0002318,2026-08-09 21:00:00,2026-08-09,MER-007-TOW-26,109,109,0,OUT_OF_STOCK
INV-0002319,2026-08-09 21:30:00,2026-08-09,MER-007-TOW-26,109,109,0,OUT_OF_STOCK
INV-0002320,2026-08-09 22:00:00,2026-08-09,MER-007-TOW-26,109,109,0,OUT_OF_STOCK
INV-0002321,2026-08-09 22:30:00,2026-08-09,MER-007-TOW-26,109,109,0,OUT_OF_STOCK
INV-0002322,2026-08-09 23:00:00,2026-08-09,MER-007-TOW-26,109,109,0,OUT_OF_STOCK
INV-0002323,2026-08-09 10:00:00,2026-08-09,MER-010-CAP-27,160,0,160,NORMAL
INV-0002324,2026-08-09 10:30:00,2026-08-09,MER-010-CAP-27,160,0,160,NORMAL
INV-0002325,2026-08-09 11:00:00,2026-08-09,MER-010-CAP-27,160,3,157,NORMAL
INV-0002326,2026-08-09 11:30:00,2026-08-09,MER-010-CAP-27,160,5,155,NORMAL
INV-0002327,2026-08-09 12:00:00,2026-08-09,MER-010-CAP-27,160,5,155,NORMAL
INV-0002328,2026-08-09 12:30:00,2026-08-09,MER-010-CAP-27,160,6,154,NORMAL
INV-0002329,2026-08-09 13:00:00,2026-08-09,MER-010-CAP-27,160,10,150,NORMAL
INV-0002330,2026-08-09 13:30:00,2026-08-09,MER-010-CAP-27,160,14,146,NORMAL
INV-0002331,2026-08-09 14:00:00,2026-08-09,MER-010-CAP-27,160,18,142,NORMAL
INV-0002332,2026-08-09 14:30:00,2026-08-09,MER-010-CAP-27,160,22,138,NORMAL
INV-0002333,2026-08-09 15:00:00,2026-08-09,MER-010-CAP-27,160,25,135,NORMAL
INV-0002334,2026-08-09 15:30:00,2026-08-09,MER-010-CAP-27,160,34,126,NORMAL
INV-0002335,2026-08-09 16:00:00,2026-08-09,MER-010-CAP-27,160,38,122,NORMAL
INV-0002336,2026-08-09 16:30:00,2026-08-09,MER-010-CAP-27,160,41,119,NORMAL
INV-0002337,2026-08-09 17:00:00,2026-08-09,MER-010-CAP-27,160,58,102,NORMAL
INV-0002338,2026-08-09 17:30:00,2026-08-09,MER-010-CAP-27,160,67,93,NORMAL
INV-0002339,2026-08-09 18:00:00,2026-08-09,MER-010-CAP-27,160,72,88,NORMAL
INV-0002340,2026-08-09 18:30:00,2026-08-09,MER-010-CAP-27,160,82,78,NORMAL
INV-0002341,2026-08-09 19:00:00,2026-08-09,MER-010-CAP-27,160,87,73,NORMAL
INV-0002342,2026-08-09 19:30:00,2026-08-09,MER-010-CAP-27,160,91,69,NORMAL
INV-0002343,2026-08-09 20:00:00,2026-08-09,MER-010-CAP-27,160,94,66,NORMAL
INV-0002344,2026-08-09 20:30:00,2026-08-09,MER-010-CAP-27,160,102,58,NORMAL
INV-0002345,2026-08-09 21:00:00,2026-08-09,MER-010-CAP-27,160,103,57,NORMAL
INV-0002346,2026-08-09 21:30:00,2026-08-09,MER-010-CAP-27,160,107,53,NORMAL
INV-0002347,2026-08-09 22:00:00,2026-08-09,MER-010-CAP-27,160,108,52,NORMAL
INV-0002348,2026-08-09 22:30:00,2026-08-09,MER-010-CAP-27,160,112,48,NORMAL
INV-0002349,2026-08-09 23:00:00,2026-08-09,MER-010-CAP-27,160,113,47,NORMAL
INV-0002350,2026-08-09 10:00:00,2026-08-09,MER-013-POS-28,158,0,158,NORMAL
INV-0002351,2026-08-09 10:30:00,2026-08-09,MER-013-POS-28,158,0,158,NORMAL
INV-0002352,2026-08-09 11:00:00,2026-08-09,MER-013-POS-28,158,5,153,NORMAL
INV-0002353,2026-08-09 11:30:00,2026-08-09,MER-013-POS-28,158,6,152,NORMAL
INV-0002354,2026-08-09 12:00:00,2026-08-09,MER-013-POS-28,158,7,151,NORMAL
INV-0002355,2026-08-09 12:30:00,2026-08-09,MER-013-POS-28,158,7,151,NORMAL
INV-0002356,2026-08-09 13:00:00,2026-08-09,MER-013-POS-28,158,13,145,NORMAL
INV-0002357,2026-08-09 13:30:00,2026-08-09,MER-013-POS-28,158,18,140,NORMAL
INV-0002358,2026-08-09 14:00:00,2026-08-09,MER-013-POS-28,158,21,137,NORMAL
INV-0002359,2026-08-09 14:30:00,2026-08-09,MER-013-POS-28,158,24,134,NORMAL
INV-0002360,2026-08-09 15:00:00,2026-08-09,MER-013-POS-28,158,27,131,NORMAL
INV-0002361,2026-08-09 15:30:00,2026-08-09,MER-013-POS-28,158,39,119,NORMAL
INV-0002362,2026-08-09 16:00:00,2026-08-09,MER-013-POS-28,158,48,110,NORMAL
INV-0002363,2026-08-09 16:30:00,2026-08-09,MER-013-POS-28,158,54,104,NORMAL
INV-0002364,2026-08-09 17:00:00,2026-08-09,MER-013-POS-28,158,60,98,NORMAL
INV-0002365,2026-08-09 17:30:00,2026-08-09,MER-013-POS-28,158,65,93,NORMAL
INV-0002366,2026-08-09 18:00:00,2026-08-09,MER-013-POS-28,158,70,88,NORMAL
INV-0002367,2026-08-09 18:30:00,2026-08-09,MER-013-POS-28,158,76,82,NORMAL
INV-0002368,2026-08-09 19:00:00,2026-08-09,MER-013-POS-28,158,85,73,NORMAL
INV-0002369,2026-08-09 19:30:00,2026-08-09,MER-013-POS-28,158,90,68,NORMAL
INV-0002370,2026-08-09 20:00:00,2026-08-09,MER-013-POS-28,158,95,63,NORMAL
INV-0002371,2026-08-09 20:30:00,2026-08-09,MER-013-POS-28,158,100,58,NORMAL
INV-0002372,2026-08-09 21:00:00,2026-08-09,MER-013-POS-28,158,106,52,NORMAL
INV-0002373,2026-08-09 21:30:00,2026-08-09,MER-013-POS-28,158,107,51,NORMAL
INV-0002374,2026-08-09 22:00:00,2026-08-09,MER-013-POS-28,158,113,45,NORMAL
INV-0002375,2026-08-09 22:30:00,2026-08-09,MER-013-POS-28,158,116,42,NORMAL
INV-0002376,2026-08-09 23:00:00,2026-08-09,MER-013-POS-28,158,116,42,NORMAL
INV-0002377,2026-08-09 10:00:00,2026-08-09,MER-016-ACC-29,135,0,135,NORMAL
INV-0002378,2026-08-09 10:30:00,2026-08-09,MER-016-ACC-29,135,0,135,NORMAL
INV-0002379,2026-08-09 11:00:00,2026-08-09,MER-016-ACC-29,135,9,126,NORMAL
INV-0002380,2026-08-09 11:30:00,2026-08-09,MER-016-ACC-29,135,11,124,NORMAL
INV-0002381,2026-08-09 12:00:00,2026-08-09,MER-016-ACC-29,135,15,120,NORMAL
INV-0002382,2026-08-09 12:30:00,2026-08-09,MER-016-ACC-29,135,16,119,NORMAL
INV-0002383,2026-08-09 13:00:00,2026-08-09,MER-016-ACC-29,135,18,117,NORMAL
INV-0002384,2026-08-09 13:30:00,2026-08-09,MER-016-ACC-29,135,22,113,NORMAL
INV-0002385,2026-08-09 14:00:00,2026-08-09,MER-016-ACC-29,135,28,107,NORMAL
INV-0002386,2026-08-09 14:30:00,2026-08-09,MER-016-ACC-29,135,34,101,NORMAL
INV-0002387,2026-08-09 15:00:00,2026-08-09,MER-016-ACC-29,135,38,97,NORMAL
INV-0002388,2026-08-09 15:30:00,2026-08-09,MER-016-ACC-29,135,45,90,NORMAL
INV-0002389,2026-08-09 16:00:00,2026-08-09,MER-016-ACC-29,135,46,89,NORMAL
INV-0002390,2026-08-09 16:30:00,2026-08-09,MER-016-ACC-29,135,51,84,NORMAL
INV-0002391,2026-08-09 17:00:00,2026-08-09,MER-016-ACC-29,135,55,80,NORMAL
INV-0002392,2026-08-09 17:30:00,2026-08-09,MER-016-ACC-29,135,60,75,NORMAL
INV-0002393,2026-08-09 18:00:00,2026-08-09,MER-016-ACC-29,135,71,64,NORMAL
INV-0002394,2026-08-09 18:30:00,2026-08-09,MER-016-ACC-29,135,80,55,NORMAL
INV-0002395,2026-08-09 19:00:00,2026-08-09,MER-016-ACC-29,135,85,50,NORMAL
INV-0002396,2026-08-09 19:30:00,2026-08-09,MER-016-ACC-29,135,89,46,NORMAL
INV-0002397,2026-08-09 20:00:00,2026-08-09,MER-016-ACC-29,135,97,38,NORMAL
INV-0002398,2026-08-09 20:30:00,2026-08-09,MER-016-ACC-29,135,102,33,NORMAL
INV-0002399,2026-08-09 21:00:00,2026-08-09,MER-016-ACC-29,135,104,31,NORMAL
INV-0002400,2026-08-09 21:30:00,2026-08-09,MER-016-ACC-29,135,104,31,NORMAL
INV-0002401,2026-08-09 22:00:00,2026-08-09,MER-016-ACC-29,135,107,28,NORMAL
INV-0002402,2026-08-09 22:30:00,2026-08-09,MER-016-ACC-29,135,108,27,NORMAL
INV-0002403,2026-08-09 23:00:00,2026-08-09,MER-016-ACC-29,135,110,25,NORMAL
INV-0002404,2026-08-09 10:00:00,2026-08-09,MER-019-T_S-30,199,0,199,NORMAL
INV-0002405,2026-08-09 10:30:00,2026-08-09,MER-019-T_S-30,199,0,199,NORMAL
INV-0002406,2026-08-09 11:00:00,2026-08-09,MER-019-T_S-30,199,7,192,NORMAL
INV-0002407,2026-08-09 11:30:00,2026-08-09,MER-019-T_S-30,199,9,190,NORMAL
INV-0002408,2026-08-09 12:00:00,2026-08-09,MER-019-T_S-30,199,12,187,NORMAL
INV-0002409,2026-08-09 12:30:00,2026-08-09,MER-019-T_S-30,199,12,187,NORMAL
INV-0002410,2026-08-09 13:00:00,2026-08-09,MER-019-T_S-30,199,13,186,NORMAL
INV-0002411,2026-08-09 13:30:00,2026-08-09,MER-019-T_S-30,199,16,183,NORMAL
INV-0002412,2026-08-09 14:00:00,2026-08-09,MER-019-T_S-30,199,18,181,NORMAL
INV-0002413,2026-08-09 14:30:00,2026-08-09,MER-019-T_S-30,199,25,174,NORMAL
INV-0002414,2026-08-09 15:00:00,2026-08-09,MER-019-T_S-30,199,35,164,NORMAL
INV-0002415,2026-08-09 15:30:00,2026-08-09,MER-019-T_S-30,199,43,156,NORMAL
INV-0002416,2026-08-09 16:00:00,2026-08-09,MER-019-T_S-30,199,53,146,NORMAL
INV-0002417,2026-08-09 16:30:00,2026-08-09,MER-019-T_S-30,199,62,137,NORMAL
INV-0002418,2026-08-09 17:00:00,2026-08-09,MER-019-T_S-30,199,70,129,NORMAL
INV-0002419,2026-08-09 17:30:00,2026-08-09,MER-019-T_S-30,199,75,124,NORMAL
INV-0002420,2026-08-09 18:00:00,2026-08-09,MER-019-T_S-30,199,86,113,NORMAL
INV-0002421,2026-08-09 18:30:00,2026-08-09,MER-019-T_S-30,199,93,106,NORMAL
INV-0002422,2026-08-09 19:00:00,2026-08-09,MER-019-T_S-30,199,99,100,NORMAL
INV-0002423,2026-08-09 19:30:00,2026-08-09,MER-019-T_S-30,199,105,94,NORMAL
INV-0002424,2026-08-09 20:00:00,2026-08-09,MER-019-T_S-30,199,109,90,NORMAL
INV-0002425,2026-08-09 20:30:00,2026-08-09,MER-019-T_S-30,199,111,88,NORMAL
INV-0002426,2026-08-09 21:00:00,2026-08-09,MER-019-T_S-30,199,115,84,NORMAL
INV-0002427,2026-08-09 21:30:00,2026-08-09,MER-019-T_S-30,199,119,80,NORMAL
INV-0002428,2026-08-09 22:00:00,2026-08-09,MER-019-T_S-30,199,126,73,NORMAL
INV-0002429,2026-08-09 22:30:00,2026-08-09,MER-019-T_S-30,199,126,73,NORMAL
INV-0002430,2026-08-09 23:00:00,2026-08-09,MER-019-T_S-30,199,128,71,NORMAL
