request_id,ticket_id,parent_ticket_id,attendee_id,request_ts,reason_code,requested_amount_jpy,customer_comment,review_status
RFD-000001,TKT-020204,TKT-019728,ATT-019728,2026-08-10 10:23:00,WEATHER_CANCELLATION,6000,中止となった公演に関する払戻条件を確認したい。,PENDING
RFD-000002,TKT-020029,TKT-016942,ATT-016942,2026-08-13 18:16:00,WEATHER_CANCELLATION,6000,中止となった公演に関する払戻条件を確認したい。,PENDING
RFD-000003,TKT-020078,TKT-003425,ATT-003425,2026-08-13 08:56:00,WEATHER_CANCELLATION,6000,中止となった公演に関する払戻条件を確認したい。,PENDING
RFD-000004,TKT-020103,TKT-016095,ATT-016095,2026-08-10 03:32:00,WEATHER_CANCELLATION,6000,中止となった公演に関する払戻条件を確認したい。,PENDING
RFD-000005,TKT-020723,TKT-019677,ATT-019677,2026-08-12 19:05:00,WEATHER_CANCELLATION,6000,中止となった公演に関する払戻条件を確認したい。,PENDING
RFD-000006,TKT-020472,TKT-017563,ATT-017563,2026-08-13 23:38:00,WEATHER_CANCELLATION,6000,中止となった公演に関する払戻条件を確認したい。,PENDING
RFD-000007,TKT-020077,TKT-018591,ATT-018591,2026-08-13 12:32:00,WEATHER_CANCELLATION,6000,中止となった公演に関する払戻条件を確認したい。,PENDING
RFD-000008,TKT-020145,TKT-004648,ATT-004648,2026-08-13 21:13:00,WEATHER_CANCELLATION,6000,中止となった公演に関する払戻条件を確認したい。,PENDING
RFD-000009,TKT-020490,TKT-016373,ATT-016373,2026-08-13 22:00:00,WEATHER_CANCELLATION,6000,中止となった公演に関する払戻条件を確認したい。,PENDING
RFD-000010,TKT-020132,TKT-019758,ATT-019758,2026-08-13 03:35:00,WEATHER_CANCELLATION,6000,中止となった公演に関する払戻条件を確認したい。,PENDING
RFD-000011,TKT-020510,TKT-004000,ATT-004000,2026-08-12 23:19:00,WEATHER_CANCELLATION,6000,中止となった公演に関する払戻条件を確認したい。,PENDING
RFD-000012,TKT-020797,TKT-001024,ATT-001024,2026-08-09 20:14:00,WEATHER_CANCELLATION,6000,中止となった公演に関する払戻条件を確認したい。,PENDING
RFD-000013,TKT-020246,TKT-015955,ATT-015955,2026-08-13 14:54:00,WEATHER_CANCELLATION,6000,中止となった公演に関する払戻条件を確認したい。,PENDING
RFD-000014,TKT-020144,TKT-015992,ATT-015992,2026-08-11 21:37:00,WEATHER_CANCELLATION,6000,中止となった公演に関する払戻条件を確認したい。,PENDING
RFD-000015,TKT-020310,TKT-002318,ATT-002318,2026-08-13 07:47:00,WEATHER_CANCELLATION,6000,中止となった公演に関する払戻条件を確認したい。,PENDING
RFD-000016,TKT-020538,TKT-006214,ATT-006214,2026-08-09 23:38:00,WEATHER_CANCELLATION,6000,中止となった公演に関する払戻条件を確認したい。,PENDING
RFD-000017,TKT-020110,TKT-017560,ATT-017560,2026-08-12 01:38:00,WEATHER_CANCELLATION,6000,中止となった公演に関する払戻条件を確認したい。,PENDING
RFD-000018,TKT-020066,TKT-019776,ATT-019776,2026-08-13 20:26:00,WEATHER_CANCELLATION,6000,中止となった公演に関する払戻条件を確認したい。,PENDING
RFD-000019,TKT-020392,TKT-003074,ATT-003074,2026-08-11 06:00:00,WEATHER_CANCELLATION,6000,中止となった公演に関する払戻条件を確認したい。,PENDING
RFD-000020,TKT-020231,TKT-019324,ATT-019324,2026-08-11 00:10:00,WEATHER_CANCELLATION,6000,中止となった公演に関する払戻条件を確認したい。,PENDING
RFD-000021,TKT-020564,TKT-016086,ATT-016086,2026-08-11 12:52:00,WEATHER_CANCELLATION,6000,中止となった公演に関する払戻条件を確認したい。,PENDING
RFD-000022,TKT-020794,TKT-000132,ATT-000132,2026-08-11 19:20:00,WEATHER_CANCELLATION,6000,中止となった公演に関する払戻条件を確認したい。,PENDING
RFD-000023,TKT-020512,TKT-018098,ATT-018098,2026-08-13 17:35:00,WEATHER_CANCELLATION,6000,中止となった公演に関する払戻条件を確認したい。,PENDING
RFD-000024,TKT-020624,TKT-003283,ATT-003283,2026-08-11 08:55:00,WEATHER_CANCELLATION,6000,中止となった公演に関する払戻条件を確認したい。,PENDING
RFD-000025,TKT-020369,TKT-017388,ATT-017388,2026-08-14 14:22:00,WEATHER_CANCELLATION,6000,中止となった公演に関する払戻条件を確認したい。,PENDING
RFD-000026,TKT-020656,TKT-003751,ATT-003751,2026-08-11 09:48:00,WEATHER_CANCELLATION,6000,中止となった公演に関する払戻条件を確認したい。,PENDING
RFD-000027,TKT-020156,TKT-001349,ATT-001349,2026-08-11 04:35:00,WEATHER_CANCELLATION,6000,中止となった公演に関する払戻条件を確認したい。,PENDING
RFD-000028,TKT-020641,TKT-006031,ATT-006031,2026-08-11 08:16:00,WEATHER_CANCELLATION,6000,中止となった公演に関する払戻条件を確認したい。,PENDING
RFD-000029,TKT-020565,TKT-019352,ATT-019352,2026-08-13 19:58:00,WEATHER_CANCELLATION,6000,中止となった公演に関する払戻条件を確認したい。,PENDING
RFD-000030,TKT-020737,TKT-003338,ATT-003338,2026-08-10 04:39:00,WEATHER_CANCELLATION,6000,中止となった公演に関する払戻条件を確認したい。,PENDING
RFD-000031,TKT-020303,TKT-017485,ATT-017485,2026-08-10 13:36:00,WEATHER_CANCELLATION,6000,中止となった公演に関する払戻条件を確認したい。,PENDING
RFD-000032,TKT-020238,TKT-000804,ATT-000804,2026-08-13 22:41:00,WEATHER_CANCELLATION,6000,中止となった公演に関する払戻条件を確認したい。,PENDING
RFD-000033,TKT-020333,TKT-001270,ATT-001270,2026-08-10 03:46:00,WEATHER_CANCELLATION,6000,中止となった公演に関する払戻条件を確認したい。,PENDING
RFD-000034,TKT-020403,TKT-017861,ATT-017861,2026-08-12 10:48:00,WEATHER_CANCELLATION,6000,中止となった公演に関する払戻条件を確認したい。,PENDING
RFD-000035,TKT-020406,TKT-017847,ATT-017847,2026-08-10 21:05:00,WEATHER_CANCELLATION,6000,中止となった公演に関する払戻条件を確認したい。,PENDING
RFD-000036,TKT-020542,TKT-005835,ATT-005835,2026-08-10 07:28:00,WEATHER_CANCELLATION,6000,中止となった公演に関する払戻条件を確認したい。,PENDING
RFD-000037,TKT-020745,TKT-001873,ATT-001873,2026-08-14 06:24:00,WEATHER_CANCELLATION,6000,中止となった公演に関する払戻条件を確認したい。,PENDING
RFD-000038,TKT-020208,TKT-017592,ATT-017592,2026-08-12 12:09:00,WEATHER_CANCELLATION,6000,中止となった公演に関する払戻条件を確認したい。,PENDING
RFD-000039,TKT-020725,TKT-001679,ATT-001679,2026-08-09 21:57:00,WEATHER_CANCELLATION,6000,中止となった公演に関する払戻条件を確認したい。,PENDING
RFD-000040,TKT-020071,TKT-002287,ATT-002287,2026-08-11 05:46:00,WEATHER_CANCELLATION,6000,中止となった公演に関する払戻条件を確認したい。,PENDING
RFD-000041,TKT-020435,TKT-018122,ATT-018122,2026-08-14 01:53:00,WEATHER_CANCELLATION,6000,中止となった公演に関する払戻条件を確認したい。,PENDING
RFD-000042,TKT-020114,TKT-019150,ATT-019150,2026-08-11 03:20:00,WEATHER_CANCELLATION,6000,中止となった公演に関する払戻条件を確認したい。,PENDING
RFD-000043,TKT-020771,TKT-001906,ATT-001906,2026-08-14 01:00:00,WEATHER_CANCELLATION,6000,中止となった公演に関する払戻条件を確認したい。,PENDING
RFD-000044,TKT-020324,TKT-019633,ATT-019633,2026-08-12 16:45:00,WEATHER_CANCELLATION,6000,中止となった公演に関する払戻条件を確認したい。,PENDING
RFD-000045,TKT-020544,TKT-015683,ATT-015683,2026-08-13 22:34:00,WEATHER_CANCELLATION,6000,中止となった公演に関する払戻条件を確認したい。,PENDING
RFD-000046,TKT-020756,TKT-016105,ATT-016105,2026-08-13 00:54:00,WEATHER_CANCELLATION,6000,中止となった公演に関する払戻条件を確認したい。,PENDING
RFD-000047,TKT-020471,TKT-005785,ATT-005785,2026-08-09 20:40:00,WEATHER_CANCELLATION,6000,中止となった公演に関する払戻条件を確認したい。,PENDING
RFD-000048,TKT-020278,TKT-019268,ATT-019268,2026-08-11 17:19:00,WEATHER_CANCELLATION,6000,中止となった公演に関する払戻条件を確認したい。,PENDING
RFD-000049,TKT-020449,TKT-019793,ATT-019793,2026-08-14 05:18:00,WEATHER_CANCELLATION,6000,中止となった公演に関する払戻条件を確認したい。,PENDING
RFD-000050,TKT-020155,TKT-019037,ATT-019037,2026-08-13 14:47:00,WEATHER_CANCELLATION,6000,中止となった公演に関する払戻条件を確認したい。,PENDING
RFD-000051,TKT-020443,TKT-017556,ATT-017556,2026-08-11 17:18:00,WEATHER_CANCELLATION,6000,中止となった公演に関する払戻条件を確認したい。,PENDING
RFD-000052,TKT-020464,TKT-004930,ATT-004930,2026-08-11 17:13:00,WEATHER_CANCELLATION,6000,中止となった公演に関する払戻条件を確認したい。,PENDING
RFD-000053,TKT-020062,TKT-003986,ATT-003986,2026-08-09 22:51:00,WEATHER_CANCELLATION,6000,中止となった公演に関する払戻条件を確認したい。,PENDING
RFD-000054,TKT-020530,TKT-000846,ATT-000846,2026-08-14 12:29:00,WEATHER_CANCELLATION,6000,中止となった公演に関する払戻条件を確認したい。,PENDING
RFD-000055,TKT-020226,TKT-002797,ATT-002797,2026-08-13 03:24:00,WEATHER_CANCELLATION,6000,中止となった公演に関する払戻条件を確認したい。,PENDING
RFD-000056,TKT-020629,TKT-018047,ATT-018047,2026-08-10 13:34:00,WEATHER_CANCELLATION,6000,中止となった公演に関する払戻条件を確認したい。,PENDING
RFD-000057,TKT-020297,TKT-019944,ATT-019944,2026-08-12 03:33:00,WEATHER_CANCELLATION,6000,中止となった公演に関する払戻条件を確認したい。,PENDING
RFD-000058,TKT-020129,TKT-002197,ATT-002197,2026-08-13 04:47:00,WEATHER_CANCELLATION,6000,中止となった公演に関する払戻条件を確認したい。,PENDING
RFD-000059,TKT-020555,TKT-017398,ATT-017398,2026-08-10 19:39:00,WEATHER_CANCELLATION,6000,中止となった公演に関する払戻条件を確認したい。,PENDING
RFD-000060,TKT-020514,TKT-002727,ATT-002727,2026-08-14 01:17:00,WEATHER_CANCELLATION,6000,中止となった公演に関する払戻条件を確認したい。,PENDING
RFD-000061,TKT-020660,TKT-018700,ATT-018700,2026-08-12 02:47:00,WEATHER_CANCELLATION,6000,中止となった公演に関する払戻条件を確認したい。,PENDING
RFD-000062,TKT-020635,TKT-003470,ATT-003470,2026-08-12 00:24:00,WEATHER_CANCELLATION,6000,中止となった公演に関する払戻条件を確認したい。,PENDING
RFD-000063,TKT-020393,TKT-000238,ATT-000238,2026-08-13 03:33:00,WEATHER_CANCELLATION,6000,中止となった公演に関する払戻条件を確認したい。,PENDING
RFD-000064,TKT-020011,TKT-000484,ATT-000484,2026-08-11 18:41:00,WEATHER_CANCELLATION,6000,中止となった公演に関する払戻条件を確認したい。,PENDING
RFD-000065,TKT-020050,TKT-016987,ATT-016987,2026-08-14 19:18:00,WEATHER_CANCELLATION,6000,中止となった公演に関する払戻条件を確認したい。,PENDING
RFD-000066,TKT-020283,TKT-004367,ATT-004367,2026-08-10 05:23:00,WEATHER_CANCELLATION,6000,中止となった公演に関する払戻条件を確認したい。,PENDING
RFD-000067,TKT-020358,TKT-016817,ATT-016817,2026-08-10 03:03:00,WEATHER_CANCELLATION,6000,中止となった公演に関する払戻条件を確認したい。,PENDING
RFD-000068,TKT-020497,TKT-002533,ATT-002533,2026-08-13 07:19:00,WEATHER_CANCELLATION,6000,中止となった公演に関する払戻条件を確認したい。,PENDING
RFD-000069,TKT-020598,TKT-017196,ATT-017196,2026-08-11 22:14:00,WEATHER_CANCELLATION,6000,中止となった公演に関する払戻条件を確認したい。,PENDING
RFD-000070,TKT-020682,TKT-006681,ATT-006681,2026-08-11 04:34:00,WEATHER_CANCELLATION,6000,中止となった公演に関する払戻条件を確認したい。,PENDING
RFD-000071,TKT-020288,TKT-005199,ATT-005199,2026-08-10 22:39:00,WEATHER_CANCELLATION,6000,中止となった公演に関する払戻条件を確認したい。,PENDING
RFD-000072,TKT-020043,TKT-001916,ATT-001916,2026-08-14 01:55:00,WEATHER_CANCELLATION,6000,中止となった公演に関する払戻条件を確認したい。,PENDING
RFD-000073,TKT-020374,TKT-017361,ATT-017361,2026-08-14 15:03:00,WEATHER_CANCELLATION,6000,中止となった公演に関する払戻条件を確認したい。,PENDING
RFD-000074,TKT-020648,TKT-019466,ATT-019466,2026-08-14 08:02:00,WEATHER_CANCELLATION,6000,中止となった公演に関する払戻条件を確認したい。,PENDING
RFD-000075,TKT-020568,TKT-000404,ATT-000404,2026-08-10 00:34:00,WEATHER_CANCELLATION,6000,中止となった公演に関する払戻条件を確認したい。,PENDING
RFD-000076,TKT-020101,TKT-005337,ATT-005337,2026-08-11 15:14:00,WEATHER_CANCELLATION,6000,中止となった公演に関する払戻条件を確認したい。,PENDING
RFD-000077,TKT-020247,TKT-004152,ATT-004152,2026-08-14 15:33:00,WEATHER_CANCELLATION,6000,中止となった公演に関する払戻条件を確認したい。,PENDING
RFD-000078,TKT-020400,TKT-001893,ATT-001893,2026-08-11 03:34:00,WEATHER_CANCELLATION,6000,中止となった公演に関する払戻条件を確認したい。,PENDING
RFD-000079,TKT-020411,TKT-018404,ATT-018404,2026-08-14 06:21:00,WEATHER_CANCELLATION,6000,中止となった公演に関する払戻条件を確認したい。,PENDING
RFD-000080,TKT-020777,TKT-017155,ATT-017155,2026-08-11 04:07:00,WEATHER_CANCELLATION,6000,中止となった公演に関する払戻条件を確認したい。,PENDING
RFD-000081,TKT-020798,TKT-003790,ATT-003790,2026-08-11 16:58:00,WEATHER_CANCELLATION,6000,中止となった公演に関する払戻条件を確認したい。,PENDING
RFD-000082,TKT-020665,TKT-001109,ATT-001109,2026-08-14 05:50:00,WEATHER_CANCELLATION,6000,中止となった公演に関する払戻条件を確認したい。,PENDING
RFD-000083,TKT-020767,TKT-005206,ATT-005206,2026-08-10 15:13:00,WEATHER_CANCELLATION,6000,中止となった公演に関する払戻条件を確認したい。,PENDING
RFD-000084,TKT-020166,TKT-001842,ATT-001842,2026-08-12 07:18:00,WEATHER_CANCELLATION,6000,中止となった公演に関する払戻条件を確認したい。,PENDING
RFD-000085,TKT-020570,TKT-001714,ATT-001714,2026-08-10 10:47:00,WEATHER_CANCELLATION,6000,中止となった公演に関する払戻条件を確認したい。,PENDING
RFD-000086,TKT-020469,TKT-016587,ATT-016587,2026-08-11 09:25:00,WEATHER_CANCELLATION,6000,中止となった公演に関する払戻条件を確認したい。,PENDING
RFD-000087,TKT-020106,TKT-016065,ATT-016065,2026-08-13 20:48:00,WEATHER_CANCELLATION,6000,中止となった公演に関する払戻条件を確認したい。,PENDING
RFD-000088,TKT-020751,TKT-002377,ATT-002377,2026-08-11 23:25:00,WEATHER_CANCELLATION,6000,中止となった公演に関する払戻条件を確認したい。,PENDING
RFD-000089,TKT-020321,TKT-018205,ATT-018205,2026-08-14 01:05:00,WEATHER_CANCELLATION,6000,中止となった公演に関する払戻条件を確認したい。,PENDING
RFD-000090,TKT-020199,TKT-005258,ATT-005258,2026-08-10 08:26:00,WEATHER_CANCELLATION,6000,中止となった公演に関する払戻条件を確認したい。,PENDING
RFD-000091,TKT-020583,TKT-005542,ATT-005542,2026-08-12 01:15:00,WEATHER_CANCELLATION,6000,中止となった公演に関する払戻条件を確認したい。,PENDING
RFD-000092,TKT-020233,TKT-002643,ATT-002643,2026-08-10 01:31:00,WEATHER_CANCELLATION,6000,中止となった公演に関する払戻条件を確認したい。,PENDING
RFD-000093,TKT-020475,TKT-016917,ATT-016917,2026-08-14 09:43:00,WEATHER_CANCELLATION,6000,中止となった公演に関する払戻条件を確認したい。,PENDING
RFD-000094,TKT-020148,TKT-018616,ATT-018616,2026-08-12 03:00:00,WEATHER_CANCELLATION,6000,中止となった公演に関する払戻条件を確認したい。,PENDING
RFD-000095,TKT-020752,TKT-001638,ATT-001638,2026-08-11 08:11:00,WEATHER_CANCELLATION,6000,中止となった公演に関する払戻条件を確認したい。,PENDING
RFD-000096,TKT-020152,TKT-001881,ATT-001881,2026-08-11 01:12:00,WEATHER_CANCELLATION,6000,中止となった公演に関する払戻条件を確認したい。,PENDING
RFD-000097,TKT-020750,TKT-018070,ATT-018070,2026-08-14 06:44:00,WEATHER_CANCELLATION,6000,中止となった公演に関する払戻条件を確認したい。,PENDING
RFD-000098,TKT-020335,TKT-004014,ATT-004014,2026-08-14 07:21:00,WEATHER_CANCELLATION,6000,中止となった公演に関する払戻条件を確認したい。,PENDING
RFD-000099,TKT-020281,TKT-019398,ATT-019398,2026-08-13 10:27:00,WEATHER_CANCELLATION,6000,中止となった公演に関する払戻条件を確認したい。,PENDING
RFD-000100,TKT-020272,TKT-002470,ATT-002470,2026-08-11 23:18:00,WEATHER_CANCELLATION,6000,中止となった公演に関する払戻条件を確認したい。,PENDING
RFD-000101,TKT-020482,TKT-019367,ATT-019367,2026-08-14 06:32:00,WEATHER_CANCELLATION,6000,中止となった公演に関する払戻条件を確認したい。,PENDING
RFD-000102,TKT-020673,TKT-018547,ATT-018547,2026-08-13 03:34:00,WEATHER_CANCELLATION,6000,中止となった公演に関する払戻条件を確認したい。,PENDING
RFD-000103,TKT-020681,TKT-000795,ATT-000795,2026-08-12 01:34:00,WEATHER_CANCELLATION,6000,中止となった公演に関する払戻条件を確認したい。,PENDING
RFD-000104,TKT-020367,TKT-018230,ATT-018230,2026-08-10 20:02:00,WEATHER_CANCELLATION,6000,中止となった公演に関する払戻条件を確認したい。,PENDING
RFD-000105,TKT-020658,TKT-002321,ATT-002321,2026-08-13 02:08:00,WEATHER_CANCELLATION,6000,中止となった公演に関する払戻条件を確認したい。,PENDING
RFD-000106,TKT-020212,TKT-015839,ATT-015839,2026-08-13 15:08:00,WEATHER_CANCELLATION,6000,中止となった公演に関する払戻条件を確認したい。,PENDING
RFD-000107,TKT-020768,TKT-003613,ATT-003613,2026-08-13 11:42:00,WEATHER_CANCELLATION,6000,中止となった公演に関する払戻条件を確認したい。,PENDING
RFD-000108,TKT-020704,TKT-004642,ATT-004642,2026-08-14 00:06:00,WEATHER_CANCELLATION,6000,中止となった公演に関する払戻条件を確認したい。,PENDING
RFD-000109,TKT-020179,TKT-000897,ATT-000897,2026-08-13 15:31:00,WEATHER_CANCELLATION,6000,中止となった公演に関する払戻条件を確認したい。,PENDING
RFD-000110,TKT-020344,TKT-016139,ATT-016139,2026-08-14 09:40:00,WEATHER_CANCELLATION,6000,中止となった公演に関する払戻条件を確認したい。,PENDING
RFD-000111,TKT-020548,TKT-002677,ATT-002677,2026-08-11 07:01:00,WEATHER_CANCELLATION,6000,中止となった公演に関する払戻条件を確認したい。,PENDING
RFD-000112,TKT-020508,TKT-004714,ATT-004714,2026-08-14 12:13:00,WEATHER_CANCELLATION,6000,中止となった公演に関する払戻条件を確認したい。,PENDING
RFD-000113,TKT-020139,TKT-000360,ATT-000360,2026-08-11 08:01:00,WEATHER_CANCELLATION,6000,中止となった公演に関する払戻条件を確認したい。,PENDING
RFD-000114,TKT-020356,TKT-005470,ATT-005470,2026-08-14 19:13:00,WEATHER_CANCELLATION,6000,中止となった公演に関する払戻条件を確認したい。,PENDING
RFD-000115,TKT-020584,TKT-004210,ATT-004210,2026-08-14 04:55:00,WEATHER_CANCELLATION,6000,中止となった公演に関する払戻条件を確認したい。,PENDING
RFD-000116,TKT-020401,TKT-006622,ATT-006622,2026-08-12 05:15:00,WEATHER_CANCELLATION,6000,中止となった公演に関する払戻条件を確認したい。,PENDING
RFD-000117,TKT-020001,TKT-006730,ATT-006730,2026-08-10 02:17:00,WEATHER_CANCELLATION,6000,中止となった公演に関する払戻条件を確認したい。,PENDING
RFD-000118,TKT-020279,TKT-002705,ATT-002705,2026-08-10 05:31:00,WEATHER_CANCELLATION,6000,中止となった公演に関する払戻条件を確認したい。,PENDING
RFD-000119,TKT-020292,TKT-017375,ATT-017375,2026-08-13 01:14:00,WEATHER_CANCELLATION,6000,中止となった公演に関する払戻条件を確認したい。,PENDING
RFD-000120,TKT-020631,TKT-002290,ATT-002290,2026-08-12 02:36:00,WEATHER_CANCELLATION,6000,中止となった公演に関する払戻条件を確認したい。,PENDING
RFD-000121,TKT-020086,TKT-000702,ATT-000702,2026-08-10 21:10:00,WEATHER_CANCELLATION,6000,中止となった公演に関する払戻条件を確認したい。,PENDING
RFD-000122,TKT-020149,TKT-019179,ATT-019179,2026-08-12 05:58:00,WEATHER_CANCELLATION,6000,中止となった公演に関する払戻条件を確認したい。,PENDING
RFD-000123,TKT-020678,TKT-019901,ATT-019901,2026-08-11 22:11:00,WEATHER_CANCELLATION,6000,中止となった公演に関する払戻条件を確認したい。,PENDING
RFD-000124,TKT-020732,TKT-000297,ATT-000297,2026-08-11 10:57:00,WEATHER_CANCELLATION,6000,中止となった公演に関する払戻条件を確認したい。,PENDING
RFD-000125,TKT-020386,TKT-004331,ATT-004331,2026-08-11 11:59:00,WEATHER_CANCELLATION,6000,中止となった公演に関する払戻条件を確認したい。,PENDING
RFD-000126,TKT-020221,TKT-016210,ATT-016210,2026-08-09 21:15:00,WEATHER_CANCELLATION,6000,中止となった公演に関する払戻条件を確認したい。,PENDING
RFD-000127,TKT-020760,TKT-000703,ATT-000703,2026-08-10 12:02:00,WEATHER_CANCELLATION,6000,中止となった公演に関する払戻条件を確認したい。,PENDING
RFD-000128,TKT-020749,TKT-018589,ATT-018589,2026-08-09 23:19:00,WEATHER_CANCELLATION,6000,中止となった公演に関する払戻条件を確認したい。,PENDING
RFD-000129,TKT-020398,TKT-003102,ATT-003102,2026-08-10 10:44:00,WEATHER_CANCELLATION,6000,中止となった公演に関する払戻条件を確認したい。,PENDING
RFD-000130,TKT-020639,TKT-003914,ATT-003914,2026-08-11 22:41:00,WEATHER_CANCELLATION,6000,中止となった公演に関する払戻条件を確認したい。,PENDING
RFD-000131,TKT-020254,TKT-006643,ATT-006643,2026-08-11 21:25:00,WEATHER_CANCELLATION,6000,中止となった公演に関する払戻条件を確認したい。,PENDING
RFD-000132,TKT-020232,TKT-003699,ATT-003699,2026-08-10 21:37:00,WEATHER_CANCELLATION,6000,中止となった公演に関する払戻条件を確認したい。,PENDING
RFD-000133,TKT-020710,TKT-001754,ATT-001754,2026-08-13 10:05:00,WEATHER_CANCELLATION,6000,中止となった公演に関する払戻条件を確認したい。,PENDING
RFD-000134,TKT-020376,TKT-019607,ATT-019607,2026-08-13 06:11:00,WEATHER_CANCELLATION,6000,中止となった公演に関する払戻条件を確認したい。,PENDING
RFD-000135,TKT-020117,TKT-004769,ATT-004769,2026-08-10 04:05:00,WEATHER_CANCELLATION,6000,中止となった公演に関する払戻条件を確認したい。,PENDING
RFD-000136,TKT-020498,TKT-017534,ATT-017534,2026-08-13 22:46:00,WEATHER_CANCELLATION,6000,中止となった公演に関する払戻条件を確認したい。,PENDING
RFD-000137,TKT-020788,TKT-001447,ATT-001447,2026-08-13 08:24:00,WEATHER_CANCELLATION,6000,中止となった公演に関する払戻条件を確認したい。,PENDING
RFD-000138,TKT-020021,TKT-016319,ATT-016319,2026-08-11 16:36:00,WEATHER_CANCELLATION,6000,中止となった公演に関する払戻条件を確認したい。,PENDING
RFD-000139,TKT-020670,TKT-004843,ATT-004843,2026-08-09 21:37:00,WEATHER_CANCELLATION,6000,中止となった公演に関する払戻条件を確認したい。,PENDING
RFD-000140,TKT-020567,TKT-000788,ATT-000788,2026-08-09 22:05:00,WEATHER_CANCELLATION,6000,中止となった公演に関する払戻条件を確認したい。,PENDING
RFD-000141,TKT-020203,TKT-001965,ATT-001965,2026-08-14 16:38:00,WEATHER_CANCELLATION,6000,中止となった公演に関する払戻条件を確認したい。,PENDING
RFD-000142,TKT-020054,TKT-016802,ATT-016802,2026-08-10 00:57:00,WEATHER_CANCELLATION,6000,中止となった公演に関する払戻条件を確認したい。,PENDING
RFD-000143,TKT-020762,TKT-004718,ATT-004718,2026-08-11 21:34:00,WEATHER_CANCELLATION,6000,中止となった公演に関する払戻条件を確認したい。,PENDING
RFD-000144,TKT-020089,TKT-019043,ATT-019043,2026-08-12 09:18:00,WEATHER_CANCELLATION,6000,中止となった公演に関する払戻条件を確認したい。,PENDING
RFD-000145,TKT-020742,TKT-003401,ATT-003401,2026-08-13 13:04:00,WEATHER_CANCELLATION,6000,中止となった公演に関する払戻条件を確認したい。,PENDING
RFD-000146,TKT-020075,TKT-002828,ATT-002828,2026-08-14 15:01:00,WEATHER_CANCELLATION,6000,中止となった公演に関する払戻条件を確認したい。,PENDING
RFD-000147,TKT-020017,TKT-016745,ATT-016745,2026-08-11 06:27:00,WEATHER_CANCELLATION,6000,中止となった公演に関する払戻条件を確認したい。,PENDING
RFD-000148,TKT-020413,TKT-018744,ATT-018744,2026-08-10 00:53:00,WEATHER_CANCELLATION,6000,中止となった公演に関する払戻条件を確認したい。,PENDING
RFD-000149,TKT-020659,TKT-018461,ATT-018461,2026-08-14 08:33:00,WEATHER_CANCELLATION,6000,中止となった公演に関する払戻条件を確認したい。,PENDING
RFD-000150,TKT-020242,TKT-000937,ATT-000937,2026-08-11 12:43:00,WEATHER_CANCELLATION,6000,中止となった公演に関する払戻条件を確認したい。,PENDING
RFD-000151,TKT-020572,TKT-019395,ATT-019395,2026-08-11 04:22:00,WEATHER_CANCELLATION,6000,中止となった公演に関する払戻条件を確認したい。,PENDING
RFD-000152,TKT-020239,TKT-004121,ATT-004121,2026-08-10 18:01:00,WEATHER_CANCELLATION,6000,中止となった公演に関する払戻条件を確認したい。,PENDING
RFD-000153,TKT-020309,TKT-016887,ATT-016887,2026-08-13 09:27:00,WEATHER_CANCELLATION,6000,中止となった公演に関する払戻条件を確認したい。,PENDING
RFD-000154,TKT-020112,TKT-019931,ATT-019931,2026-08-12 07:43:00,WEATHER_CANCELLATION,6000,中止となった公演に関する払戻条件を確認したい。,PENDING
RFD-000155,TKT-020594,TKT-006412,ATT-006412,2026-08-11 09:49:00,WEATHER_CANCELLATION,6000,中止となった公演に関する払戻条件を確認したい。,PENDING
RFD-000156,TKT-020217,TKT-003602,ATT-003602,2026-08-12 14:51:00,WEATHER_CANCELLATION,6000,中止となった公演に関する払戻条件を確認したい。,PENDING
RFD-000157,TKT-020571,TKT-003923,ATT-003923,2026-08-11 03:28:00,WEATHER_CANCELLATION,6000,中止となった公演に関する払戻条件を確認したい。,PENDING
RFD-000158,TKT-020389,TKT-001216,ATT-001216,2026-08-12 13:39:00,WEATHER_CANCELLATION,6000,中止となった公演に関する払戻条件を確認したい。,PENDING
RFD-000159,TKT-020638,TKT-004258,ATT-004258,2026-08-10 08:02:00,WEATHER_CANCELLATION,6000,中止となった公演に関する払戻条件を確認したい。,PENDING
RFD-000160,TKT-020264,TKT-001834,ATT-001834,2026-08-12 12:34:00,WEATHER_CANCELLATION,6000,中止となった公演に関する払戻条件を確認したい。,PENDING
RFD-000161,TKT-020579,TKT-018423,ATT-018423,2026-08-14 03:34:00,WEATHER_CANCELLATION,6000,中止となった公演に関する払戻条件を確認したい。,PENDING
RFD-000162,TKT-020647,TKT-003012,ATT-003012,2026-08-10 18:38:00,WEATHER_CANCELLATION,6000,中止となった公演に関する払戻条件を確認したい。,PENDING
RFD-000163,TKT-020563,TKT-002031,ATT-002031,2026-08-12 08:31:00,WEATHER_CANCELLATION,6000,中止となった公演に関する払戻条件を確認したい。,PENDING
RFD-000164,TKT-020215,TKT-002466,ATT-002466,2026-08-12 12:28:00,WEATHER_CANCELLATION,6000,中止となった公演に関する払戻条件を確認したい。,PENDING
RFD-000165,TKT-020084,TKT-016852,ATT-016852,2026-08-11 15:51:00,WEATHER_CANCELLATION,6000,中止となった公演に関する払戻条件を確認したい。,PENDING
RFD-000166,TKT-020105,TKT-018282,ATT-018282,2026-08-10 13:20:00,WEATHER_CANCELLATION,6000,中止となった公演に関する払戻条件を確認したい。,PENDING
RFD-000167,TKT-020782,TKT-016342,ATT-016342,2026-08-14 16:31:00,WEATHER_CANCELLATION,6000,中止となった公演に関する払戻条件を確認したい。,PENDING
RFD-000168,TKT-020694,TKT-004735,ATT-004735,2026-08-11 11:17:00,WEATHER_CANCELLATION,6000,中止となった公演に関する払戻条件を確認したい。,PENDING
RFD-000169,TKT-020576,TKT-019985,ATT-019985,2026-08-14 15:08:00,WEATHER_CANCELLATION,6000,中止となった公演に関する払戻条件を確認したい。,PENDING
RFD-000170,TKT-020707,TKT-004706,ATT-004706,2026-08-10 04:03:00,WEATHER_CANCELLATION,6000,中止となった公演に関する払戻条件を確認したい。,PENDING
RFD-000171,TKT-020137,TKT-004296,ATT-004296,2026-08-10 09:49:00,WEATHER_CANCELLATION,6000,中止となった公演に関する払戻条件を確認したい。,PENDING
RFD-000172,TKT-020325,TKT-016580,ATT-016580,2026-08-11 05:53:00,WEATHER_CANCELLATION,6000,中止となった公演に関する払戻条件を確認したい。,PENDING
RFD-000173,TKT-020354,TKT-001967,ATT-001967,2026-08-13 10:15:00,WEATHER_CANCELLATION,6000,中止となった公演に関する払戻条件を確認したい。,PENDING
RFD-000174,TKT-020410,TKT-001186,ATT-001186,2026-08-11 17:43:00,WEATHER_CANCELLATION,6000,中止となった公演に関する払戻条件を確認したい。,PENDING
RFD-000175,TKT-020614,TKT-004124,ATT-004124,2026-08-12 07:17:00,WEATHER_CANCELLATION,6000,中止となった公演に関する払戻条件を確認したい。,PENDING
RFD-000176,TKT-020473,TKT-018095,ATT-018095,2026-08-12 20:14:00,WEATHER_CANCELLATION,6000,中止となった公演に関する払戻条件を確認したい。,PENDING
RFD-000177,TKT-020746,TKT-004565,ATT-004565,2026-08-11 16:08:00,WEATHER_CANCELLATION,6000,中止となった公演に関する払戻条件を確認したい。,PENDING
RFD-000178,TKT-020388,TKT-006750,ATT-006750,2026-08-10 19:33:00,WEATHER_CANCELLATION,6000,中止となった公演に関する払戻条件を確認したい。,PENDING
RFD-000179,TKT-020430,TKT-018818,ATT-018818,2026-08-14 04:04:00,WEATHER_CANCELLATION,6000,中止となった公演に関する払戻条件を確認したい。,PENDING
RFD-000180,TKT-020457,TKT-016229,ATT-016229,2026-08-12 15:18:00,WEATHER_CANCELLATION,6000,中止となった公演に関する払戻条件を確認したい。,PENDING
RFD-000181,TKT-020763,TKT-015798,ATT-015798,2026-08-10 09:44:00,WEATHER_CANCELLATION,6000,中止となった公演に関する払戻条件を確認したい。,PENDING
RFD-000182,TKT-020072,TKT-016303,ATT-016303,2026-08-14 10:36:00,WEATHER_CANCELLATION,6000,中止となった公演に関する払戻条件を確認したい。,PENDING
RFD-000183,TKT-020347,TKT-001591,ATT-001591,2026-08-10 09:34:00,WEATHER_CANCELLATION,6000,中止となった公演に関する払戻条件を確認したい。,PENDING
RFD-000184,TKT-020394,TKT-018067,ATT-018067,2026-08-13 05:42:00,WEATHER_CANCELLATION,6000,中止となった公演に関する払戻条件を確認したい。,PENDING
RFD-000185,TKT-020003,TKT-018094,ATT-018094,2026-08-13 12:06:00,WEATHER_CANCELLATION,6000,中止となった公演に関する払戻条件を確認したい。,PENDING
RFD-000186,TKT-020735,TKT-003641,ATT-003641,2026-08-11 18:09:00,WEATHER_CANCELLATION,6000,中止となった公演に関する払戻条件を確認したい。,PENDING
RFD-000187,TKT-020481,TKT-001559,ATT-001559,2026-08-13 16:54:00,WEATHER_CANCELLATION,6000,中止となった公演に関する払戻条件を確認したい。,PENDING
RFD-000188,TKT-020273,TKT-018325,ATT-018325,2026-08-11 13:26:00,WEATHER_CANCELLATION,6000,中止となった公演に関する払戻条件を確認したい。,PENDING
RFD-000189,TKT-020107,TKT-018724,ATT-018724,2026-08-13 17:19:00,WEATHER_CANCELLATION,6000,中止となった公演に関する払戻条件を確認したい。,PENDING
RFD-000190,TKT-020690,TKT-016163,ATT-016163,2026-08-10 15:13:00,WEATHER_CANCELLATION,6000,中止となった公演に関する払戻条件を確認したい。,PENDING
RFD-000191,TKT-020067,TKT-017099,ATT-017099,2026-08-13 15:43:00,WEATHER_CANCELLATION,6000,中止となった公演に関する払戻条件を確認したい。,PENDING
RFD-000192,TKT-020185,TKT-015873,ATT-015873,2026-08-14 07:34:00,WEATHER_CANCELLATION,6000,中止となった公演に関する払戻条件を確認したい。,PENDING
RFD-000193,TKT-020448,TKT-017531,ATT-017531,2026-08-13 01:25:00,WEATHER_CANCELLATION,6000,中止となった公演に関する払戻条件を確認したい。,PENDING
RFD-000194,TKT-020652,TKT-006269,ATT-006269,2026-08-11 10:20:00,WEATHER_CANCELLATION,6000,中止となった公演に関する払戻条件を確認したい。,PENDING
RFD-000195,TKT-020616,TKT-005615,ATT-005615,2026-08-11 20:58:00,WEATHER_CANCELLATION,6000,中止となった公演に関する払戻条件を確認したい。,PENDING
RFD-000196,TKT-020036,TKT-004412,ATT-004412,2026-08-13 21:28:00,WEATHER_CANCELLATION,6000,中止となった公演に関する払戻条件を確認したい。,PENDING
RFD-000197,TKT-020644,TKT-005750,ATT-005750,2026-08-11 14:40:00,WEATHER_CANCELLATION,6000,中止となった公演に関する払戻条件を確認したい。,PENDING
RFD-000198,TKT-020038,TKT-016091,ATT-016091,2026-08-11 03:48:00,WEATHER_CANCELLATION,6000,中止となった公演に関する払戻条件を確認したい。,PENDING
RFD-000199,TKT-020420,TKT-018683,ATT-018683,2026-08-12 14:45:00,WEATHER_CANCELLATION,6000,中止となった公演に関する払戻条件を確認したい。,PENDING
RFD-000200,TKT-020601,TKT-003725,ATT-003725,2026-08-10 07:18:00,WEATHER_CANCELLATION,6000,中止となった公演に関する払戻条件を確認したい。,PENDING
RFD-000201,TKT-020301,TKT-000931,ATT-000931,2026-08-14 02:05:00,WEATHER_CANCELLATION,6000,中止となった公演に関する払戻条件を確認したい。,PENDING
RFD-000202,TKT-020547,TKT-003160,ATT-003160,2026-08-10 00:52:00,WEATHER_CANCELLATION,6000,中止となった公演に関する払戻条件を確認したい。,PENDING
RFD-000203,TKT-020150,TKT-006527,ATT-006527,2026-08-11 01:57:00,WEATHER_CANCELLATION,6000,中止となった公演に関する払戻条件を確認したい。,PENDING
RFD-000204,TKT-020507,TKT-000490,ATT-000490,2026-08-13 06:54:00,WEATHER_CANCELLATION,6000,中止となった公演に関する払戻条件を確認したい。,PENDING
RFD-000205,TKT-020266,TKT-017724,ATT-017724,2026-08-12 16:21:00,WEATHER_CANCELLATION,6000,中止となった公演に関する払戻条件を確認したい。,PENDING
RFD-000206,TKT-020157,TKT-005269,ATT-005269,2026-08-10 07:22:00,WEATHER_CANCELLATION,6000,中止となった公演に関する払戻条件を確認したい。,PENDING
RFD-000207,TKT-020306,TKT-018676,ATT-018676,2026-08-10 05:28:00,WEATHER_CANCELLATION,6000,中止となった公演に関する払戻条件を確認したい。,PENDING
RFD-000208,TKT-020727,TKT-018939,ATT-018939,2026-08-13 05:46:00,WEATHER_CANCELLATION,6000,中止となった公演に関する払戻条件を確認したい。,PENDING
RFD-000209,TKT-020781,TKT-016384,ATT-016384,2026-08-12 23:27:00,WEATHER_CANCELLATION,6000,中止となった公演に関する払戻条件を確認したい。,PENDING
RFD-000210,TKT-020127,TKT-001321,ATT-001321,2026-08-14 06:05:00,WEATHER_CANCELLATION,6000,中止となった公演に関する払戻条件を確認したい。,PENDING
RFD-000211,TKT-020532,TKT-006357,ATT-006357,2026-08-10 18:23:00,WEATHER_CANCELLATION,6000,中止となった公演に関する払戻条件を確認したい。,PENDING
RFD-000212,TKT-020591,TKT-004462,ATT-004462,2026-08-11 07:35:00,WEATHER_CANCELLATION,6000,中止となった公演に関する払戻条件を確認したい。,PENDING
RFD-000213,TKT-020646,TKT-001443,ATT-001443,2026-08-13 07:23:00,WEATHER_CANCELLATION,6000,中止となった公演に関する払戻条件を確認したい。,PENDING
RFD-000214,TKT-020444,TKT-018443,ATT-018443,2026-08-11 08:35:00,WEATHER_CANCELLATION,6000,中止となった公演に関する払戻条件を確認したい。,PENDING
RFD-000215,TKT-020442,TKT-003653,ATT-003653,2026-08-12 18:03:00,WEATHER_CANCELLATION,6000,中止となった公演に関する払戻条件を確認したい。,PENDING
RFD-000216,TKT-020677,TKT-017501,ATT-017501,2026-08-11 06:03:00,WEATHER_CANCELLATION,6000,中止となった公演に関する払戻条件を確認したい。,PENDING
RFD-000217,TKT-020316,TKT-003771,ATT-003771,2026-08-12 18:19:00,WEATHER_CANCELLATION,6000,中止となった公演に関する払戻条件を確認したい。,PENDING
RFD-000218,TKT-020230,TKT-018524,ATT-018524,2026-08-10 10:10:00,WEATHER_CANCELLATION,6000,中止となった公演に関する払戻条件を確認したい。,PENDING
RFD-000219,TKT-020531,TKT-001700,ATT-001700,2026-08-09 21:59:00,WEATHER_CANCELLATION,6000,中止となった公演に関する払戻条件を確認したい。,PENDING
RFD-000220,TKT-020605,TKT-004466,ATT-004466,2026-08-12 00:16:00,WEATHER_CANCELLATION,6000,中止となった公演に関する払戻条件を確認したい。,PENDING
RFD-000221,TKT-020004,TKT-019825,ATT-019825,2026-08-13 10:30:00,WEATHER_CANCELLATION,6000,中止となった公演に関する払戻条件を確認したい。,PENDING
RFD-000222,TKT-020765,TKT-005749,ATT-005749,2026-08-10 16:48:00,WEATHER_CANCELLATION,6000,中止となった公演に関する払戻条件を確認したい。,PENDING
RFD-000223,TKT-020630,TKT-019487,ATT-019487,2026-08-11 00:14:00,WEATHER_CANCELLATION,6000,中止となった公演に関する払戻条件を確認したい。,PENDING
RFD-000224,TKT-020052,TKT-002222,ATT-002222,2026-08-14 18:43:00,WEATHER_CANCELLATION,6000,中止となった公演に関する払戻条件を確認したい。,PENDING
RFD-000225,TKT-020492,TKT-016889,ATT-016889,2026-08-14 08:12:00,WEATHER_CANCELLATION,6000,中止となった公演に関する払戻条件を確認したい。,PENDING
RFD-000226,TKT-020123,TKT-001118,ATT-001118,2026-08-14 04:40:00,WEATHER_CANCELLATION,6000,中止となった公演に関する払戻条件を確認したい。,PENDING
RFD-000227,TKT-020711,TKT-017105,ATT-017105,2026-08-12 00:42:00,WEATHER_CANCELLATION,6000,中止となった公演に関する払戻条件を確認したい。,PENDING
RFD-000228,TKT-020699,TKT-004851,ATT-004851,2026-08-10 16:51:00,WEATHER_CANCELLATION,6000,中止となった公演に関する払戻条件を確認したい。,PENDING
RFD-000229,TKT-020769,TKT-003720,ATT-003720,2026-08-14 11:25:00,WEATHER_CANCELLATION,6000,中止となった公演に関する払戻条件を確認したい。,PENDING
RFD-000230,TKT-020193,TKT-016495,ATT-016495,2026-08-12 20:39:00,WEATHER_CANCELLATION,6000,中止となった公演に関する払戻条件を確認したい。,PENDING
RFD-000231,TKT-020417,TKT-002993,ATT-002993,2026-08-10 12:11:00,WEATHER_CANCELLATION,6000,中止となった公演に関する払戻条件を確認したい。,PENDING
RFD-000232,TKT-020453,TKT-019515,ATT-019515,2026-08-12 00:47:00,WEATHER_CANCELLATION,6000,中止となった公演に関する払戻条件を確認したい。,PENDING
RFD-000233,TKT-020313,TKT-001706,ATT-001706,2026-08-13 10:31:00,WEATHER_CANCELLATION,6000,中止となった公演に関する払戻条件を確認したい。,PENDING
RFD-000234,TKT-020024,TKT-000471,ATT-000471,2026-08-13 00:25:00,WEATHER_CANCELLATION,6000,中止となった公演に関する払戻条件を確認したい。,PENDING
RFD-000235,TKT-020235,TKT-016047,ATT-016047,2026-08-14 03:24:00,WEATHER_CANCELLATION,6000,中止となった公演に関する払戻条件を確認したい。,PENDING
RFD-000236,TKT-020543,TKT-019603,ATT-019603,2026-08-12 08:55:00,WEATHER_CANCELLATION,6000,中止となった公演に関する払戻条件を確認したい。,PENDING
RFD-000237,TKT-020250,TKT-004754,ATT-004754,2026-08-12 06:12:00,WEATHER_CANCELLATION,6000,中止となった公演に関する払戻条件を確認したい。,PENDING
RFD-000238,TKT-020536,TKT-017646,ATT-017646,2026-08-10 10:36:00,WEATHER_CANCELLATION,6000,中止となった公演に関する払戻条件を確認したい。,PENDING
RFD-000239,TKT-020599,TKT-019957,ATT-019957,2026-08-10 16:40:00,WEATHER_CANCELLATION,6000,中止となった公演に関する払戻条件を確認したい。,PENDING
RFD-000240,TKT-020025,TKT-003153,ATT-003153,2026-08-11 05:19:00,WEATHER_CANCELLATION,6000,中止となった公演に関する払戻条件を確認したい。,PENDING
RFD-000241,TKT-020262,TKT-005360,ATT-005360,2026-08-10 20:16:00,WEATHER_CANCELLATION,6000,中止となった公演に関する払戻条件を確認したい。,PENDING
RFD-000242,TKT-020593,TKT-005490,ATT-005490,2026-08-10 09:03:00,WEATHER_CANCELLATION,6000,中止となった公演に関する払戻条件を確認したい。,PENDING
RFD-000243,TKT-020372,TKT-003988,ATT-003988,2026-08-14 03:20:00,WEATHER_CANCELLATION,6000,中止となった公演に関する払戻条件を確認したい。,PENDING
RFD-000244,TKT-020060,TKT-004809,ATT-004809,2026-08-10 02:19:00,WEATHER_CANCELLATION,6000,中止となった公演に関する払戻条件を確認したい。,PENDING
RFD-000245,TKT-020095,TKT-006243,ATT-006243,2026-08-09 20:24:00,WEATHER_CANCELLATION,6000,中止となった公演に関する払戻条件を確認したい。,PENDING
RFD-000246,TKT-020362,TKT-004144,ATT-004144,2026-08-11 04:09:00,WEATHER_CANCELLATION,6000,中止となった公演に関する払戻条件を確認したい。,PENDING
RFD-000247,TKT-020604,TKT-015822,ATT-015822,2026-08-12 12:23:00,WEATHER_CANCELLATION,6000,中止となった公演に関する払戻条件を確認したい。,PENDING
RFD-000248,TKT-020251,TKT-004710,ATT-004710,2026-08-10 08:53:00,WEATHER_CANCELLATION,6000,中止となった公演に関する払戻条件を確認したい。,PENDING
RFD-000249,TKT-020256,TKT-006120,ATT-006120,2026-08-11 21:12:00,WEATHER_CANCELLATION,6000,中止となった公演に関する払戻条件を確認したい。,PENDING
RFD-000250,TKT-020626,TKT-004870,ATT-004870,2026-08-11 09:50:00,WEATHER_CANCELLATION,6000,中止となった公演に関する払戻条件を確認したい。,PENDING
RFD-000251,TKT-020785,TKT-000268,ATT-000268,2026-08-12 02:20:00,WEATHER_CANCELLATION,6000,中止となった公演に関する払戻条件を確認したい。,PENDING
RFD-000252,TKT-020099,TKT-006290,ATT-006290,2026-08-13 12:05:00,WEATHER_CANCELLATION,6000,中止となった公演に関する払戻条件を確認したい。,PENDING
RFD-000253,TKT-020592,TKT-004293,ATT-004293,2026-08-13 09:03:00,WEATHER_CANCELLATION,6000,中止となった公演に関する払戻条件を確認したい。,PENDING
RFD-000254,TKT-020784,TKT-000959,ATT-000959,2026-08-13 09:31:00,WEATHER_CANCELLATION,6000,中止となった公演に関する払戻条件を確認したい。,PENDING
RFD-000255,TKT-020693,TKT-001301,ATT-001301,2026-08-10 20:15:00,WEATHER_CANCELLATION,6000,中止となった公演に関する払戻条件を確認したい。,PENDING
RFD-000256,TKT-020364,TKT-019685,ATT-019685,2026-08-10 22:22:00,WEATHER_CANCELLATION,6000,中止となった公演に関する払戻条件を確認したい。,PENDING
RFD-000257,TKT-020267,TKT-016385,ATT-016385,2026-08-13 05:45:00,WEATHER_CANCELLATION,6000,中止となった公演に関する払戻条件を確認したい。,PENDING
RFD-000258,TKT-020016,TKT-019129,ATT-019129,2026-08-10 14:05:00,WEATHER_CANCELLATION,6000,中止となった公演に関する払戻条件を確認したい。,PENDING
RFD-000259,TKT-020293,TKT-000387,ATT-000387,2026-08-14 10:07:00,WEATHER_CANCELLATION,6000,中止となった公演に関する払戻条件を確認したい。,PENDING
RFD-000260,TKT-020237,TKT-003636,ATT-003636,2026-08-13 12:28:00,WEATHER_CANCELLATION,6000,中止となった公演に関する払戻条件を確認したい。,PENDING
RFD-000261,TKT-020044,TKT-003482,ATT-003482,2026-08-09 22:13:00,WEATHER_CANCELLATION,6000,中止となった公演に関する払戻条件を確認したい。,PENDING
RFD-000262,TKT-020027,TKT-016165,ATT-016165,2026-08-09 21:46:00,WEATHER_CANCELLATION,6000,中止となった公演に関する払戻条件を確認したい。,PENDING
RFD-000263,TKT-020136,TKT-005592,ATT-005592,2026-08-10 04:24:00,WEATHER_CANCELLATION,6000,中止となった公演に関する払戻条件を確認したい。,PENDING
RFD-000264,TKT-020776,TKT-001062,ATT-001062,2026-08-12 04:36:00,WEATHER_CANCELLATION,6000,中止となった公演に関する払戻条件を確認したい。,PENDING
RFD-000265,TKT-020104,TKT-006652,ATT-006652,2026-08-11 15:21:00,WEATHER_CANCELLATION,6000,中止となった公演に関する払戻条件を確認したい。,PENDING
RFD-000266,TKT-020783,TKT-016518,ATT-016518,2026-08-10 06:16:00,WEATHER_CANCELLATION,6000,中止となった公演に関する払戻条件を確認したい。,PENDING
RFD-000267,TKT-020459,TKT-003783,ATT-003783,2026-08-13 09:40:00,WEATHER_CANCELLATION,6000,中止となった公演に関する払戻条件を確認したい。,PENDING
RFD-000268,TKT-020091,TKT-005713,ATT-005713,2026-08-14 11:46:00,WEATHER_CANCELLATION,6000,中止となった公演に関する払戻条件を確認したい。,PENDING
RFD-000269,TKT-020138,TKT-005220,ATT-005220,2026-08-11 18:10:00,WEATHER_CANCELLATION,6000,中止となった公演に関する払戻条件を確認したい。,PENDING
RFD-000270,TKT-020489,TKT-002064,ATT-002064,2026-08-11 05:40:00,WEATHER_CANCELLATION,6000,中止となった公演に関する払戻条件を確認したい。,PENDING
RFD-000271,TKT-020277,TKT-005927,ATT-005927,2026-08-12 23:21:00,WEATHER_CANCELLATION,6000,中止となった公演に関する払戻条件を確認したい。,PENDING
RFD-000272,TKT-020045,TKT-019311,ATT-019311,2026-08-12 11:58:00,WEATHER_CANCELLATION,6000,中止となった公演に関する払戻条件を確認したい。,PENDING
RFD-000273,TKT-020135,TKT-018001,ATT-018001,2026-08-14 01:42:00,WEATHER_CANCELLATION,6000,中止となった公演に関する払戻条件を確認したい。,PENDING
RFD-000274,TKT-020350,TKT-001191,ATT-001191,2026-08-11 02:18:00,WEATHER_CANCELLATION,6000,中止となった公演に関する払戻条件を確認したい。,PENDING
RFD-000275,TKT-020502,TKT-002444,ATT-002444,2026-08-11 22:29:00,WEATHER_CANCELLATION,6000,中止となった公演に関する払戻条件を確認したい。,PENDING
RFD-000276,TKT-020676,TKT-000343,ATT-000343,2026-08-12 02:54:00,WEATHER_CANCELLATION,6000,中止となった公演に関する払戻条件を確認したい。,PENDING
RFD-000277,TKT-020161,TKT-000491,ATT-000491,2026-08-12 11:08:00,WEATHER_CANCELLATION,6000,中止となった公演に関する払戻条件を確認したい。,PENDING
RFD-000278,TKT-020241,TKT-019724,ATT-019724,2026-08-11 02:46:00,WEATHER_CANCELLATION,6000,中止となった公演に関する払戻条件を確認したい。,PENDING
RFD-000279,TKT-020412,TKT-001494,ATT-001494,2026-08-14 14:47:00,WEATHER_CANCELLATION,6000,中止となった公演に関する払戻条件を確認したい。,PENDING
RFD-000280,TKT-020552,TKT-000148,ATT-000148,2026-08-12 19:21:00,WEATHER_CANCELLATION,6000,中止となった公演に関する払戻条件を確認したい。,PENDING
RFD-000281,TKT-020006,TKT-000872,ATT-000872,2026-08-12 04:42:00,WEATHER_CANCELLATION,6000,中止となった公演に関する払戻条件を確認したい。,PENDING
RFD-000282,TKT-020345,TKT-002396,ATT-002396,2026-08-14 14:41:00,WEATHER_CANCELLATION,6000,中止となった公演に関する払戻条件を確認したい。,PENDING
RFD-000283,TKT-020363,TKT-000107,ATT-000107,2026-08-10 21:55:00,WEATHER_CANCELLATION,6000,中止となった公演に関する払戻条件を確認したい。,PENDING
RFD-000284,TKT-020595,TKT-015623,ATT-015623,2026-08-14 05:23:00,WEATHER_CANCELLATION,6000,中止となった公演に関する払戻条件を確認したい。,PENDING
RFD-000285,TKT-020602,TKT-000434,ATT-000434,2026-08-14 17:40:00,WEATHER_CANCELLATION,6000,中止となった公演に関する払戻条件を確認したい。,PENDING
RFD-000286,TKT-020225,TKT-019651,ATT-019651,2026-08-11 15:30:00,WEATHER_CANCELLATION,6000,中止となった公演に関する払戻条件を確認したい。,PENDING
RFD-000287,TKT-020439,TKT-000192,ATT-000192,2026-08-11 21:29:00,WEATHER_CANCELLATION,6000,中止となった公演に関する払戻条件を確認したい。,PENDING
RFD-000288,TKT-020085,TKT-017043,ATT-017043,2026-08-14 02:39:00,WEATHER_CANCELLATION,6000,中止となった公演に関する払戻条件を確認したい。,PENDING
RFD-000289,TKT-020355,TKT-004679,ATT-004679,2026-08-10 06:10:00,WEATHER_CANCELLATION,6000,中止となった公演に関する払戻条件を確認したい。,PENDING
RFD-000290,TKT-020170,TKT-016723,ATT-016723,2026-08-13 11:20:00,WEATHER_CANCELLATION,6000,中止となった公演に関する払戻条件を確認したい。,PENDING
RFD-000291,TKT-020210,TKT-002280,ATT-002280,2026-08-14 01:47:00,WEATHER_CANCELLATION,6000,中止となった公演に関する払戻条件を確認したい。,PENDING
RFD-000292,TKT-020438,TKT-000539,ATT-000539,2026-08-13 22:48:00,WEATHER_CANCELLATION,6000,中止となった公演に関する払戻条件を確認したい。,PENDING
RFD-000293,TKT-020245,TKT-000888,ATT-000888,2026-08-13 20:43:00,WEATHER_CANCELLATION,6000,中止となった公演に関する払戻条件を確認したい。,PENDING
RFD-000294,TKT-020294,TKT-017721,ATT-017721,2026-08-14 04:40:00,WEATHER_CANCELLATION,6000,中止となった公演に関する払戻条件を確認したい。,PENDING
RFD-000295,TKT-020317,TKT-001180,ATT-001180,2026-08-10 18:55:00,WEATHER_CANCELLATION,6000,中止となった公演に関する払戻条件を確認したい。,PENDING
RFD-000296,TKT-020302,TKT-016354,ATT-016354,2026-08-10 06:08:00,WEATHER_CANCELLATION,6000,中止となった公演に関する払戻条件を確認したい。,PENDING
RFD-000297,TKT-020196,TKT-002352,ATT-002352,2026-08-12 03:59:00,WEATHER_CANCELLATION,6000,中止となった公演に関する払戻条件を確認したい。,PENDING
RFD-000298,TKT-020171,TKT-002719,ATT-002719,2026-08-10 00:26:00,WEATHER_CANCELLATION,6000,中止となった公演に関する払戻条件を確認したい。,PENDING
RFD-000299,TKT-020597,TKT-004713,ATT-004713,2026-08-12 16:49:00,WEATHER_CANCELLATION,6000,中止となった公演に関する払戻条件を確認したい。,PENDING
RFD-000300,TKT-020307,TKT-004922,ATT-004922,2026-08-13 23:38:00,WEATHER_CANCELLATION,6000,中止となった公演に関する払戻条件を確認したい。,PENDING
RFD-000301,TKT-020550,TKT-019764,ATT-019764,2026-08-11 14:08:00,WEATHER_CANCELLATION,6000,中止となった公演に関する払戻条件を確認したい。,PENDING
RFD-000302,TKT-020504,TKT-001439,ATT-001439,2026-08-10 19:53:00,WEATHER_CANCELLATION,6000,中止となった公演に関する払戻条件を確認したい。,PENDING
RFD-000303,TKT-020462,TKT-019259,ATT-019259,2026-08-10 08:29:00,WEATHER_CANCELLATION,6000,中止となった公演に関する払戻条件を確認したい。,PENDING
RFD-000304,TKT-020419,TKT-017476,ATT-017476,2026-08-13 19:51:00,WEATHER_CANCELLATION,6000,中止となった公演に関する払戻条件を確認したい。,PENDING
RFD-000305,TKT-020440,TKT-002336,ATT-002336,2026-08-14 16:00:00,WEATHER_CANCELLATION,6000,中止となった公演に関する払戻条件を確認したい。,PENDING
RFD-000306,TKT-020164,TKT-001907,ATT-001907,2026-08-11 22:51:00,WEATHER_CANCELLATION,6000,中止となった公演に関する払戻条件を確認したい。,PENDING
RFD-000307,TKT-020608,TKT-016596,ATT-016596,2026-08-10 15:18:00,WEATHER_CANCELLATION,6000,中止となった公演に関する払戻条件を確認したい。,PENDING
RFD-000308,TKT-020515,TKT-000957,ATT-000957,2026-08-11 09:24:00,WEATHER_CANCELLATION,6000,中止となった公演に関する払戻条件を確認したい。,PENDING
RFD-000309,TKT-020721,TKT-016774,ATT-016774,2026-08-12 02:53:00,WEATHER_CANCELLATION,6000,中止となった公演に関する払戻条件を確認したい。,PENDING
RFD-000310,TKT-020574,TKT-019695,ATT-019695,2026-08-14 08:14:00,WEATHER_CANCELLATION,6000,中止となった公演に関する払戻条件を確認したい。,PENDING
RFD-000311,TKT-020048,TKT-002480,ATT-002480,2026-08-10 05:33:00,WEATHER_CANCELLATION,6000,中止となった公演に関する払戻条件を確認したい。,PENDING
RFD-000312,TKT-020087,TKT-004742,ATT-004742,2026-08-10 20:40:00,WEATHER_CANCELLATION,6000,中止となった公演に関する払戻条件を確認したい。,PENDING
RFD-000313,TKT-020005,TKT-015899,ATT-015899,2026-08-13 12:19:00,WEATHER_CANCELLATION,6000,中止となった公演に関する払戻条件を確認したい。,PENDING
RFD-000314,TKT-020651,TKT-001684,ATT-001684,2026-08-13 12:07:00,WEATHER_CANCELLATION,6000,中止となった公演に関する払戻条件を確認したい。,PENDING
RFD-000315,TKT-020429,TKT-000228,ATT-000228,2026-08-13 10:40:00,WEATHER_CANCELLATION,6000,中止となった公演に関する払戻条件を確認したい。,PENDING
RFD-000316,TKT-020380,TKT-016608,ATT-016608,2026-08-10 12:30:00,WEATHER_CANCELLATION,6000,中止となった公演に関する払戻条件を確認したい。,PENDING
RFD-000317,TKT-020326,TKT-019893,ATT-019893,2026-08-10 19:02:00,WEATHER_CANCELLATION,6000,中止となった公演に関する払戻条件を確認したい。,PENDING
RFD-000318,TKT-020488,TKT-004190,ATT-004190,2026-08-14 14:12:00,WEATHER_CANCELLATION,6000,中止となった公演に関する払戻条件を確認したい。,PENDING
RFD-000319,TKT-020491,TKT-016472,ATT-016472,2026-08-10 06:03:00,WEATHER_CANCELLATION,6000,中止となった公演に関する払戻条件を確認したい。,PENDING
RFD-000320,TKT-020220,TKT-002752,ATT-002752,2026-08-09 22:23:00,WEATHER_CANCELLATION,6000,中止となった公演に関する払戻条件を確認したい。,PENDING
RFD-000321,TKT-020405,TKT-001129,ATT-001129,2026-08-14 11:19:00,WEATHER_CANCELLATION,6000,中止となった公演に関する払戻条件を確認したい。,PENDING
RFD-000322,TKT-020566,TKT-002807,ATT-002807,2026-08-10 23:19:00,WEATHER_CANCELLATION,6000,中止となった公演に関する払戻条件を確認したい。,PENDING
RFD-000323,TKT-020697,TKT-001636,ATT-001636,2026-08-13 09:52:00,WEATHER_CANCELLATION,6000,中止となった公演に関する払戻条件を確認したい。,PENDING
RFD-000324,TKT-020428,TKT-004348,ATT-004348,2026-08-12 04:38:00,WEATHER_CANCELLATION,6000,中止となった公演に関する払戻条件を確認したい。,PENDING
RFD-000325,TKT-020713,TKT-017702,ATT-017702,2026-08-13 01:36:00,WEATHER_CANCELLATION,6000,中止となった公演に関する払戻条件を確認したい。,PENDING
RFD-000326,TKT-020447,TKT-019065,ATT-019065,2026-08-09 23:01:00,WEATHER_CANCELLATION,6000,中止となった公演に関する払戻条件を確認したい。,PENDING
RFD-000327,TKT-020207,TKT-004468,ATT-004468,2026-08-10 12:14:00,WEATHER_CANCELLATION,6000,中止となった公演に関する払戻条件を確認したい。,PENDING
RFD-000328,TKT-020202,TKT-002006,ATT-002006,2026-08-14 17:48:00,WEATHER_CANCELLATION,6000,中止となった公演に関する払戻条件を確認したい。,PENDING
RFD-000329,TKT-020720,TKT-005262,ATT-005262,2026-08-11 16:26:00,WEATHER_CANCELLATION,6000,中止となった公演に関する払戻条件を確認したい。,PENDING
RFD-000330,TKT-020115,TKT-002792,ATT-002792,2026-08-11 15:53:00,WEATHER_CANCELLATION,6000,中止となった公演に関する払戻条件を確認したい。,PENDING
RFD-000331,TKT-020177,TKT-016365,ATT-016365,2026-08-11 10:33:00,WEATHER_CANCELLATION,6000,中止となった公演に関する払戻条件を確認したい。,PENDING
RFD-000332,TKT-020486,TKT-018516,ATT-018516,2026-08-13 19:14:00,WEATHER_CANCELLATION,6000,中止となった公演に関する払戻条件を確認したい。,PENDING
RFD-000333,TKT-020160,TKT-017058,ATT-017058,2026-08-12 21:52:00,WEATHER_CANCELLATION,6000,中止となった公演に関する払戻条件を確認したい。,PENDING
RFD-000334,TKT-020349,TKT-005243,ATT-005243,2026-08-10 09:10:00,WEATHER_CANCELLATION,6000,中止となった公演に関する払戻条件を確認したい。,PENDING
RFD-000335,TKT-020454,TKT-006330,ATT-006330,2026-08-13 20:24:00,WEATHER_CANCELLATION,6000,中止となった公演に関する払戻条件を確認したい。,PENDING
RFD-000336,TKT-020434,TKT-019816,ATT-019816,2026-08-11 09:48:00,WEATHER_CANCELLATION,6000,中止となった公演に関する払戻条件を確認したい。,PENDING
RFD-000337,TKT-020218,TKT-005531,ATT-005531,2026-08-12 17:33:00,WEATHER_CANCELLATION,6000,中止となった公演に関する払戻条件を確認したい。,PENDING
RFD-000338,TKT-020163,TKT-017951,ATT-017951,2026-08-10 21:29:00,WEATHER_CANCELLATION,6000,中止となった公演に関する払戻条件を確認したい。,PENDING
RFD-000339,TKT-020336,TKT-016738,ATT-016738,2026-08-10 13:13:00,WEATHER_CANCELLATION,6000,中止となった公演に関する払戻条件を確認したい。,PENDING
RFD-000340,TKT-020513,TKT-018156,ATT-018156,2026-08-13 23:14:00,WEATHER_CANCELLATION,6000,中止となった公演に関する払戻条件を確認したい。,PENDING
RFD-000341,TKT-020636,TKT-004530,ATT-004530,2026-08-10 00:01:00,WEATHER_CANCELLATION,6000,中止となった公演に関する払戻条件を確認したい。,PENDING
RFD-000342,TKT-020100,TKT-004018,ATT-004018,2026-08-14 07:14:00,WEATHER_CANCELLATION,6000,中止となった公演に関する払戻条件を確認したい。,PENDING
RFD-000343,TKT-020143,TKT-005431,ATT-005431,2026-08-10 02:29:00,WEATHER_CANCELLATION,6000,中止となった公演に関する払戻条件を確認したい。,PENDING
RFD-000344,TKT-020426,TKT-003080,ATT-003080,2026-08-11 18:43:00,WEATHER_CANCELLATION,6000,中止となった公演に関する払戻条件を確認したい。,PENDING
RFD-000345,TKT-020774,TKT-018294,ATT-018294,2026-08-11 09:31:00,WEATHER_CANCELLATION,6000,中止となった公演に関する払戻条件を確認したい。,PENDING
RFD-000346,TKT-020153,TKT-004696,ATT-004696,2026-08-11 08:55:00,WEATHER_CANCELLATION,6000,中止となった公演に関する払戻条件を確認したい。,PENDING
RFD-000347,TKT-020425,TKT-002631,ATT-002631,2026-08-13 06:39:00,WEATHER_CANCELLATION,6000,中止となった公演に関する払戻条件を確認したい。,PENDING
RFD-000348,TKT-020645,TKT-018088,ATT-018088,2026-08-14 00:36:00,WEATHER_CANCELLATION,6000,中止となった公演に関する払戻条件を確認したい。,PENDING
RFD-000349,TKT-020026,TKT-005578,ATT-005578,2026-08-11 14:08:00,WEATHER_CANCELLATION,6000,中止となった公演に関する払戻条件を確認したい。,PENDING
RFD-000350,TKT-020527,TKT-005892,ATT-005892,2026-08-14 13:55:00,WEATHER_CANCELLATION,6000,中止となった公演に関する払戻条件を確認したい。,PENDING
RFD-000351,TKT-020190,TKT-003557,ATT-003557,2026-08-12 06:15:00,WEATHER_CANCELLATION,6000,中止となった公演に関する払戻条件を確認したい。,PENDING
RFD-000352,TKT-020620,TKT-019372,ATT-019372,2026-08-11 05:58:00,WEATHER_CANCELLATION,6000,中止となった公演に関する払戻条件を確認したい。,PENDING
RFD-000353,TKT-020546,TKT-006718,ATT-006718,2026-08-13 17:56:00,WEATHER_CANCELLATION,6000,中止となった公演に関する払戻条件を確認したい。,PENDING
RFD-000354,TKT-020015,TKT-003893,ATT-003893,2026-08-14 00:16:00,WEATHER_CANCELLATION,6000,中止となった公演に関する払戻条件を確認したい。,PENDING
RFD-000355,TKT-020258,TKT-002801,ATT-002801,2026-08-11 14:34:00,WEATHER_CANCELLATION,6000,中止となった公演に関する払戻条件を確認したい。,PENDING
RFD-000356,TKT-020216,TKT-000173,ATT-000173,2026-08-10 17:14:00,WEATHER_CANCELLATION,6000,中止となった公演に関する払戻条件を確認したい。,PENDING
RFD-000357,TKT-020063,TKT-003597,ATT-003597,2026-08-10 01:26:00,WEATHER_CANCELLATION,6000,中止となった公演に関する払戻条件を確認したい。,PENDING
RFD-000358,TKT-020730,TKT-005940,ATT-005940,2026-08-12 10:03:00,WEATHER_CANCELLATION,6000,中止となった公演に関する払戻条件を確認したい。,PENDING
RFD-000359,TKT-020223,TKT-015778,ATT-015778,2026-08-10 00:57:00,WEATHER_CANCELLATION,6000,中止となった公演に関する払戻条件を確認したい。,PENDING
RFD-000360,TKT-020331,TKT-016530,ATT-016530,2026-08-10 03:37:00,WEATHER_CANCELLATION,6000,中止となった公演に関する払戻条件を確認したい。,PENDING
RFD-000361,TKT-020186,TKT-004165,ATT-004165,2026-08-14 07:05:00,WEATHER_CANCELLATION,6000,中止となった公演に関する払戻条件を確認したい。,PENDING
RFD-000362,TKT-020796,TKT-017036,ATT-017036,2026-08-11 16:26:00,WEATHER_CANCELLATION,6000,中止となった公演に関する払戻条件を確認したい。,PENDING
RFD-000363,TKT-020162,TKT-018746,ATT-018746,2026-08-13 16:56:00,WEATHER_CANCELLATION,6000,中止となった公演に関する払戻条件を確認したい。,PENDING
RFD-000364,TKT-020780,TKT-018665,ATT-018665,2026-08-10 06:53:00,WEATHER_CANCELLATION,6000,中止となった公演に関する払戻条件を確認したい。,PENDING
RFD-000365,TKT-020755,TKT-001031,ATT-001031,2026-08-13 23:32:00,WEATHER_CANCELLATION,6000,中止となった公演に関する払戻条件を確認したい。,PENDING
RFD-000366,TKT-020122,TKT-018985,ATT-018985,2026-08-13 10:58:00,WEATHER_CANCELLATION,6000,中止となった公演に関する払戻条件を確認したい。,PENDING
RFD-000367,TKT-020655,TKT-005863,ATT-005863,2026-08-13 08:03:00,WEATHER_CANCELLATION,6000,中止となった公演に関する払戻条件を確認したい。,PENDING
RFD-000368,TKT-020118,TKT-002952,ATT-002952,2026-08-12 14:31:00,WEATHER_CANCELLATION,6000,中止となった公演に関する払戻条件を確認したい。,PENDING
RFD-000369,TKT-020792,TKT-018887,ATT-018887,2026-08-11 11:17:00,WEATHER_CANCELLATION,6000,中止となった公演に関する払戻条件を確認したい。,PENDING
RFD-000370,TKT-020365,TKT-005259,ATT-005259,2026-08-12 07:40:00,WEATHER_CANCELLATION,6000,中止となった公演に関する払戻条件を確認したい。,PENDING
RFD-000371,TKT-020079,TKT-018274,ATT-018274,2026-08-12 04:37:00,WEATHER_CANCELLATION,6000,中止となった公演に関する払戻条件を確認したい。,PENDING
RFD-000372,TKT-020385,TKT-004665,ATT-004665,2026-08-11 22:13:00,WEATHER_CANCELLATION,6000,中止となった公演に関する払戻条件を確認したい。,PENDING
RFD-000373,TKT-020409,TKT-005639,ATT-005639,2026-08-12 16:25:00,WEATHER_CANCELLATION,6000,中止となった公演に関する払戻条件を確認したい。,PENDING
RFD-000374,TKT-020088,TKT-004698,ATT-004698,2026-08-12 16:41:00,WEATHER_CANCELLATION,6000,中止となった公演に関する払戻条件を確認したい。,PENDING
RFD-000375,TKT-020020,TKT-017930,ATT-017930,2026-08-10 22:48:00,WEATHER_CANCELLATION,6000,中止となった公演に関する払戻条件を確認したい。,PENDING
RFD-000376,TKT-020533,TKT-018916,ATT-018916,2026-08-10 20:10:00,WEATHER_CANCELLATION,6000,中止となった公演に関する払戻条件を確認したい。,PENDING
RFD-000377,TKT-020030,TKT-005356,ATT-005356,2026-08-14 09:52:00,WEATHER_CANCELLATION,6000,中止となった公演に関する払戻条件を確認したい。,PENDING
RFD-000378,TKT-020483,TKT-016046,ATT-016046,2026-08-12 05:28:00,WEATHER_CANCELLATION,6000,中止となった公演に関する払戻条件を確認したい。,PENDING
RFD-000379,TKT-020343,TKT-017392,ATT-017392,2026-08-13 00:45:00,WEATHER_CANCELLATION,6000,中止となった公演に関する払戻条件を確認したい。,PENDING
RFD-000380,TKT-020580,TKT-001048,ATT-001048,2026-08-13 07:46:00,WEATHER_CANCELLATION,6000,中止となった公演に関する払戻条件を確認したい。,PENDING
RFD-000381,TKT-020672,TKT-019948,ATT-019948,2026-08-12 23:42:00,WEATHER_CANCELLATION,6000,中止となった公演に関する払戻条件を確認したい。,PENDING
RFD-000382,TKT-020541,TKT-005283,ATT-005283,2026-08-11 20:50:00,WEATHER_CANCELLATION,6000,中止となった公演に関する払戻条件を確認したい。,PENDING
RFD-000383,TKT-020596,TKT-016398,ATT-016398,2026-08-10 23:14:00,WEATHER_CANCELLATION,6000,中止となった公演に関する払戻条件を確認したい。,PENDING
RFD-000384,TKT-020692,TKT-000678,ATT-000678,2026-08-11 03:15:00,WEATHER_CANCELLATION,6000,中止となった公演に関する払戻条件を確認したい。,PENDING
RFD-000385,TKT-020228,TKT-002693,ATT-002693,2026-08-14 05:43:00,WEATHER_CANCELLATION,6000,中止となった公演に関する払戻条件を確認したい。,PENDING
RFD-000386,TKT-020408,TKT-000784,ATT-000784,2026-08-13 13:36:00,WEATHER_CANCELLATION,6000,中止となった公演に関する払戻条件を確認したい。,PENDING
RFD-000387,TKT-020509,TKT-000601,ATT-000601,2026-08-10 01:14:00,WEATHER_CANCELLATION,6000,中止となった公演に関する払戻条件を確認したい。,PENDING
RFD-000388,TKT-020330,TKT-017535,ATT-017535,2026-08-10 00:34:00,WEATHER_CANCELLATION,6000,中止となった公演に関する払戻条件を確認したい。,PENDING
RFD-000389,TKT-020296,TKT-002062,ATT-002062,2026-08-13 14:24:00,WEATHER_CANCELLATION,6000,中止となった公演に関する払戻条件を確認したい。,PENDING
RFD-000390,TKT-020108,TKT-003946,ATT-003946,2026-08-10 05:09:00,WEATHER_CANCELLATION,6000,中止となった公演に関する払戻条件を確認したい。,PENDING
RFD-000391,TKT-020661,TKT-004594,ATT-004594,2026-08-11 04:33:00,WEATHER_CANCELLATION,6000,中止となった公演に関する払戻条件を確認したい。,PENDING
RFD-000392,TKT-020585,TKT-006091,ATT-006091,2026-08-13 06:52:00,WEATHER_CANCELLATION,6000,中止となった公演に関する払戻条件を確認したい。,PENDING
RFD-000393,TKT-020290,TKT-002343,ATT-002343,2026-08-12 12:45:00,WEATHER_CANCELLATION,6000,中止となった公演に関する払戻条件を確認したい。,PENDING
RFD-000394,TKT-020643,TKT-002295,ATT-002295,2026-08-13 15:22:00,WEATHER_CANCELLATION,6000,中止となった公演に関する払戻条件を確認したい。,PENDING
RFD-000395,TKT-020031,TKT-000223,ATT-000223,2026-08-11 05:21:00,WEATHER_CANCELLATION,6000,中止となった公演に関する払戻条件を確認したい。,PENDING
RFD-000396,TKT-020211,TKT-018607,ATT-018607,2026-08-11 01:42:00,WEATHER_CANCELLATION,6000,中止となった公演に関する払戻条件を確認したい。,PENDING
RFD-000397,TKT-020270,TKT-004561,ATT-004561,2026-08-14 01:52:00,WEATHER_CANCELLATION,6000,中止となった公演に関する払戻条件を確認したい。,PENDING
RFD-000398,TKT-020589,TKT-001839,ATT-001839,2026-08-10 23:51:00,WEATHER_CANCELLATION,6000,中止となった公演に関する払戻条件を確認したい。,PENDING
RFD-000399,TKT-020715,TKT-005507,ATT-005507,2026-08-10 12:45:00,WEATHER_CANCELLATION,6000,中止となった公演に関する払戻条件を確認したい。,PENDING
RFD-000400,TKT-020493,TKT-017559,ATT-017559,2026-08-12 05:00:00,WEATHER_CANCELLATION,6000,中止となった公演に関する払戻条件を確認したい。,PENDING
RFD-000401,TKT-020300,TKT-004035,ATT-004035,2026-08-14 17:30:00,WEATHER_CANCELLATION,6000,中止となった公演に関する払戻条件を確認したい。,PENDING
RFD-000402,TKT-020039,TKT-000647,ATT-000647,2026-08-12 13:10:00,WEATHER_CANCELLATION,6000,中止となった公演に関する払戻条件を確認したい。,PENDING
RFD-000403,TKT-020753,TKT-006487,ATT-006487,2026-08-10 12:02:00,WEATHER_CANCELLATION,6000,中止となった公演に関する払戻条件を確認したい。,PENDING
RFD-000404,TKT-020291,TKT-017061,ATT-017061,2026-08-10 06:48:00,WEATHER_CANCELLATION,6000,中止となった公演に関する払戻条件を確認したい。,PENDING
RFD-000405,TKT-020674,TKT-016498,ATT-016498,2026-08-10 03:40:00,WEATHER_CANCELLATION,6000,中止となった公演に関する払戻条件を確認したい。,PENDING
RFD-000406,TKT-020146,TKT-001941,ATT-001941,2026-08-11 00:52:00,WEATHER_CANCELLATION,6000,中止となった公演に関する払戻条件を確認したい。,PENDING
RFD-000407,TKT-020466,TKT-005407,ATT-005407,2026-08-10 08:49:00,WEATHER_CANCELLATION,6000,中止となった公演に関する払戻条件を確認したい。,PENDING
RFD-000408,TKT-020761,TKT-000423,ATT-000423,2026-08-12 04:49:00,WEATHER_CANCELLATION,6000,中止となった公演に関する払戻条件を確認したい。,PENDING
RFD-000409,TKT-020623,TKT-002551,ATT-002551,2026-08-12 01:11:00,WEATHER_CANCELLATION,6000,中止となった公演に関する払戻条件を確認したい。,PENDING
RFD-000410,TKT-020415,TKT-016027,ATT-016027,2026-08-14 11:47:00,WEATHER_CANCELLATION,6000,中止となった公演に関する払戻条件を確認したい。,PENDING
RFD-000411,TKT-020332,TKT-006672,ATT-006672,2026-08-10 23:36:00,WEATHER_CANCELLATION,6000,中止となった公演に関する払戻条件を確認したい。,PENDING
RFD-000412,TKT-020549,TKT-018934,ATT-018934,2026-08-12 07:05:00,WEATHER_CANCELLATION,6000,中止となった公演に関する払戻条件を確認したい。,PENDING
RFD-000413,TKT-020569,TKT-016659,ATT-016659,2026-08-13 17:35:00,WEATHER_CANCELLATION,6000,中止となった公演に関する払戻条件を確認したい。,PENDING
RFD-000414,TKT-020275,TKT-003665,ATT-003665,2026-08-12 20:20:00,WEATHER_CANCELLATION,6000,中止となった公演に関する払戻条件を確認したい。,PENDING
RFD-000415,TKT-020318,TKT-018701,ATT-018701,2026-08-13 02:14:00,WEATHER_CANCELLATION,6000,中止となった公演に関する払戻条件を確認したい。,PENDING
RFD-000416,TKT-020298,TKT-003410,ATT-003410,2026-08-13 04:50:00,WEATHER_CANCELLATION,6000,中止となった公演に関する払戻条件を確認したい。,PENDING
RFD-000417,TKT-020714,TKT-005836,ATT-005836,2026-08-14 19:01:00,WEATHER_CANCELLATION,6000,中止となった公演に関する払戻条件を確認したい。,PENDING
RFD-000418,TKT-020404,TKT-017846,ATT-017846,2026-08-09 20:01:00,WEATHER_CANCELLATION,6000,中止となった公演に関する払戻条件を確認したい。,PENDING
RFD-000419,TKT-020499,TKT-000435,ATT-000435,2026-08-12 02:44:00,WEATHER_CANCELLATION,6000,中止となった公演に関する払戻条件を確認したい。,PENDING
RFD-000420,TKT-020668,TKT-004080,ATT-004080,2026-08-12 07:18:00,WEATHER_CANCELLATION,6000,中止となった公演に関する払戻条件を確認したい。,PENDING
RFD-000421,TKT-020649,TKT-019588,ATT-019588,2026-08-13 07:17:00,WEATHER_CANCELLATION,6000,中止となった公演に関する払戻条件を確認したい。,PENDING
RFD-000422,TKT-020323,TKT-001366,ATT-001366,2026-08-11 16:24:00,WEATHER_CANCELLATION,6000,中止となった公演に関する払戻条件を確認したい。,PENDING
RFD-000423,TKT-020553,TKT-018619,ATT-018619,2026-08-13 10:48:00,WEATHER_CANCELLATION,6000,中止となった公演に関する払戻条件を確認したい。,PENDING
RFD-000424,TKT-020617,TKT-006740,ATT-006740,2026-08-10 12:52:00,WEATHER_CANCELLATION,6000,中止となった公演に関する払戻条件を確認したい。,PENDING
RFD-000425,TKT-020002,TKT-001822,ATT-001822,2026-08-13 06:55:00,WEATHER_CANCELLATION,6000,中止となった公演に関する払戻条件を確認したい。,PENDING
RFD-000426,TKT-020800,TKT-001484,ATT-001484,2026-08-12 10:41:00,WEATHER_CANCELLATION,6000,中止となった公演に関する払戻条件を確認したい。,PENDING
RFD-000427,TKT-020180,TKT-003291,ATT-003291,2026-08-11 21:24:00,WEATHER_CANCELLATION,6000,中止となった公演に関する払戻条件を確認したい。,PENDING
RFD-000428,TKT-020274,TKT-000076,ATT-000076,2026-08-10 15:42:00,WEATHER_CANCELLATION,6000,中止となった公演に関する払戻条件を確認したい。,PENDING
RFD-000429,TKT-020421,TKT-000087,ATT-000087,2026-08-10 05:17:00,WEATHER_CANCELLATION,6000,中止となった公演に関する払戻条件を確認したい。,PENDING
RFD-000430,TKT-020081,TKT-000759,ATT-000759,2026-08-10 14:40:00,WEATHER_CANCELLATION,6000,中止となった公演に関する払戻条件を確認したい。,PENDING
RFD-000431,TKT-020799,TKT-019921,ATT-019921,2026-08-11 19:51:00,WEATHER_CANCELLATION,6000,中止となった公演に関する払戻条件を確認したい。,PENDING
RFD-000432,TKT-020686,TKT-006571,ATT-006571,2026-08-12 09:40:00,WEATHER_CANCELLATION,6000,中止となった公演に関する払戻条件を確認したい。,PENDING
RFD-000433,TKT-020361,TKT-017459,ATT-017459,2026-08-11 02:58:00,WEATHER_CANCELLATION,6000,中止となった公演に関する払戻条件を確認したい。,PENDING
RFD-000434,TKT-020667,TKT-002739,ATT-002739,2026-08-13 16:55:00,WEATHER_CANCELLATION,6000,中止となった公演に関する払戻条件を確認したい。,PENDING
RFD-000435,TKT-020688,TKT-005694,ATT-005694,2026-08-14 13:17:00,WEATHER_CANCELLATION,6000,中止となった公演に関する払戻条件を確認したい。,PENDING
RFD-000436,TKT-020073,TKT-003148,ATT-003148,2026-08-13 23:37:00,WEATHER_CANCELLATION,6000,中止となった公演に関する払戻条件を確認したい。,PENDING
RFD-000437,TKT-020387,TKT-017924,ATT-017924,2026-08-12 19:40:00,WEATHER_CANCELLATION,6000,中止となった公演に関する払戻条件を確認したい。,PENDING
RFD-000438,TKT-020018,TKT-016813,ATT-016813,2026-08-10 02:01:00,WEATHER_CANCELLATION,6000,中止となった公演に関する払戻条件を確認したい。,PENDING
RFD-000439,TKT-020467,TKT-019204,ATT-019204,2026-08-11 22:37:00,WEATHER_CANCELLATION,6000,中止となった公演に関する払戻条件を確認したい。,PENDING
RFD-000440,TKT-020201,TKT-000215,ATT-000215,2026-08-12 14:56:00,WEATHER_CANCELLATION,6000,中止となった公演に関する払戻条件を確認したい。,PENDING
RFD-000441,TKT-020390,TKT-016084,ATT-016084,2026-08-11 11:34:00,WEATHER_CANCELLATION,6000,中止となった公演に関する払戻条件を確認したい。,PENDING
RFD-000442,TKT-020205,TKT-000674,ATT-000674,2026-08-11 01:42:00,WEATHER_CANCELLATION,6000,中止となった公演に関する払戻条件を確認したい。,PENDING
RFD-000443,TKT-020451,TKT-001238,ATT-001238,2026-08-13 00:46:00,WEATHER_CANCELLATION,6000,中止となった公演に関する払戻条件を確認したい。,PENDING
RFD-000444,TKT-020754,TKT-000109,ATT-000109,2026-08-11 17:02:00,WEATHER_CANCELLATION,6000,中止となった公演に関する払戻条件を確認したい。,PENDING
RFD-000445,TKT-020575,TKT-001900,ATT-001900,2026-08-11 20:59:00,WEATHER_CANCELLATION,6000,中止となった公演に関する払戻条件を確認したい。,PENDING
RFD-000446,TKT-020671,TKT-015698,ATT-015698,2026-08-14 18:07:00,WEATHER_CANCELLATION,6000,中止となった公演に関する払戻条件を確認したい。,PENDING
RFD-000447,TKT-020371,TKT-015921,ATT-015921,2026-08-13 18:13:00,WEATHER_CANCELLATION,6000,中止となった公演に関する払戻条件を確認したい。,PENDING
RFD-000448,TKT-020559,TKT-019890,ATT-019890,2026-08-09 20:45:00,WEATHER_CANCELLATION,6000,中止となった公演に関する払戻条件を確認したい。,PENDING
RFD-000449,TKT-020113,TKT-017696,ATT-017696,2026-08-12 12:49:00,WEATHER_CANCELLATION,6000,中止となった公演に関する払戻条件を確認したい。,PENDING
RFD-000450,TKT-020391,TKT-016859,ATT-016859,2026-08-11 20:45:00,WEATHER_CANCELLATION,6000,中止となった公演に関する払戻条件を確認したい。,PENDING
RFD-000451,TKT-020766,TKT-004960,ATT-004960,2026-08-11 15:33:00,WEATHER_CANCELLATION,6000,中止となった公演に関する払戻条件を確認したい。,PENDING
RFD-000452,TKT-020778,TKT-018193,ATT-018193,2026-08-11 05:58:00,WEATHER_CANCELLATION,6000,中止となった公演に関する払戻条件を確認したい。,PENDING
RFD-000453,TKT-020192,TKT-000157,ATT-000157,2026-08-14 10:26:00,WEATHER_CANCELLATION,6000,中止となった公演に関する払戻条件を確認したい。,PENDING
RFD-000454,TKT-020696,TKT-019250,ATT-019250,2026-08-10 17:58:00,WEATHER_CANCELLATION,6000,中止となった公演に関する払戻条件を確認したい。,PENDING
RFD-000455,TKT-020463,TKT-000608,ATT-000608,2026-08-12 19:14:00,WEATHER_CANCELLATION,6000,中止となった公演に関する払戻条件を確認したい。,PENDING
RFD-000456,TKT-020314,TKT-002068,ATT-002068,2026-08-12 11:09:00,WEATHER_CANCELLATION,6000,中止となった公演に関する払戻条件を確認したい。,PENDING
RFD-000457,TKT-020125,TKT-001091,ATT-001091,2026-08-13 20:46:00,WEATHER_CANCELLATION,6000,中止となった公演に関する払戻条件を確認したい。,PENDING
RFD-000458,TKT-020381,TKT-002906,ATT-002906,2026-08-10 11:24:00,WEATHER_CANCELLATION,6000,中止となった公演に関する払戻条件を確認したい。,PENDING
RFD-000459,TKT-020035,TKT-005726,ATT-005726,2026-08-11 07:56:00,WEATHER_CANCELLATION,6000,中止となった公演に関する払戻条件を確認したい。,PENDING
RFD-000460,TKT-020010,TKT-017837,ATT-017837,2026-08-12 08:26:00,WEATHER_CANCELLATION,6000,中止となった公演に関する払戻条件を確認したい。,PENDING
RFD-000461,TKT-020338,TKT-006369,ATT-006369,2026-08-12 19:34:00,WEATHER_CANCELLATION,6000,中止となった公演に関する払戻条件を確認したい。,PENDING
RFD-000462,TKT-020053,TKT-016345,ATT-016345,2026-08-11 11:55:00,WEATHER_CANCELLATION,6000,中止となった公演に関する払戻条件を確認したい。,PENDING
RFD-000463,TKT-020178,TKT-017294,ATT-017294,2026-08-12 19:34:00,WEATHER_CANCELLATION,6000,中止となった公演に関する払戻条件を確認したい。,PENDING
RFD-000464,TKT-020395,TKT-001256,ATT-001256,2026-08-09 21:32:00,WEATHER_CANCELLATION,6000,中止となった公演に関する払戻条件を確認したい。,PENDING
RFD-000465,TKT-020664,TKT-004904,ATT-004904,2026-08-10 01:56:00,WEATHER_CANCELLATION,6000,中止となった公演に関する払戻条件を確認したい。,PENDING
RFD-000466,TKT-020478,TKT-016442,ATT-016442,2026-08-14 10:10:00,WEATHER_CANCELLATION,6000,中止となった公演に関する払戻条件を確認したい。,PENDING
RFD-000467,TKT-020455,TKT-000056,ATT-000056,2026-08-14 11:12:00,WEATHER_CANCELLATION,6000,中止となった公演に関する払戻条件を確認したい。,PENDING
RFD-000468,TKT-020712,TKT-000787,ATT-000787,2026-08-10 13:16:00,WEATHER_CANCELLATION,6000,中止となった公演に関する払戻条件を確認したい。,PENDING
RFD-000469,TKT-020284,TKT-000300,ATT-000300,2026-08-12 01:45:00,WEATHER_CANCELLATION,6000,中止となった公演に関する払戻条件を確認したい。,PENDING
RFD-000470,TKT-020627,TKT-016574,ATT-016574,2026-08-10 14:56:00,WEATHER_CANCELLATION,6000,中止となった公演に関する払戻条件を確認したい。,PENDING
RFD-000471,TKT-020587,TKT-016575,ATT-016575,2026-08-10 21:40:00,WEATHER_CANCELLATION,6000,中止となった公演に関する払戻条件を確認したい。,PENDING
RFD-000472,TKT-020214,TKT-000818,ATT-000818,2026-08-10 14:17:00,WEATHER_CANCELLATION,6000,中止となった公演に関する払戻条件を確認したい。,PENDING
RFD-000473,TKT-020522,TKT-000403,ATT-000403,2026-08-11 18:46:00,WEATHER_CANCELLATION,6000,中止となった公演に関する払戻条件を確認したい。,PENDING
RFD-000474,TKT-020702,TKT-000227,ATT-000227,2026-08-13 18:18:00,WEATHER_CANCELLATION,6000,中止となった公演に関する払戻条件を確認したい。,PENDING
RFD-000475,TKT-020700,TKT-000072,ATT-000072,2026-08-11 15:53:00,WEATHER_CANCELLATION,6000,中止となった公演に関する払戻条件を確認したい。,PENDING
RFD-000476,TKT-020687,TKT-019638,ATT-019638,2026-08-11 08:50:00,WEATHER_CANCELLATION,6000,中止となった公演に関する払戻条件を確認したい。,PENDING
RFD-000477,TKT-020525,TKT-000448,ATT-000448,2026-08-11 11:30:00,WEATHER_CANCELLATION,6000,中止となった公演に関する払戻条件を確認したい。,PENDING
RFD-000478,TKT-020610,TKT-019519,ATT-019519,2026-08-10 10:46:00,WEATHER_CANCELLATION,6000,中止となった公演に関する払戻条件を確認したい。,PENDING
RFD-000479,TKT-020065,TKT-000016,ATT-000016,2026-08-14 02:41:00,WEATHER_CANCELLATION,6000,中止となった公演に関する払戻条件を確認したい。,PENDING
RFD-000480,TKT-020377,TKT-001756,ATT-001756,2026-08-10 19:40:00,WEATHER_CANCELLATION,6000,中止となった公演に関する払戻条件を確認したい。,PENDING
RFD-000481,TKT-020501,TKT-000708,ATT-000708,2026-08-11 06:56:00,WEATHER_CANCELLATION,6000,中止となった公演に関する払戻条件を確認したい。,PENDING
RFD-000482,TKT-020057,TKT-001887,ATT-001887,2026-08-14 03:49:00,WEATHER_CANCELLATION,6000,中止となった公演に関する払戻条件を確認したい。,PENDING
RFD-000483,TKT-020396,TKT-017261,ATT-017261,2026-08-10 20:51:00,WEATHER_CANCELLATION,6000,中止となった公演に関する払戻条件を確認したい。,PENDING
RFD-000484,TKT-020074,TKT-003067,ATT-003067,2026-08-11 15:13:00,WEATHER_CANCELLATION,6000,中止となった公演に関する払戻条件を確認したい。,PENDING
RFD-000485,TKT-020736,TKT-019067,ATT-019067,2026-08-11 09:52:00,WEATHER_CANCELLATION,6000,中止となった公演に関する払戻条件を確認したい。,PENDING
RFD-000486,TKT-020140,TKT-016126,ATT-016126,2026-08-13 01:52:00,WEATHER_CANCELLATION,6000,中止となった公演に関する払戻条件を確認したい。,PENDING
RFD-000487,TKT-020731,TKT-019760,ATT-019760,2026-08-11 23:20:00,WEATHER_CANCELLATION,6000,中止となった公演に関する払戻条件を確認したい。,PENDING
RFD-000488,TKT-020320,TKT-001090,ATT-001090,2026-08-10 06:21:00,WEATHER_CANCELLATION,6000,中止となった公演に関する払戻条件を確認したい。,PENDING
RFD-000489,TKT-020441,TKT-019393,ATT-019393,2026-08-13 11:38:00,WEATHER_CANCELLATION,6000,中止となった公演に関する払戻条件を確認したい。,PENDING
RFD-000490,TKT-020064,TKT-004377,ATT-004377,2026-08-13 15:58:00,WEATHER_CANCELLATION,6000,中止となった公演に関する払戻条件を確認したい。,PENDING
RFD-000491,TKT-020076,TKT-018759,ATT-018759,2026-08-10 23:50:00,WEATHER_CANCELLATION,6000,中止となった公演に関する払戻条件を確認したい。,PENDING
RFD-000492,TKT-020094,TKT-001261,ATT-001261,2026-08-13 18:05:00,WEATHER_CANCELLATION,6000,中止となった公演に関する払戻条件を確認したい。,PENDING
RFD-000493,TKT-020436,TKT-002240,ATT-002240,2026-08-11 14:51:00,WEATHER_CANCELLATION,6000,中止となった公演に関する払戻条件を確認したい。,PENDING
RFD-000494,TKT-020621,TKT-006760,ATT-006760,2026-08-14 08:14:00,WEATHER_CANCELLATION,6000,中止となった公演に関する払戻条件を確認したい。,PENDING
RFD-000495,TKT-020534,TKT-019399,ATT-019399,2026-08-14 15:17:00,WEATHER_CANCELLATION,6000,中止となった公演に関する払戻条件を確認したい。,PENDING
RFD-000496,TKT-020399,TKT-017317,ATT-017317,2026-08-13 15:42:00,WEATHER_CANCELLATION,6000,中止となった公演に関する払戻条件を確認したい。,PENDING
RFD-000497,TKT-020640,TKT-000410,ATT-000410,2026-08-14 13:02:00,WEATHER_CANCELLATION,6000,中止となった公演に関する払戻条件を確認したい。,PENDING
RFD-000498,TKT-020703,TKT-003508,ATT-003508,2026-08-13 10:51:00,WEATHER_CANCELLATION,6000,中止となった公演に関する払戻条件を確認したい。,PENDING
RFD-000499,TKT-020227,TKT-001849,ATT-001849,2026-08-13 16:34:00,WEATHER_CANCELLATION,6000,中止となった公演に関する払戻条件を確認したい。,PENDING
RFD-000500,TKT-020724,TKT-003857,ATT-003857,2026-08-11 00:43:00,WEATHER_CANCELLATION,6000,中止となった公演に関する払戻条件を確認したい。,PENDING
RFD-000501,TKT-017700,,ATT-017700,2026-08-09 21:16:00,WEATHER_CANCELLATION,3387,中止となった公演に関する払戻条件を確認したい。,PENDING
RFD-000502,TKT-019807,,ATT-019807,2026-08-13 05:17:00,WEATHER_CANCELLATION,12823,中止となった公演に関する払戻条件を確認したい。,PENDING
RFD-000503,TKT-016194,,ATT-016194,2026-08-14 11:17:00,WEATHER_CANCELLATION,9932,中止となった公演に関する払戻条件を確認したい。,PENDING
RFD-000504,TKT-019339,,ATT-019339,2026-08-10 03:00:00,WEATHER_CANCELLATION,2618,中止となった公演に関する払戻条件を確認したい。,PENDING
RFD-000505,TKT-015968,,ATT-015968,2026-08-11 05:38:00,WEATHER_CANCELLATION,18148,中止となった公演に関する払戻条件を確認したい。,PENDING
RFD-000506,TKT-017791,,ATT-017791,2026-08-11 20:14:00,WEATHER_CANCELLATION,2706,中止となった公演に関する払戻条件を確認したい。,PENDING
RFD-000507,TKT-015860,,ATT-015860,2026-08-10 20:00:00,WEATHER_CANCELLATION,16303,中止となった公演に関する払戻条件を確認したい。,PENDING
RFD-000508,TKT-018332,,ATT-018332,2026-08-12 12:53:00,WEATHER_CANCELLATION,2875,中止となった公演に関する払戻条件を確認したい。,PENDING
RFD-000509,TKT-016067,,ATT-016067,2026-08-10 14:58:00,WEATHER_CANCELLATION,16947,中止となった公演に関する払戻条件を確認したい。,PENDING
RFD-000510,TKT-015716,,ATT-015716,2026-08-12 00:21:00,WEATHER_CANCELLATION,13160,中止となった公演に関する払戻条件を確認したい。,PENDING
RFD-000511,TKT-018476,,ATT-018476,2026-08-12 04:32:00,WEATHER_CANCELLATION,4867,中止となった公演に関する払戻条件を確認したい。,PENDING
RFD-000512,TKT-019686,,ATT-019686,2026-08-11 23:55:00,WEATHER_CANCELLATION,4454,中止となった公演に関する払戻条件を確認したい。,PENDING
RFD-000513,TKT-019965,,ATT-019965,2026-08-10 08:14:00,WEATHER_CANCELLATION,3096,中止となった公演に関する払戻条件を確認したい。,PENDING
RFD-000514,TKT-016994,,ATT-016994,2026-08-12 19:16:00,WEATHER_CANCELLATION,9384,中止となった公演に関する払戻条件を確認したい。,PENDING
RFD-000515,TKT-018327,,ATT-018327,2026-08-13 00:25:00,WEATHER_CANCELLATION,15428,中止となった公演に関する払戻条件を確認したい。,PENDING
RFD-000516,TKT-019383,,ATT-019383,2026-08-13 09:58:00,WEATHER_CANCELLATION,13281,中止となった公演に関する払戻条件を確認したい。,PENDING
RFD-000517,TKT-017713,,ATT-017713,2026-08-10 15:11:00,WEATHER_CANCELLATION,18097,中止となった公演に関する払戻条件を確認したい。,PENDING
RFD-000518,TKT-016426,,ATT-016426,2026-08-10 08:01:00,WEATHER_CANCELLATION,14204,中止となった公演に関する払戻条件を確認したい。,PENDING
RFD-000519,TKT-019924,,ATT-019924,2026-08-11 18:21:00,WEATHER_CANCELLATION,9129,中止となった公演に関する払戻条件を確認したい。,PENDING
RFD-000520,TKT-016637,,ATT-016637,2026-08-13 17:47:00,WEATHER_CANCELLATION,10580,中止となった公演に関する払戻条件を確認したい。,PENDING
RFD-000521,TKT-016770,,ATT-016770,2026-08-10 04:37:00,WEATHER_CANCELLATION,12319,中止となった公演に関する払戻条件を確認したい。,PENDING
RFD-000522,TKT-016864,,ATT-016864,2026-08-13 10:39:00,WEATHER_CANCELLATION,3013,中止となった公演に関する払戻条件を確認したい。,PENDING
RFD-000523,TKT-018521,,ATT-018521,2026-08-12 19:38:00,WEATHER_CANCELLATION,3339,中止となった公演に関する払戻条件を確認したい。,PENDING
RFD-000524,TKT-015740,,ATT-015740,2026-08-12 20:23:00,WEATHER_CANCELLATION,3291,中止となった公演に関する払戻条件を確認したい。,PENDING
RFD-000525,TKT-017317,,ATT-017317,2026-08-12 04:25:00,WEATHER_CANCELLATION,7767,中止となった公演に関する払戻条件を確認したい。,PENDING
RFD-000526,TKT-019203,,ATT-019203,2026-08-13 12:48:00,WEATHER_CANCELLATION,14947,中止となった公演に関する払戻条件を確認したい。,PENDING
RFD-000527,TKT-019416,,ATT-019416,2026-08-14 18:44:00,WEATHER_CANCELLATION,18439,中止となった公演に関する払戻条件を確認したい。,PENDING
RFD-000528,TKT-015822,,ATT-015822,2026-08-10 22:28:00,WEATHER_CANCELLATION,8272,中止となった公演に関する払戻条件を確認したい。,PENDING
RFD-000529,TKT-016316,,ATT-016316,2026-08-11 23:15:00,WEATHER_CANCELLATION,9448,中止となった公演に関する払戻条件を確認したい。,PENDING
RFD-000530,TKT-019459,,ATT-019459,2026-08-10 04:34:00,WEATHER_CANCELLATION,15602,中止となった公演に関する払戻条件を確認したい。,PENDING
RFD-000531,TKT-015997,,ATT-015997,2026-08-12 14:21:00,WEATHER_CANCELLATION,7805,中止となった公演に関する払戻条件を確認したい。,PENDING
RFD-000532,TKT-017404,,ATT-017404,2026-08-13 07:55:00,WEATHER_CANCELLATION,15971,中止となった公演に関する払戻条件を確認したい。,PENDING
RFD-000533,TKT-016127,,ATT-016127,2026-08-12 01:34:00,WEATHER_CANCELLATION,17525,中止となった公演に関する払戻条件を確認したい。,PENDING
RFD-000534,TKT-016182,,ATT-016182,2026-08-11 09:20:00,WEATHER_CANCELLATION,2080,中止となった公演に関する払戻条件を確認したい。,PENDING
RFD-000535,TKT-019819,,ATT-019819,2026-08-10 07:30:00,WEATHER_CANCELLATION,6447,中止となった公演に関する払戻条件を確認したい。,PENDING
RFD-000536,TKT-018969,,ATT-018969,2026-08-10 12:52:00,WEATHER_CANCELLATION,10509,中止となった公演に関する払戻条件を確認したい。,PENDING
RFD-000537,TKT-017937,,ATT-017937,2026-08-09 23:56:00,WEATHER_CANCELLATION,2792,中止となった公演に関する払戻条件を確認したい。,PENDING
RFD-000538,TKT-016171,,ATT-016171,2026-08-11 09:03:00,WEATHER_CANCELLATION,17430,中止となった公演に関する払戻条件を確認したい。,PENDING
RFD-000539,TKT-015788,,ATT-015788,2026-08-10 23:06:00,WEATHER_CANCELLATION,9480,中止となった公演に関する払戻条件を確認したい。,PENDING
RFD-000540,TKT-019347,,ATT-019347,2026-08-14 06:38:00,WEATHER_CANCELLATION,3801,中止となった公演に関する払戻条件を確認したい。,PENDING
RFD-000541,TKT-016928,,ATT-016928,2026-08-10 12:28:00,WEATHER_CANCELLATION,18919,中止となった公演に関する払戻条件を確認したい。,PENDING
RFD-000542,TKT-018032,,ATT-018032,2026-08-10 08:11:00,WEATHER_CANCELLATION,17597,中止となった公演に関する払戻条件を確認したい。,PENDING
RFD-000543,TKT-016909,,ATT-016909,2026-08-11 03:55:00,WEATHER_CANCELLATION,6924,中止となった公演に関する払戻条件を確認したい。,PENDING
RFD-000544,TKT-018536,,ATT-018536,2026-08-10 23:45:00,WEATHER_CANCELLATION,18602,中止となった公演に関する払戻条件を確認したい。,PENDING
RFD-000545,TKT-017259,,ATT-017259,2026-08-14 00:01:00,WEATHER_CANCELLATION,15671,中止となった公演に関する払戻条件を確認したい。,PENDING
RFD-000546,TKT-018435,,ATT-018435,2026-08-12 17:38:00,WEATHER_CANCELLATION,7698,中止となった公演に関する払戻条件を確認したい。,PENDING
RFD-000547,TKT-019453,,ATT-019453,2026-08-10 01:03:00,WEATHER_CANCELLATION,17336,中止となった公演に関する払戻条件を確認したい。,PENDING
RFD-000548,TKT-017142,,ATT-017142,2026-08-13 20:38:00,WEATHER_CANCELLATION,16543,中止となった公演に関する払戻条件を確認したい。,PENDING
RFD-000549,TKT-018002,,ATT-018002,2026-08-12 07:04:00,WEATHER_CANCELLATION,16178,中止となった公演に関する払戻条件を確認したい。,PENDING
RFD-000550,TKT-016663,,ATT-016663,2026-08-13 14:15:00,WEATHER_CANCELLATION,8744,中止となった公演に関する払戻条件を確認したい。,PENDING
RFD-000551,TKT-017408,,ATT-017408,2026-08-11 01:02:00,WEATHER_CANCELLATION,12750,中止となった公演に関する払戻条件を確認したい。,PENDING
RFD-000552,TKT-018014,,ATT-018014,2026-08-14 13:19:00,WEATHER_CANCELLATION,4684,中止となった公演に関する払戻条件を確認したい。,PENDING
RFD-000553,TKT-018162,,ATT-018162,2026-08-14 06:19:00,WEATHER_CANCELLATION,10774,中止となった公演に関する払戻条件を確認したい。,PENDING
RFD-000554,TKT-018886,,ATT-018886,2026-08-13 08:19:00,WEATHER_CANCELLATION,2113,中止となった公演に関する払戻条件を確認したい。,PENDING
RFD-000555,TKT-019421,,ATT-019421,2026-08-11 10:09:00,WEATHER_CANCELLATION,5166,中止となった公演に関する払戻条件を確認したい。,PENDING
RFD-000556,TKT-015815,,ATT-015815,2026-08-11 05:39:00,WEATHER_CANCELLATION,9780,中止となった公演に関する払戻条件を確認したい。,PENDING
RFD-000557,TKT-019974,,ATT-019974,2026-08-10 19:40:00,WEATHER_CANCELLATION,2335,中止となった公演に関する払戻条件を確認したい。,PENDING
RFD-000558,TKT-018844,,ATT-018844,2026-08-12 05:36:00,WEATHER_CANCELLATION,14353,中止となった公演に関する払戻条件を確認したい。,PENDING
RFD-000559,TKT-016775,,ATT-016775,2026-08-10 05:28:00,WEATHER_CANCELLATION,18917,中止となった公演に関する払戻条件を確認したい。,PENDING
RFD-000560,TKT-015957,,ATT-015957,2026-08-13 03:10:00,WEATHER_CANCELLATION,3395,中止となった公演に関する払戻条件を確認したい。,PENDING
RFD-000561,TKT-019167,,ATT-019167,2026-08-14 09:17:00,WEATHER_CANCELLATION,15712,中止となった公演に関する払戻条件を確認したい。,PENDING
RFD-000562,TKT-019825,,ATT-019825,2026-08-14 11:38:00,WEATHER_CANCELLATION,8284,中止となった公演に関する払戻条件を確認したい。,PENDING
RFD-000563,TKT-019345,,ATT-019345,2026-08-14 17:31:00,WEATHER_CANCELLATION,5372,中止となった公演に関する払戻条件を確認したい。,PENDING
RFD-000564,TKT-016918,,ATT-016918,2026-08-11 23:27:00,WEATHER_CANCELLATION,16150,中止となった公演に関する払戻条件を確認したい。,PENDING
RFD-000565,TKT-017099,,ATT-017099,2026-08-11 08:31:00,WEATHER_CANCELLATION,17729,中止となった公演に関する払戻条件を確認したい。,PENDING
RFD-000566,TKT-019804,,ATT-019804,2026-08-14 02:50:00,WEATHER_CANCELLATION,7433,中止となった公演に関する払戻条件を確認したい。,PENDING
RFD-000567,TKT-016027,,ATT-016027,2026-08-12 13:40:00,WEATHER_CANCELLATION,13804,中止となった公演に関する払戻条件を確認したい。,PENDING
RFD-000568,TKT-017928,,ATT-017928,2026-08-13 16:52:00,WEATHER_CANCELLATION,3576,中止となった公演に関する払戻条件を確認したい。,PENDING
RFD-000569,TKT-017201,,ATT-017201,2026-08-13 03:39:00,WEATHER_CANCELLATION,4537,中止となった公演に関する払戻条件を確認したい。,PENDING
RFD-000570,TKT-016467,,ATT-016467,2026-08-13 06:48:00,WEATHER_CANCELLATION,12969,中止となった公演に関する払戻条件を確認したい。,PENDING
RFD-000571,TKT-016832,,ATT-016832,2026-08-10 19:28:00,WEATHER_CANCELLATION,10230,中止となった公演に関する払戻条件を確認したい。,PENDING
RFD-000572,TKT-019761,,ATT-019761,2026-08-13 14:52:00,WEATHER_CANCELLATION,3354,中止となった公演に関する払戻条件を確認したい。,PENDING
RFD-000573,TKT-016717,,ATT-016717,2026-08-11 08:58:00,WEATHER_CANCELLATION,5938,中止となった公演に関する払戻条件を確認したい。,PENDING
RFD-000574,TKT-017135,,ATT-017135,2026-08-12 08:51:00,WEATHER_CANCELLATION,10469,中止となった公演に関する払戻条件を確認したい。,PENDING
RFD-000575,TKT-016789,,ATT-016789,2026-08-14 04:16:00,WEATHER_CANCELLATION,13855,中止となった公演に関する払戻条件を確認したい。,PENDING
RFD-000576,TKT-015920,,ATT-015920,2026-08-13 18:34:00,WEATHER_CANCELLATION,6815,中止となった公演に関する払戻条件を確認したい。,PENDING
RFD-000577,TKT-016725,,ATT-016725,2026-08-14 15:17:00,WEATHER_CANCELLATION,5404,中止となった公演に関する払戻条件を確認したい。,PENDING
RFD-000578,TKT-017094,,ATT-017094,2026-08-14 11:39:00,WEATHER_CANCELLATION,9773,中止となった公演に関する払戻条件を確認したい。,PENDING
RFD-000579,TKT-019318,,ATT-019318,2026-08-14 14:59:00,WEATHER_CANCELLATION,2529,中止となった公演に関する払戻条件を確認したい。,PENDING
RFD-000580,TKT-019217,,ATT-019217,2026-08-10 12:39:00,WEATHER_CANCELLATION,12894,中止となった公演に関する払戻条件を確認したい。,PENDING
RFD-000581,TKT-017533,,ATT-017533,2026-08-13 05:13:00,WEATHER_CANCELLATION,8274,中止となった公演に関する払戻条件を確認したい。,PENDING
RFD-000582,TKT-016289,,ATT-016289,2026-08-12 04:28:00,WEATHER_CANCELLATION,5183,中止となった公演に関する払戻条件を確認したい。,PENDING
RFD-000583,TKT-016327,,ATT-016327,2026-08-10 05:55:00,WEATHER_CANCELLATION,2584,中止となった公演に関する払戻条件を確認したい。,PENDING
RFD-000584,TKT-016140,,ATT-016140,2026-08-10 09:28:00,WEATHER_CANCELLATION,13995,中止となった公演に関する払戻条件を確認したい。,PENDING
RFD-000585,TKT-017352,,ATT-017352,2026-08-13 13:21:00,WEATHER_CANCELLATION,11693,中止となった公演に関する払戻条件を確認したい。,PENDING
RFD-000586,TKT-018355,,ATT-018355,2026-08-12 15:32:00,WEATHER_CANCELLATION,18687,中止となった公演に関する払戻条件を確認したい。,PENDING
RFD-000587,TKT-017673,,ATT-017673,2026-08-10 07:16:00,WEATHER_CANCELLATION,6970,中止となった公演に関する払戻条件を確認したい。,PENDING
RFD-000588,TKT-016885,,ATT-016885,2026-08-12 16:05:00,WEATHER_CANCELLATION,13592,中止となった公演に関する払戻条件を確認したい。,PENDING
RFD-000589,TKT-019908,,ATT-019908,2026-08-14 17:19:00,WEATHER_CANCELLATION,13435,中止となった公演に関する払戻条件を確認したい。,PENDING
RFD-000590,TKT-015845,,ATT-015845,2026-08-10 09:07:00,WEATHER_CANCELLATION,16329,中止となった公演に関する払戻条件を確認したい。,PENDING
RFD-000591,TKT-018871,,ATT-018871,2026-08-10 13:56:00,WEATHER_CANCELLATION,5642,中止となった公演に関する払戻条件を確認したい。,PENDING
RFD-000592,TKT-016325,,ATT-016325,2026-08-11 16:14:00,WEATHER_CANCELLATION,2777,中止となった公演に関する払戻条件を確認したい。,PENDING
RFD-000593,TKT-018950,,ATT-018950,2026-08-14 04:09:00,WEATHER_CANCELLATION,11185,中止となった公演に関する払戻条件を確認したい。,PENDING
RFD-000594,TKT-018799,,ATT-018799,2026-08-13 18:43:00,WEATHER_CANCELLATION,11918,中止となった公演に関する払戻条件を確認したい。,PENDING
RFD-000595,TKT-017748,,ATT-017748,2026-08-10 10:58:00,WEATHER_CANCELLATION,9615,中止となった公演に関する払戻条件を確認したい。,PENDING
RFD-000596,TKT-017433,,ATT-017433,2026-08-13 21:20:00,WEATHER_CANCELLATION,2249,中止となった公演に関する払戻条件を確認したい。,PENDING
RFD-000597,TKT-019943,,ATT-019943,2026-08-14 11:59:00,WEATHER_CANCELLATION,16054,中止となった公演に関する払戻条件を確認したい。,PENDING
RFD-000598,TKT-018762,,ATT-018762,2026-08-12 21:03:00,WEATHER_CANCELLATION,13657,中止となった公演に関する払戻条件を確認したい。,PENDING
RFD-000599,TKT-015679,,ATT-015679,2026-08-12 11:43:00,WEATHER_CANCELLATION,13562,中止となった公演に関する払戻条件を確認したい。,PENDING
RFD-000600,TKT-019333,,ATT-019333,2026-08-09 21:00:00,WEATHER_CANCELLATION,15477,中止となった公演に関する払戻条件を確認したい。,PENDING
RFD-000601,TKT-019766,,ATT-019766,2026-08-12 08:10:00,WEATHER_CANCELLATION,8947,中止となった公演に関する払戻条件を確認したい。,PENDING
RFD-000602,TKT-015653,,ATT-015653,2026-08-13 21:33:00,WEATHER_CANCELLATION,6855,中止となった公演に関する払戻条件を確認したい。,PENDING
RFD-000603,TKT-017627,,ATT-017627,2026-08-13 12:17:00,WEATHER_CANCELLATION,5888,中止となった公演に関する払戻条件を確認したい。,PENDING
RFD-000604,TKT-017635,,ATT-017635,2026-08-13 10:04:00,WEATHER_CANCELLATION,4713,中止となった公演に関する払戻条件を確認したい。,PENDING
RFD-000605,TKT-017240,,ATT-017240,2026-08-14 05:23:00,WEATHER_CANCELLATION,14665,中止となった公演に関する払戻条件を確認したい。,PENDING
RFD-000606,TKT-015894,,ATT-015894,2026-08-14 14:10:00,WEATHER_CANCELLATION,12760,中止となった公演に関する払戻条件を確認したい。,PENDING
RFD-000607,TKT-017709,,ATT-017709,2026-08-13 14:32:00,WEATHER_CANCELLATION,9503,中止となった公演に関する払戻条件を確認したい。,PENDING
RFD-000608,TKT-019522,,ATT-019522,2026-08-11 05:18:00,WEATHER_CANCELLATION,2995,中止となった公演に関する払戻条件を確認したい。,PENDING
RFD-000609,TKT-016071,,ATT-016071,2026-08-13 06:16:00,WEATHER_CANCELLATION,8682,中止となった公演に関する払戻条件を確認したい。,PENDING
RFD-000610,TKT-017721,,ATT-017721,2026-08-13 20:16:00,WEATHER_CANCELLATION,14239,中止となった公演に関する払戻条件を確認したい。,PENDING
RFD-000611,TKT-019626,,ATT-019626,2026-08-13 21:57:00,WEATHER_CANCELLATION,13694,中止となった公演に関する払戻条件を確認したい。,PENDING
RFD-000612,TKT-017909,,ATT-017909,2026-08-11 10:04:00,WEATHER_CANCELLATION,16173,中止となった公演に関する払戻条件を確認したい。,PENDING
RFD-000613,TKT-016323,,ATT-016323,2026-08-13 04:07:00,WEATHER_CANCELLATION,16519,中止となった公演に関する払戻条件を確認したい。,PENDING
RFD-000614,TKT-018309,,ATT-018309,2026-08-14 00:49:00,WEATHER_CANCELLATION,17972,中止となった公演に関する払戻条件を確認したい。,PENDING
RFD-000615,TKT-018842,,ATT-018842,2026-08-12 15:35:00,WEATHER_CANCELLATION,9605,中止となった公演に関する払戻条件を確認したい。,PENDING
RFD-000616,TKT-018015,,ATT-018015,2026-08-14 17:04:00,WEATHER_CANCELLATION,2923,中止となった公演に関する払戻条件を確認したい。,PENDING
RFD-000617,TKT-016378,,ATT-016378,2026-08-13 20:16:00,WEATHER_CANCELLATION,12073,中止となった公演に関する払戻条件を確認したい。,PENDING
RFD-000618,TKT-015787,,ATT-015787,2026-08-13 00:55:00,WEATHER_CANCELLATION,16232,中止となった公演に関する払戻条件を確認したい。,PENDING
RFD-000619,TKT-018568,,ATT-018568,2026-08-14 05:15:00,WEATHER_CANCELLATION,8970,中止となった公演に関する払戻条件を確認したい。,PENDING
RFD-000620,TKT-015720,,ATT-015720,2026-08-12 20:55:00,WEATHER_CANCELLATION,7459,中止となった公演に関する払戻条件を確認したい。,PENDING
RFD-000621,TKT-019953,,ATT-019953,2026-08-12 02:23:00,WEATHER_CANCELLATION,3375,中止となった公演に関する払戻条件を確認したい。,PENDING
RFD-000622,TKT-017149,,ATT-017149,2026-08-10 22:59:00,WEATHER_CANCELLATION,11429,中止となった公演に関する払戻条件を確認したい。,PENDING
RFD-000623,TKT-018525,,ATT-018525,2026-08-10 17:47:00,WEATHER_CANCELLATION,16811,中止となった公演に関する払戻条件を確認したい。,PENDING
RFD-000624,TKT-017911,,ATT-017911,2026-08-11 14:54:00,WEATHER_CANCELLATION,12992,中止となった公演に関する払戻条件を確認したい。,PENDING
RFD-000625,TKT-016919,,ATT-016919,2026-08-12 23:50:00,WEATHER_CANCELLATION,4705,中止となった公演に関する払戻条件を確認したい。,PENDING
RFD-000626,TKT-019847,,ATT-019847,2026-08-12 21:26:00,WEATHER_CANCELLATION,4004,中止となった公演に関する払戻条件を確認したい。,PENDING
RFD-000627,TKT-018617,,ATT-018617,2026-08-14 00:06:00,WEATHER_CANCELLATION,8070,中止となった公演に関する払戻条件を確認したい。,PENDING
RFD-000628,TKT-019892,,ATT-019892,2026-08-11 02:55:00,WEATHER_CANCELLATION,14375,中止となった公演に関する払戻条件を確認したい。,PENDING
RFD-000629,TKT-018518,,ATT-018518,2026-08-12 18:49:00,WEATHER_CANCELLATION,7825,中止となった公演に関する払戻条件を確認したい。,PENDING
RFD-000630,TKT-016773,,ATT-016773,2026-08-10 20:02:00,WEATHER_CANCELLATION,18594,中止となった公演に関する払戻条件を確認したい。,PENDING
RFD-000631,TKT-017454,,ATT-017454,2026-08-14 02:29:00,WEATHER_CANCELLATION,3279,中止となった公演に関する払戻条件を確認したい。,PENDING
RFD-000632,TKT-019155,,ATT-019155,2026-08-13 16:15:00,WEATHER_CANCELLATION,2378,中止となった公演に関する払戻条件を確認したい。,PENDING
RFD-000633,TKT-018943,,ATT-018943,2026-08-14 05:30:00,WEATHER_CANCELLATION,7040,中止となった公演に関する払戻条件を確認したい。,PENDING
RFD-000634,TKT-018703,,ATT-018703,2026-08-10 06:21:00,WEATHER_CANCELLATION,17018,中止となった公演に関する払戻条件を確認したい。,PENDING
RFD-000635,TKT-019406,,ATT-019406,2026-08-11 13:26:00,WEATHER_CANCELLATION,4152,中止となった公演に関する払戻条件を確認したい。,PENDING
RFD-000636,TKT-016220,,ATT-016220,2026-08-12 06:09:00,WEATHER_CANCELLATION,10631,中止となった公演に関する払戻条件を確認したい。,PENDING
RFD-000637,TKT-019044,,ATT-019044,2026-08-09 20:33:00,WEATHER_CANCELLATION,14877,中止となった公演に関する払戻条件を確認したい。,PENDING
RFD-000638,TKT-019989,,ATT-019989,2026-08-12 03:45:00,WEATHER_CANCELLATION,17434,中止となった公演に関する払戻条件を確認したい。,PENDING
RFD-000639,TKT-019458,,ATT-019458,2026-08-11 04:05:00,WEATHER_CANCELLATION,8442,中止となった公演に関する払戻条件を確認したい。,PENDING
RFD-000640,TKT-019269,,ATT-019269,2026-08-11 11:51:00,WEATHER_CANCELLATION,6865,中止となった公演に関する払戻条件を確認したい。,PENDING
RFD-000641,TKT-016797,,ATT-016797,2026-08-11 05:47:00,WEATHER_CANCELLATION,4018,中止となった公演に関する払戻条件を確認したい。,PENDING
RFD-000642,TKT-019774,,ATT-019774,2026-08-10 18:18:00,WEATHER_CANCELLATION,10464,中止となった公演に関する払戻条件を確認したい。,PENDING
RFD-000643,TKT-019331,,ATT-019331,2026-08-11 01:42:00,WEATHER_CANCELLATION,13754,中止となった公演に関する払戻条件を確認したい。,PENDING
RFD-000644,TKT-015646,,ATT-015646,2026-08-11 16:29:00,WEATHER_CANCELLATION,10684,中止となった公演に関する払戻条件を確認したい。,PENDING
RFD-000645,TKT-016479,,ATT-016479,2026-08-12 12:44:00,WEATHER_CANCELLATION,9355,中止となった公演に関する払戻条件を確認したい。,PENDING
RFD-000646,TKT-016585,,ATT-016585,2026-08-14 14:02:00,WEATHER_CANCELLATION,12531,中止となった公演に関する払戻条件を確認したい。,PENDING
RFD-000647,TKT-019946,,ATT-019946,2026-08-11 16:34:00,WEATHER_CANCELLATION,6011,中止となった公演に関する払戻条件を確認したい。,PENDING
RFD-000648,TKT-018404,,ATT-018404,2026-08-13 02:13:00,WEATHER_CANCELLATION,4308,中止となった公演に関する払戻条件を確認したい。,PENDING
RFD-000649,TKT-019171,,ATT-019171,2026-08-10 19:16:00,WEATHER_CANCELLATION,10364,中止となった公演に関する払戻条件を確認したい。,PENDING
RFD-000650,TKT-018764,,ATT-018764,2026-08-12 05:17:00,WEATHER_CANCELLATION,16857,中止となった公演に関する払戻条件を確認したい。,PENDING
RFD-000651,TKT-018828,,ATT-018828,2026-08-11 02:47:00,WEATHER_CANCELLATION,14343,中止となった公演に関する払戻条件を確認したい。,PENDING
RFD-000652,TKT-016321,,ATT-016321,2026-08-10 10:05:00,WEATHER_CANCELLATION,11765,中止となった公演に関する払戻条件を確認したい。,PENDING
RFD-000653,TKT-018626,,ATT-018626,2026-08-14 17:53:00,WEATHER_CANCELLATION,10862,中止となった公演に関する払戻条件を確認したい。,PENDING
RFD-000654,TKT-018020,,ATT-018020,2026-08-13 10:24:00,WEATHER_CANCELLATION,13417,中止となった公演に関する払戻条件を確認したい。,PENDING
RFD-000655,TKT-017270,,ATT-017270,2026-08-10 23:57:00,WEATHER_CANCELLATION,7968,中止となった公演に関する払戻条件を確認したい。,PENDING
RFD-000656,TKT-018753,,ATT-018753,2026-08-13 17:20:00,WEATHER_CANCELLATION,2544,中止となった公演に関する払戻条件を確認したい。,PENDING
RFD-000657,TKT-017018,,ATT-017018,2026-08-14 17:58:00,WEATHER_CANCELLATION,10049,中止となった公演に関する払戻条件を確認したい。,PENDING
RFD-000658,TKT-017734,,ATT-017734,2026-08-11 01:04:00,WEATHER_CANCELLATION,3954,中止となった公演に関する払戻条件を確認したい。,PENDING
RFD-000659,TKT-017719,,ATT-017719,2026-08-09 20:34:00,WEATHER_CANCELLATION,12584,中止となった公演に関する払戻条件を確認したい。,PENDING
RFD-000660,TKT-017411,,ATT-017411,2026-08-11 02:45:00,WEATHER_CANCELLATION,5074,中止となった公演に関する払戻条件を確認したい。,PENDING
RFD-000661,TKT-019273,,ATT-019273,2026-08-12 17:00:00,WEATHER_CANCELLATION,9013,中止となった公演に関する払戻条件を確認したい。,PENDING
RFD-000662,TKT-019548,,ATT-019548,2026-08-12 04:30:00,WEATHER_CANCELLATION,6736,中止となった公演に関する払戻条件を確認したい。,PENDING
RFD-000663,TKT-015803,,ATT-015803,2026-08-14 00:20:00,WEATHER_CANCELLATION,3834,中止となった公演に関する払戻条件を確認したい。,PENDING
RFD-000664,TKT-017685,,ATT-017685,2026-08-11 07:37:00,WEATHER_CANCELLATION,6430,中止となった公演に関する払戻条件を確認したい。,PENDING
RFD-000665,TKT-018603,,ATT-018603,2026-08-14 14:57:00,WEATHER_CANCELLATION,15696,中止となった公演に関する払戻条件を確認したい。,PENDING
RFD-000666,TKT-016288,,ATT-016288,2026-08-12 23:39:00,WEATHER_CANCELLATION,2163,中止となった公演に関する払戻条件を確認したい。,PENDING
RFD-000667,TKT-018956,,ATT-018956,2026-08-14 06:07:00,WEATHER_CANCELLATION,12071,中止となった公演に関する払戻条件を確認したい。,PENDING
RFD-000668,TKT-019307,,ATT-019307,2026-08-12 08:20:00,WEATHER_CANCELLATION,16204,中止となった公演に関する払戻条件を確認したい。,PENDING
RFD-000669,TKT-017028,,ATT-017028,2026-08-11 15:13:00,WEATHER_CANCELLATION,6943,中止となった公演に関する払戻条件を確認したい。,PENDING
RFD-000670,TKT-017743,,ATT-017743,2026-08-12 03:43:00,WEATHER_CANCELLATION,15957,中止となった公演に関する払戻条件を確認したい。,PENDING
RFD-000671,TKT-018583,,ATT-018583,2026-08-12 20:48:00,WEATHER_CANCELLATION,18584,中止となった公演に関する払戻条件を確認したい。,PENDING
RFD-000672,TKT-016667,,ATT-016667,2026-08-14 05:13:00,WEATHER_CANCELLATION,7413,中止となった公演に関する払戻条件を確認したい。,PENDING
RFD-000673,TKT-017367,,ATT-017367,2026-08-13 04:44:00,WEATHER_CANCELLATION,4217,中止となった公演に関する払戻条件を確認したい。,PENDING
RFD-000674,TKT-016274,,ATT-016274,2026-08-10 03:32:00,WEATHER_CANCELLATION,16673,中止となった公演に関する払戻条件を確認したい。,PENDING
RFD-000675,TKT-017951,,ATT-017951,2026-08-11 14:33:00,WEATHER_CANCELLATION,5774,中止となった公演に関する払戻条件を確認したい。,PENDING
RFD-000676,TKT-019240,,ATT-019240,2026-08-10 08:09:00,WEATHER_CANCELLATION,3265,中止となった公演に関する払戻条件を確認したい。,PENDING
RFD-000677,TKT-018767,,ATT-018767,2026-08-11 19:11:00,WEATHER_CANCELLATION,4993,中止となった公演に関する払戻条件を確認したい。,PENDING
RFD-000678,TKT-016791,,ATT-016791,2026-08-13 15:33:00,WEATHER_CANCELLATION,18555,中止となった公演に関する払戻条件を確認したい。,PENDING
RFD-000679,TKT-019907,,ATT-019907,2026-08-10 06:21:00,WEATHER_CANCELLATION,15147,中止となった公演に関する払戻条件を確認したい。,PENDING
RFD-000680,TKT-018359,,ATT-018359,2026-08-13 03:24:00,WEATHER_CANCELLATION,6944,中止となった公演に関する払戻条件を確認したい。,PENDING
RFD-000681,TKT-016249,,ATT-016249,2026-08-14 01:14:00,WEATHER_CANCELLATION,12914,中止となった公演に関する払戻条件を確認したい。,PENDING
RFD-000682,TKT-018800,,ATT-018800,2026-08-11 19:18:00,WEATHER_CANCELLATION,11718,中止となった公演に関する払戻条件を確認したい。,PENDING
RFD-000683,TKT-019893,,ATT-019893,2026-08-11 23:52:00,WEATHER_CANCELLATION,14656,中止となった公演に関する払戻条件を確認したい。,PENDING
RFD-000684,TKT-017896,,ATT-017896,2026-08-10 04:37:00,WEATHER_CANCELLATION,16494,中止となった公演に関する払戻条件を確認したい。,PENDING
RFD-000685,TKT-019189,,ATT-019189,2026-08-11 08:14:00,WEATHER_CANCELLATION,12862,中止となった公演に関する払戻条件を確認したい。,PENDING
RFD-000686,TKT-017920,,ATT-017920,2026-08-13 17:59:00,WEATHER_CANCELLATION,12075,中止となった公演に関する払戻条件を確認したい。,PENDING
RFD-000687,TKT-016160,,ATT-016160,2026-08-11 07:13:00,WEATHER_CANCELLATION,2105,中止となった公演に関する払戻条件を確認したい。,PENDING
RFD-000688,TKT-015885,,ATT-015885,2026-08-10 19:33:00,WEATHER_CANCELLATION,14080,中止となった公演に関する払戻条件を確認したい。,PENDING
RFD-000689,TKT-017418,,ATT-017418,2026-08-10 08:51:00,WEATHER_CANCELLATION,18099,中止となった公演に関する払戻条件を確認したい。,PENDING
RFD-000690,TKT-019673,,ATT-019673,2026-08-11 06:45:00,WEATHER_CANCELLATION,6005,中止となった公演に関する払戻条件を確認したい。,PENDING
RFD-000691,TKT-018094,,ATT-018094,2026-08-11 07:39:00,WEATHER_CANCELLATION,1953,中止となった公演に関する払戻条件を確認したい。,PENDING
RFD-000692,TKT-019250,,ATT-019250,2026-08-10 15:25:00,WEATHER_CANCELLATION,8953,中止となった公演に関する払戻条件を確認したい。,PENDING
RFD-000693,TKT-016424,,ATT-016424,2026-08-11 13:56:00,WEATHER_CANCELLATION,8786,中止となった公演に関する払戻条件を確認したい。,PENDING
RFD-000694,TKT-019911,,ATT-019911,2026-08-12 07:43:00,WEATHER_CANCELLATION,8839,中止となった公演に関する払戻条件を確認したい。,PENDING
RFD-000695,TKT-016494,,ATT-016494,2026-08-12 13:07:00,WEATHER_CANCELLATION,13440,中止となった公演に関する払戻条件を確認したい。,PENDING
RFD-000696,TKT-016482,,ATT-016482,2026-08-13 16:51:00,WEATHER_CANCELLATION,16142,中止となった公演に関する払戻条件を確認したい。,PENDING
RFD-000697,TKT-018731,,ATT-018731,2026-08-10 16:13:00,WEATHER_CANCELLATION,15060,中止となった公演に関する払戻条件を確認したい。,PENDING
RFD-000698,TKT-019808,,ATT-019808,2026-08-13 03:46:00,WEATHER_CANCELLATION,7196,中止となった公演に関する払戻条件を確認したい。,PENDING
RFD-000699,TKT-017948,,ATT-017948,2026-08-12 17:55:00,WEATHER_CANCELLATION,18830,中止となった公演に関する払戻条件を確認したい。,PENDING
RFD-000700,TKT-017420,,ATT-017420,2026-08-14 16:50:00,WEATHER_CANCELLATION,4845,中止となった公演に関する払戻条件を確認したい。,PENDING
RFD-000701,TKT-016574,,ATT-016574,2026-08-11 20:32:00,WEATHER_CANCELLATION,8197,中止となった公演に関する払戻条件を確認したい。,PENDING
RFD-000702,TKT-018160,,ATT-018160,2026-08-13 05:36:00,WEATHER_CANCELLATION,10568,中止となった公演に関する払戻条件を確認したい。,PENDING
RFD-000703,TKT-016357,,ATT-016357,2026-08-12 12:49:00,WEATHER_CANCELLATION,4776,中止となった公演に関する払戻条件を確認したい。,PENDING
RFD-000704,TKT-018196,,ATT-018196,2026-08-11 23:40:00,WEATHER_CANCELLATION,9878,中止となった公演に関する払戻条件を確認したい。,PENDING
RFD-000705,TKT-016923,,ATT-016923,2026-08-12 18:27:00,WEATHER_CANCELLATION,6505,中止となった公演に関する払戻条件を確認したい。,PENDING
RFD-000706,TKT-018134,,ATT-018134,2026-08-12 19:14:00,WEATHER_CANCELLATION,11049,中止となった公演に関する払戻条件を確認したい。,PENDING
RFD-000707,TKT-015907,,ATT-015907,2026-08-12 03:46:00,WEATHER_CANCELLATION,15538,中止となった公演に関する払戻条件を確認したい。,PENDING
RFD-000708,TKT-018244,,ATT-018244,2026-08-10 02:09:00,WEATHER_CANCELLATION,11091,中止となった公演に関する払戻条件を確認したい。,PENDING
RFD-000709,TKT-017573,,ATT-017573,2026-08-14 09:22:00,WEATHER_CANCELLATION,15122,中止となった公演に関する払戻条件を確認したい。,PENDING
RFD-000710,TKT-018788,,ATT-018788,2026-08-12 06:00:00,WEATHER_CANCELLATION,10634,中止となった公演に関する払戻条件を確認したい。,PENDING
RFD-000711,TKT-018822,,ATT-018822,2026-08-12 10:22:00,WEATHER_CANCELLATION,11976,中止となった公演に関する払戻条件を確認したい。,PENDING
RFD-000712,TKT-016443,,ATT-016443,2026-08-11 12:35:00,WEATHER_CANCELLATION,18249,中止となった公演に関する払戻条件を確認したい。,PENDING
RFD-000713,TKT-017583,,ATT-017583,2026-08-10 18:47:00,WEATHER_CANCELLATION,9138,中止となった公演に関する払戻条件を確認したい。,PENDING
RFD-000714,TKT-018339,,ATT-018339,2026-08-11 19:52:00,WEATHER_CANCELLATION,12599,中止となった公演に関する払戻条件を確認したい。,PENDING
RFD-000715,TKT-015972,,ATT-015972,2026-08-14 02:23:00,WEATHER_CANCELLATION,2056,中止となった公演に関する払戻条件を確認したい。,PENDING
RFD-000716,TKT-019082,,ATT-019082,2026-08-12 10:52:00,WEATHER_CANCELLATION,9830,中止となった公演に関する払戻条件を確認したい。,PENDING
RFD-000717,TKT-016635,,ATT-016635,2026-08-10 02:17:00,WEATHER_CANCELLATION,12892,中止となった公演に関する払戻条件を確認したい。,PENDING
RFD-000718,TKT-019897,,ATT-019897,2026-08-10 21:46:00,WEATHER_CANCELLATION,8236,中止となった公演に関する払戻条件を確認したい。,PENDING
RFD-000719,TKT-016971,,ATT-016971,2026-08-13 15:09:00,WEATHER_CANCELLATION,5409,中止となった公演に関する払戻条件を確認したい。,PENDING
RFD-000720,TKT-019846,,ATT-019846,2026-08-11 08:40:00,WEATHER_CANCELLATION,4030,中止となった公演に関する払戻条件を確認したい。,PENDING
RFD-000721,TKT-018308,,ATT-018308,2026-08-11 17:36:00,WEATHER_CANCELLATION,14924,中止となった公演に関する払戻条件を確認したい。,PENDING
RFD-000722,TKT-019796,,ATT-019796,2026-08-13 10:34:00,WEATHER_CANCELLATION,6566,中止となった公演に関する払戻条件を確認したい。,PENDING
RFD-000723,TKT-017996,,ATT-017996,2026-08-14 13:57:00,WEATHER_CANCELLATION,14696,中止となった公演に関する払戻条件を確認したい。,PENDING
RFD-000724,TKT-017019,,ATT-017019,2026-08-12 13:22:00,WEATHER_CANCELLATION,2502,中止となった公演に関する払戻条件を確認したい。,PENDING
RFD-000725,TKT-017050,,ATT-017050,2026-08-12 03:53:00,WEATHER_CANCELLATION,12869,中止となった公演に関する払戻条件を確認したい。,PENDING
RFD-000726,TKT-018460,,ATT-018460,2026-08-12 14:59:00,WEATHER_CANCELLATION,7763,中止となった公演に関する払戻条件を確認したい。,PENDING
RFD-000727,TKT-016826,,ATT-016826,2026-08-11 08:49:00,WEATHER_CANCELLATION,10343,中止となった公演に関する払戻条件を確認したい。,PENDING
RFD-000728,TKT-015899,,ATT-015899,2026-08-11 05:24:00,WEATHER_CANCELLATION,18498,中止となった公演に関する払戻条件を確認したい。,PENDING
RFD-000729,TKT-017114,,ATT-017114,2026-08-10 22:56:00,WEATHER_CANCELLATION,9217,中止となった公演に関する払戻条件を確認したい。,PENDING
RFD-000730,TKT-017593,,ATT-017593,2026-08-12 07:34:00,WEATHER_CANCELLATION,6094,中止となった公演に関する払戻条件を確認したい。,PENDING
RFD-000731,TKT-019004,,ATT-019004,2026-08-13 01:25:00,WEATHER_CANCELLATION,13191,中止となった公演に関する払戻条件を確認したい。,PENDING
RFD-000732,TKT-019853,,ATT-019853,2026-08-10 22:31:00,WEATHER_CANCELLATION,5659,中止となった公演に関する払戻条件を確認したい。,PENDING
RFD-000733,TKT-018517,,ATT-018517,2026-08-10 16:04:00,WEATHER_CANCELLATION,5318,中止となった公演に関する払戻条件を確認したい。,PENDING
RFD-000734,TKT-017945,,ATT-017945,2026-08-14 04:55:00,WEATHER_CANCELLATION,8991,中止となった公演に関する払戻条件を確認したい。,PENDING
RFD-000735,TKT-017564,,ATT-017564,2026-08-12 00:08:00,WEATHER_CANCELLATION,2711,中止となった公演に関する払戻条件を確認したい。,PENDING
RFD-000736,TKT-017586,,ATT-017586,2026-08-10 03:22:00,WEATHER_CANCELLATION,5510,中止となった公演に関する払戻条件を確認したい。,PENDING
RFD-000737,TKT-019805,,ATT-019805,2026-08-12 00:26:00,WEATHER_CANCELLATION,15060,中止となった公演に関する払戻条件を確認したい。,PENDING
RFD-000738,TKT-018295,,ATT-018295,2026-08-14 09:33:00,WEATHER_CANCELLATION,18188,中止となった公演に関する払戻条件を確認したい。,PENDING
RFD-000739,TKT-016137,,ATT-016137,2026-08-09 21:19:00,WEATHER_CANCELLATION,15734,中止となった公演に関する払戻条件を確認したい。,PENDING
RFD-000740,TKT-018572,,ATT-018572,2026-08-11 04:52:00,WEATHER_CANCELLATION,15562,中止となった公演に関する払戻条件を確認したい。,PENDING
RFD-000741,TKT-017415,,ATT-017415,2026-08-11 01:52:00,WEATHER_CANCELLATION,8787,中止となった公演に関する払戻条件を確認したい。,PENDING
RFD-000742,TKT-017265,,ATT-017265,2026-08-09 21:27:00,WEATHER_CANCELLATION,18683,中止となった公演に関する払戻条件を確認したい。,PENDING
RFD-000743,TKT-017277,,ATT-017277,2026-08-12 05:05:00,WEATHER_CANCELLATION,8239,中止となった公演に関する払戻条件を確認したい。,PENDING
RFD-000744,TKT-016086,,ATT-016086,2026-08-10 01:48:00,WEATHER_CANCELLATION,14658,中止となった公演に関する払戻条件を確認したい。,PENDING
RFD-000745,TKT-019391,,ATT-019391,2026-08-12 17:48:00,WEATHER_CANCELLATION,11158,中止となった公演に関する払戻条件を確認したい。,PENDING
RFD-000746,TKT-018907,,ATT-018907,2026-08-11 15:27:00,WEATHER_CANCELLATION,15912,中止となった公演に関する払戻条件を確認したい。,PENDING
RFD-000747,TKT-018802,,ATT-018802,2026-08-14 12:15:00,WEATHER_CANCELLATION,11884,中止となった公演に関する払戻条件を確認したい。,PENDING
RFD-000748,TKT-016496,,ATT-016496,2026-08-09 23:42:00,WEATHER_CANCELLATION,9663,中止となった公演に関する払戻条件を確認したい。,PENDING
RFD-000749,TKT-016728,,ATT-016728,2026-08-12 09:00:00,WEATHER_CANCELLATION,17224,中止となった公演に関する払戻条件を確認したい。,PENDING
RFD-000750,TKT-019740,,ATT-019740,2026-08-13 10:06:00,WEATHER_CANCELLATION,11488,中止となった公演に関する払戻条件を確認したい。,PENDING
RFD-000751,TKT-017033,,ATT-017033,2026-08-12 00:49:00,WEATHER_CANCELLATION,16393,中止となった公演に関する払戻条件を確認したい。,PENDING
RFD-000752,TKT-016842,,ATT-016842,2026-08-10 16:19:00,WEATHER_CANCELLATION,11203,中止となった公演に関する払戻条件を確認したい。,PENDING
RFD-000753,TKT-019067,,ATT-019067,2026-08-14 08:24:00,WEATHER_CANCELLATION,12095,中止となった公演に関する払戻条件を確認したい。,PENDING
RFD-000754,TKT-017529,,ATT-017529,2026-08-09 20:00:00,WEATHER_CANCELLATION,3126,中止となった公演に関する払戻条件を確認したい。,PENDING
RFD-000755,TKT-018219,,ATT-018219,2026-08-10 01:53:00,WEATHER_CANCELLATION,18936,中止となった公演に関する払戻条件を確認したい。,PENDING
RFD-000756,TKT-019364,,ATT-019364,2026-08-09 21:00:00,WEATHER_CANCELLATION,17303,中止となった公演に関する払戻条件を確認したい。,PENDING
RFD-000757,TKT-016999,,ATT-016999,2026-08-14 05:59:00,WEATHER_CANCELLATION,5658,中止となった公演に関する払戻条件を確認したい。,PENDING
RFD-000758,TKT-016719,,ATT-016719,2026-08-12 21:10:00,WEATHER_CANCELLATION,15747,中止となった公演に関する払戻条件を確認したい。,PENDING
RFD-000759,TKT-016364,,ATT-016364,2026-08-12 21:04:00,WEATHER_CANCELLATION,8269,中止となった公演に関する払戻条件を確認したい。,PENDING
RFD-000760,TKT-015981,,ATT-015981,2026-08-11 02:20:00,WEATHER_CANCELLATION,8106,中止となった公演に関する払戻条件を確認したい。,PENDING
RFD-000761,TKT-017244,,ATT-017244,2026-08-13 01:10:00,WEATHER_CANCELLATION,7841,中止となった公演に関する払戻条件を確認したい。,PENDING
RFD-000762,TKT-018769,,ATT-018769,2026-08-13 09:59:00,WEATHER_CANCELLATION,8450,中止となった公演に関する払戻条件を確認したい。,PENDING
RFD-000763,TKT-018380,,ATT-018380,2026-08-10 09:39:00,WEATHER_CANCELLATION,16089,中止となった公演に関する払戻条件を確認したい。,PENDING
RFD-000764,TKT-016041,,ATT-016041,2026-08-14 12:49:00,WEATHER_CANCELLATION,2103,中止となった公演に関する払戻条件を確認したい。,PENDING
RFD-000765,TKT-019309,,ATT-019309,2026-08-13 20:06:00,WEATHER_CANCELLATION,7848,中止となった公演に関する払戻条件を確認したい。,PENDING
RFD-000766,TKT-016988,,ATT-016988,2026-08-10 17:21:00,WEATHER_CANCELLATION,12985,中止となった公演に関する払戻条件を確認したい。,PENDING
RFD-000767,TKT-018009,,ATT-018009,2026-08-13 11:54:00,WEATHER_CANCELLATION,9326,中止となった公演に関する払戻条件を確認したい。,PENDING
RFD-000768,TKT-018606,,ATT-018606,2026-08-14 12:33:00,WEATHER_CANCELLATION,13887,中止となった公演に関する払戻条件を確認したい。,PENDING
RFD-000769,TKT-015654,,ATT-015654,2026-08-11 20:06:00,WEATHER_CANCELLATION,12611,中止となった公演に関する払戻条件を確認したい。,PENDING
RFD-000770,TKT-016148,,ATT-016148,2026-08-10 18:21:00,WEATHER_CANCELLATION,2949,中止となった公演に関する払戻条件を確認したい。,PENDING
RFD-000771,TKT-018544,,ATT-018544,2026-08-14 02:35:00,WEATHER_CANCELLATION,14499,中止となった公演に関する払戻条件を確認したい。,PENDING
RFD-000772,TKT-017547,,ATT-017547,2026-08-14 07:48:00,WEATHER_CANCELLATION,8361,中止となった公演に関する払戻条件を確認したい。,PENDING
RFD-000773,TKT-017202,,ATT-017202,2026-08-11 00:40:00,WEATHER_CANCELLATION,10337,中止となった公演に関する払戻条件を確認したい。,PENDING
RFD-000774,TKT-016184,,ATT-016184,2026-08-13 20:26:00,WEATHER_CANCELLATION,15361,中止となった公演に関する払戻条件を確認したい。,PENDING
RFD-000775,TKT-019360,,ATT-019360,2026-08-13 05:35:00,WEATHER_CANCELLATION,2277,中止となった公演に関する払戻条件を確認したい。,PENDING
RFD-000776,TKT-019591,,ATT-019591,2026-08-12 00:36:00,WEATHER_CANCELLATION,7502,中止となった公演に関する払戻条件を確認したい。,PENDING
RFD-000777,TKT-017224,,ATT-017224,2026-08-10 02:13:00,WEATHER_CANCELLATION,4240,中止となった公演に関する払戻条件を確認したい。,PENDING
RFD-000778,TKT-017753,,ATT-017753,2026-08-11 14:59:00,WEATHER_CANCELLATION,14644,中止となった公演に関する払戻条件を確認したい。,PENDING
RFD-000779,TKT-015979,,ATT-015979,2026-08-12 07:20:00,WEATHER_CANCELLATION,6368,中止となった公演に関する払戻条件を確認したい。,PENDING
RFD-000780,TKT-015658,,ATT-015658,2026-08-10 06:02:00,WEATHER_CANCELLATION,18977,中止となった公演に関する払戻条件を確認したい。,PENDING
RFD-000781,TKT-018257,,ATT-018257,2026-08-12 20:46:00,WEATHER_CANCELLATION,15630,中止となった公演に関する払戻条件を確認したい。,PENDING
RFD-000782,TKT-015764,,ATT-015764,2026-08-14 16:48:00,WEATHER_CANCELLATION,6868,中止となった公演に関する払戻条件を確認したい。,PENDING
RFD-000783,TKT-018942,,ATT-018942,2026-08-12 19:44:00,WEATHER_CANCELLATION,10385,中止となった公演に関する払戻条件を確認したい。,PENDING
RFD-000784,TKT-017313,,ATT-017313,2026-08-13 08:34:00,WEATHER_CANCELLATION,10772,中止となった公演に関する払戻条件を確認したい。,PENDING
RFD-000785,TKT-016555,,ATT-016555,2026-08-14 10:36:00,WEATHER_CANCELLATION,18517,中止となった公演に関する払戻条件を確認したい。,PENDING
RFD-000786,TKT-016921,,ATT-016921,2026-08-13 10:01:00,WEATHER_CANCELLATION,18062,中止となった公演に関する払戻条件を確認したい。,PENDING
RFD-000787,TKT-016334,,ATT-016334,2026-08-10 02:51:00,WEATHER_CANCELLATION,11862,中止となった公演に関する払戻条件を確認したい。,PENDING
RFD-000788,TKT-016630,,ATT-016630,2026-08-10 05:37:00,WEATHER_CANCELLATION,11131,中止となった公演に関する払戻条件を確認したい。,PENDING
RFD-000789,TKT-017587,,ATT-017587,2026-08-14 03:34:00,WEATHER_CANCELLATION,14360,中止となった公演に関する払戻条件を確認したい。,PENDING
RFD-000790,TKT-019962,,ATT-019962,2026-08-11 05:21:00,WEATHER_CANCELLATION,6480,中止となった公演に関する払戻条件を確認したい。,PENDING
RFD-000791,TKT-016318,,ATT-016318,2026-08-13 03:48:00,WEATHER_CANCELLATION,12595,中止となった公演に関する払戻条件を確認したい。,PENDING
RFD-000792,TKT-019760,,ATT-019760,2026-08-11 22:47:00,WEATHER_CANCELLATION,8785,中止となった公演に関する払戻条件を確認したい。,PENDING
RFD-000793,TKT-019194,,ATT-019194,2026-08-13 02:03:00,WEATHER_CANCELLATION,12281,中止となった公演に関する払戻条件を確認したい。,PENDING
RFD-000794,TKT-017464,,ATT-017464,2026-08-14 15:27:00,WEATHER_CANCELLATION,8852,中止となった公演に関する払戻条件を確認したい。,PENDING
RFD-000795,TKT-018488,,ATT-018488,2026-08-13 19:03:00,WEATHER_CANCELLATION,16788,中止となった公演に関する払戻条件を確認したい。,PENDING
RFD-000796,TKT-018276,,ATT-018276,2026-08-10 20:24:00,WEATHER_CANCELLATION,4686,中止となった公演に関する払戻条件を確認したい。,PENDING
RFD-000797,TKT-017722,,ATT-017722,2026-08-12 07:41:00,WEATHER_CANCELLATION,17820,中止となった公演に関する払戻条件を確認したい。,PENDING
RFD-000798,TKT-017309,,ATT-017309,2026-08-14 18:00:00,WEATHER_CANCELLATION,10472,中止となった公演に関する払戻条件を確認したい。,PENDING
RFD-000799,TKT-017172,,ATT-017172,2026-08-10 08:31:00,WEATHER_CANCELLATION,17614,中止となった公演に関する払戻条件を確認したい。,PENDING
RFD-000800,TKT-018195,,ATT-018195,2026-08-11 16:17:00,WEATHER_CANCELLATION,14939,中止となった公演に関する払戻条件を確認したい。,PENDING
RFD-000801,TKT-018489,,ATT-018489,2026-08-13 18:20:00,WEATHER_CANCELLATION,15769,中止となった公演に関する払戻条件を確認したい。,PENDING
RFD-000802,TKT-019147,,ATT-019147,2026-08-13 19:32:00,WEATHER_CANCELLATION,8878,中止となった公演に関する払戻条件を確認したい。,PENDING
RFD-000803,TKT-019721,,ATT-019721,2026-08-10 00:14:00,WEATHER_CANCELLATION,2102,中止となった公演に関する払戻条件を確認したい。,PENDING
RFD-000804,TKT-019296,,ATT-019296,2026-08-09 20:38:00,WEATHER_CANCELLATION,12876,中止となった公演に関する払戻条件を確認したい。,PENDING
RFD-000805,TKT-019651,,ATT-019651,2026-08-14 08:40:00,WEATHER_CANCELLATION,13262,中止となった公演に関する払戻条件を確認したい。,PENDING
RFD-000806,TKT-016594,,ATT-016594,2026-08-10 03:09:00,WEATHER_CANCELLATION,6483,中止となった公演に関する払戻条件を確認したい。,PENDING
RFD-000807,TKT-018496,,ATT-018496,2026-08-14 07:44:00,WEATHER_CANCELLATION,17037,中止となった公演に関する払戻条件を確認したい。,PENDING
RFD-000808,TKT-017444,,ATT-017444,2026-08-11 11:51:00,WEATHER_CANCELLATION,13851,中止となった公演に関する払戻条件を確認したい。,PENDING
RFD-000809,TKT-019064,,ATT-019064,2026-08-10 03:43:00,WEATHER_CANCELLATION,5407,中止となった公演に関する払戻条件を確認したい。,PENDING
RFD-000810,TKT-017195,,ATT-017195,2026-08-10 09:14:00,WEATHER_CANCELLATION,15145,中止となった公演に関する払戻条件を確認したい。,PENDING
RFD-000811,TKT-018382,,ATT-018382,2026-08-11 19:03:00,WEATHER_CANCELLATION,4539,中止となった公演に関する払戻条件を確認したい。,PENDING
RFD-000812,TKT-016130,,ATT-016130,2026-08-12 12:46:00,WEATHER_CANCELLATION,12582,中止となった公演に関する払戻条件を確認したい。,PENDING
RFD-000813,TKT-015651,,ATT-015651,2026-08-10 01:36:00,WEATHER_CANCELLATION,5017,中止となった公演に関する払戻条件を確認したい。,PENDING
RFD-000814,TKT-017889,,ATT-017889,2026-08-10 19:08:00,WEATHER_CANCELLATION,3022,中止となった公演に関する払戻条件を確認したい。,PENDING
RFD-000815,TKT-016987,,ATT-016987,2026-08-10 22:22:00,WEATHER_CANCELLATION,11563,中止となった公演に関する払戻条件を確認したい。,PENDING
RFD-000816,TKT-018140,,ATT-018140,2026-08-13 04:49:00,WEATHER_CANCELLATION,14766,中止となった公演に関する払戻条件を確認したい。,PENDING
RFD-000817,TKT-019376,,ATT-019376,2026-08-11 15:52:00,WEATHER_CANCELLATION,7453,中止となった公演に関する払戻条件を確認したい。,PENDING
RFD-000818,TKT-018408,,ATT-018408,2026-08-14 08:22:00,WEATHER_CANCELLATION,7128,中止となった公演に関する払戻条件を確認したい。,PENDING
RFD-000819,TKT-018167,,ATT-018167,2026-08-11 06:31:00,WEATHER_CANCELLATION,5243,中止となった公演に関する払戻条件を確認したい。,PENDING
RFD-000820,TKT-018677,,ATT-018677,2026-08-13 12:33:00,WEATHER_CANCELLATION,2584,中止となった公演に関する払戻条件を確認したい。,PENDING
RFD-000821,TKT-017052,,ATT-017052,2026-08-10 15:11:00,WEATHER_CANCELLATION,11686,中止となった公演に関する払戻条件を確認したい。,PENDING
RFD-000822,TKT-019706,,ATT-019706,2026-08-10 12:46:00,WEATHER_CANCELLATION,6136,中止となった公演に関する払戻条件を確認したい。,PENDING
RFD-000823,TKT-017103,,ATT-017103,2026-08-10 12:12:00,WEATHER_CANCELLATION,16624,中止となった公演に関する払戻条件を確認したい。,PENDING
RFD-000824,TKT-017666,,ATT-017666,2026-08-10 07:38:00,WEATHER_CANCELLATION,15177,中止となった公演に関する払戻条件を確認したい。,PENDING
RFD-000825,TKT-019077,,ATT-019077,2026-08-14 19:07:00,WEATHER_CANCELLATION,4167,中止となった公演に関する払戻条件を確認したい。,PENDING
RFD-000826,TKT-016369,,ATT-016369,2026-08-13 07:31:00,WEATHER_CANCELLATION,6010,中止となった公演に関する払戻条件を確認したい。,PENDING
RFD-000827,TKT-016723,,ATT-016723,2026-08-10 22:44:00,WEATHER_CANCELLATION,5255,中止となった公演に関する払戻条件を確認したい。,PENDING
RFD-000828,TKT-018720,,ATT-018720,2026-08-14 15:48:00,WEATHER_CANCELLATION,16901,中止となった公演に関する払戻条件を確認したい。,PENDING
RFD-000829,TKT-017363,,ATT-017363,2026-08-14 00:58:00,WEATHER_CANCELLATION,17577,中止となった公演に関する払戻条件を確認したい。,PENDING
RFD-000830,TKT-018189,,ATT-018189,2026-08-10 01:24:00,WEATHER_CANCELLATION,5878,中止となった公演に関する払戻条件を確認したい。,PENDING
RFD-000831,TKT-019864,,ATT-019864,2026-08-12 20:40:00,WEATHER_CANCELLATION,13991,中止となった公演に関する払戻条件を確認したい。,PENDING
RFD-000832,TKT-019809,,ATT-019809,2026-08-12 12:57:00,WEATHER_CANCELLATION,5721,中止となった公演に関する払戻条件を確認したい。,PENDING
RFD-000833,TKT-018566,,ATT-018566,2026-08-12 22:55:00,WEATHER_CANCELLATION,18205,中止となった公演に関する払戻条件を確認したい。,PENDING
RFD-000834,TKT-018976,,ATT-018976,2026-08-11 11:23:00,WEATHER_CANCELLATION,9235,中止となった公演に関する払戻条件を確認したい。,PENDING
RFD-000835,TKT-016425,,ATT-016425,2026-08-14 04:10:00,WEATHER_CANCELLATION,10414,中止となった公演に関する払戻条件を確認したい。,PENDING
RFD-000836,TKT-017110,,ATT-017110,2026-08-11 04:30:00,WEATHER_CANCELLATION,10489,中止となった公演に関する払戻条件を確認したい。,PENDING
RFD-000837,TKT-018420,,ATT-018420,2026-08-14 04:57:00,WEATHER_CANCELLATION,14136,中止となった公演に関する払戻条件を確認したい。,PENDING
RFD-000838,TKT-016430,,ATT-016430,2026-08-12 03:19:00,WEATHER_CANCELLATION,8116,中止となった公演に関する払戻条件を確認したい。,PENDING
RFD-000839,TKT-016974,,ATT-016974,2026-08-12 19:31:00,WEATHER_CANCELLATION,2503,中止となった公演に関する払戻条件を確認したい。,PENDING
RFD-000840,TKT-018990,,ATT-018990,2026-08-13 16:26:00,WEATHER_CANCELLATION,2141,中止となった公演に関する払戻条件を確認したい。,PENDING
RFD-000841,TKT-017642,,ATT-017642,2026-08-11 10:06:00,WEATHER_CANCELLATION,11813,中止となった公演に関する払戻条件を確認したい。,PENDING
RFD-000842,TKT-016055,,ATT-016055,2026-08-10 22:37:00,WEATHER_CANCELLATION,14453,中止となった公演に関する払戻条件を確認したい。,PENDING
RFD-000843,TKT-019659,,ATT-019659,2026-08-10 20:16:00,WEATHER_CANCELLATION,5414,中止となった公演に関する払戻条件を確認したい。,PENDING
RFD-000844,TKT-016720,,ATT-016720,2026-08-11 13:07:00,WEATHER_CANCELLATION,8852,中止となった公演に関する払戻条件を確認したい。,PENDING
RFD-000845,TKT-017323,,ATT-017323,2026-08-12 13:45:00,WEATHER_CANCELLATION,7641,中止となった公演に関する払戻条件を確認したい。,PENDING
RFD-000846,TKT-018897,,ATT-018897,2026-08-12 16:17:00,WEATHER_CANCELLATION,4960,中止となった公演に関する払戻条件を確認したい。,PENDING
RFD-000847,TKT-015814,,ATT-015814,2026-08-10 20:06:00,WEATHER_CANCELLATION,11351,中止となった公演に関する払戻条件を確認したい。,PENDING
RFD-000848,TKT-018275,,ATT-018275,2026-08-10 07:31:00,WEATHER_CANCELLATION,10062,中止となった公演に関する払戻条件を確認したい。,PENDING
RFD-000849,TKT-018213,,ATT-018213,2026-08-14 07:14:00,WEATHER_CANCELLATION,16707,中止となった公演に関する払戻条件を確認したい。,PENDING
RFD-000850,TKT-016081,,ATT-016081,2026-08-09 20:41:00,WEATHER_CANCELLATION,10963,中止となった公演に関する払戻条件を確認したい。,PENDING
RFD-000851,TKT-015633,,ATT-015633,2026-08-13 12:27:00,WEATHER_CANCELLATION,8447,中止となった公演に関する払戻条件を確認したい。,PENDING
RFD-000852,TKT-015659,,ATT-015659,2026-08-12 08:06:00,WEATHER_CANCELLATION,16405,中止となった公演に関する払戻条件を確認したい。,PENDING
RFD-000853,TKT-018661,,ATT-018661,2026-08-12 21:39:00,WEATHER_CANCELLATION,3434,中止となった公演に関する払戻条件を確認したい。,PENDING
RFD-000854,TKT-019986,,ATT-019986,2026-08-10 12:17:00,WEATHER_CANCELLATION,7168,中止となった公演に関する払戻条件を確認したい。,PENDING
RFD-000855,TKT-016541,,ATT-016541,2026-08-09 20:46:00,WEATHER_CANCELLATION,13692,中止となった公演に関する払戻条件を確認したい。,PENDING
RFD-000856,TKT-018817,,ATT-018817,2026-08-11 09:06:00,WEATHER_CANCELLATION,6428,中止となった公演に関する払戻条件を確認したい。,PENDING
RFD-000857,TKT-019080,,ATT-019080,2026-08-12 01:28:00,WEATHER_CANCELLATION,6735,中止となった公演に関する払戻条件を確認したい。,PENDING
RFD-000858,TKT-019033,,ATT-019033,2026-08-14 07:43:00,WEATHER_CANCELLATION,15511,中止となった公演に関する払戻条件を確認したい。,PENDING
RFD-000859,TKT-017558,,ATT-017558,2026-08-10 19:17:00,WEATHER_CANCELLATION,4631,中止となった公演に関する払戻条件を確認したい。,PENDING
RFD-000860,TKT-019898,,ATT-019898,2026-08-14 01:34:00,WEATHER_CANCELLATION,18033,中止となった公演に関する払戻条件を確認したい。,PENDING
RFD-000861,TKT-016463,,ATT-016463,2026-08-13 06:37:00,WEATHER_CANCELLATION,10008,中止となった公演に関する払戻条件を確認したい。,PENDING
RFD-000862,TKT-015958,,ATT-015958,2026-08-11 08:40:00,WEATHER_CANCELLATION,8411,中止となった公演に関する払戻条件を確認したい。,PENDING
RFD-000863,TKT-017476,,ATT-017476,2026-08-10 22:39:00,WEATHER_CANCELLATION,2429,中止となった公演に関する払戻条件を確認したい。,PENDING
RFD-000864,TKT-019671,,ATT-019671,2026-08-14 00:30:00,WEATHER_CANCELLATION,5887,中止となった公演に関する払戻条件を確認したい。,PENDING
RFD-000865,TKT-017200,,ATT-017200,2026-08-13 19:00:00,WEATHER_CANCELLATION,17818,中止となった公演に関する払戻条件を確認したい。,PENDING
RFD-000866,TKT-019577,,ATT-019577,2026-08-10 10:36:00,WEATHER_CANCELLATION,10836,中止となった公演に関する払戻条件を確認したい。,PENDING
RFD-000867,TKT-019202,,ATT-019202,2026-08-11 01:47:00,WEATHER_CANCELLATION,11023,中止となった公演に関する払戻条件を確認したい。,PENDING
RFD-000868,TKT-017064,,ATT-017064,2026-08-11 00:06:00,WEATHER_CANCELLATION,18777,中止となった公演に関する払戻条件を確認したい。,PENDING
RFD-000869,TKT-016001,,ATT-016001,2026-08-10 23:21:00,WEATHER_CANCELLATION,10643,中止となった公演に関する払戻条件を確認したい。,PENDING
RFD-000870,TKT-017335,,ATT-017335,2026-08-10 14:09:00,WEATHER_CANCELLATION,2674,中止となった公演に関する払戻条件を確認したい。,PENDING
RFD-000871,TKT-017230,,ATT-017230,2026-08-13 20:46:00,WEATHER_CANCELLATION,9481,中止となった公演に関する払戻条件を確認したい。,PENDING
RFD-000872,TKT-017919,,ATT-017919,2026-08-12 05:00:00,WEATHER_CANCELLATION,11485,中止となった公演に関する払戻条件を確認したい。,PENDING
RFD-000873,TKT-016827,,ATT-016827,2026-08-10 21:13:00,WEATHER_CANCELLATION,12976,中止となった公演に関する払戻条件を確認したい。,PENDING
RFD-000874,TKT-016336,,ATT-016336,2026-08-10 17:06:00,WEATHER_CANCELLATION,5031,中止となった公演に関する払戻条件を確認したい。,PENDING
RFD-000875,TKT-017844,,ATT-017844,2026-08-10 00:51:00,WEATHER_CANCELLATION,8588,中止となった公演に関する払戻条件を確認したい。,PENDING
RFD-000876,TKT-018979,,ATT-018979,2026-08-14 11:54:00,WEATHER_CANCELLATION,3363,中止となった公演に関する払戻条件を確認したい。,PENDING
RFD-000877,TKT-015931,,ATT-015931,2026-08-11 03:27:00,WEATHER_CANCELLATION,5168,中止となった公演に関する払戻条件を確認したい。,PENDING
RFD-000878,TKT-016095,,ATT-016095,2026-08-12 06:41:00,WEATHER_CANCELLATION,11916,中止となった公演に関する払戻条件を確認したい。,PENDING
RFD-000879,TKT-015978,,ATT-015978,2026-08-13 15:04:00,WEATHER_CANCELLATION,2376,中止となった公演に関する払戻条件を確認したい。,PENDING
RFD-000880,TKT-016508,,ATT-016508,2026-08-11 03:13:00,WEATHER_CANCELLATION,14707,中止となった公演に関する払戻条件を確認したい。,PENDING
RFD-000881,TKT-017950,,ATT-017950,2026-08-11 04:07:00,WEATHER_CANCELLATION,14664,中止となった公演に関する払戻条件を確認したい。,PENDING
RFD-000882,TKT-016446,,ATT-016446,2026-08-10 22:17:00,WEATHER_CANCELLATION,2670,中止となった公演に関する払戻条件を確認したい。,PENDING
RFD-000883,TKT-018713,,ATT-018713,2026-08-13 09:49:00,WEATHER_CANCELLATION,6413,中止となった公演に関する払戻条件を確認したい。,PENDING
RFD-000884,TKT-016704,,ATT-016704,2026-08-12 06:30:00,WEATHER_CANCELLATION,6042,中止となった公演に関する払戻条件を確認したい。,PENDING
RFD-000885,TKT-018254,,ATT-018254,2026-08-12 11:08:00,WEATHER_CANCELLATION,9586,中止となった公演に関する払戻条件を確認したい。,PENDING
RFD-000886,TKT-018954,,ATT-018954,2026-08-13 01:46:00,WEATHER_CANCELLATION,6545,中止となった公演に関する払戻条件を確認したい。,PENDING
RFD-000887,TKT-019025,,ATT-019025,2026-08-13 03:33:00,WEATHER_CANCELLATION,6754,中止となった公演に関する払戻条件を確認したい。,PENDING
RFD-000888,TKT-019156,,ATT-019156,2026-08-12 07:42:00,WEATHER_CANCELLATION,7825,中止となった公演に関する払戻条件を確認したい。,PENDING
RFD-000889,TKT-017994,,ATT-017994,2026-08-13 05:08:00,WEATHER_CANCELLATION,16053,中止となった公演に関する払戻条件を確認したい。,PENDING
RFD-000890,TKT-019335,,ATT-019335,2026-08-13 16:03:00,WEATHER_CANCELLATION,3436,中止となった公演に関する払戻条件を確認したい。,PENDING
RFD-000891,TKT-019877,,ATT-019877,2026-08-10 14:15:00,WEATHER_CANCELLATION,7118,中止となった公演に関する払戻条件を確認したい。,PENDING
RFD-000892,TKT-017148,,ATT-017148,2026-08-10 12:02:00,WEATHER_CANCELLATION,3820,中止となった公演に関する払戻条件を確認したい。,PENDING
RFD-000893,TKT-016254,,ATT-016254,2026-08-12 00:48:00,WEATHER_CANCELLATION,13418,中止となった公演に関する払戻条件を確認したい。,PENDING
RFD-000894,TKT-015702,,ATT-015702,2026-08-11 04:18:00,WEATHER_CANCELLATION,14551,中止となった公演に関する払戻条件を確認したい。,PENDING
RFD-000895,TKT-018680,,ATT-018680,2026-08-10 01:23:00,WEATHER_CANCELLATION,8057,中止となった公演に関する払戻条件を確認したい。,PENDING
RFD-000896,TKT-016669,,ATT-016669,2026-08-13 05:32:00,WEATHER_CANCELLATION,18166,中止となった公演に関する払戻条件を確認したい。,PENDING
RFD-000897,TKT-019966,,ATT-019966,2026-08-13 10:36:00,WEATHER_CANCELLATION,3722,中止となった公演に関する払戻条件を確認したい。,PENDING
RFD-000898,TKT-020000,,ATT-020000,2026-08-11 22:24:00,WEATHER_CANCELLATION,14438,中止となった公演に関する払戻条件を確認したい。,PENDING
RFD-000899,TKT-018658,,ATT-018658,2026-08-10 12:56:00,WEATHER_CANCELLATION,13210,中止となった公演に関する払戻条件を確認したい。,PENDING
RFD-000900,TKT-017118,,ATT-017118,2026-08-14 19:33:00,WEATHER_CANCELLATION,2906,中止となった公演に関する払戻条件を確認したい。,PENDING
RFD-000901,TKT-003973,,ATT-003973,2026-08-11 23:07:00,WEATHER_CANCELLATION,21019,中止となった公演に関する払戻条件を確認したい。,PENDING
RFD-000902,TKT-004683,,ATT-004683,2026-08-13 03:15:00,WEATHER_CANCELLATION,34429,中止となった公演に関する払戻条件を確認したい。,PENDING
RFD-000903,TKT-000565,,ATT-000565,2026-08-13 16:58:00,WEATHER_CANCELLATION,4702,中止となった公演に関する払戻条件を確認したい。,PENDING
RFD-000904,TKT-003376,,ATT-003376,2026-08-12 23:44:00,WEATHER_CANCELLATION,24562,中止となった公演に関する払戻条件を確認したい。,PENDING
RFD-000905,TKT-000042,,ATT-000042,2026-08-14 03:00:00,WEATHER_CANCELLATION,35906,中止となった公演に関する払戻条件を確認したい。,PENDING
RFD-000906,TKT-005286,,ATT-005286,2026-08-12 08:20:00,WEATHER_CANCELLATION,34223,中止となった公演に関する払戻条件を確認したい。,PENDING
RFD-000907,TKT-005251,,ATT-005251,2026-08-12 12:33:00,WEATHER_CANCELLATION,20134,中止となった公演に関する払戻条件を確認したい。,PENDING
RFD-000908,TKT-002363,,ATT-002363,2026-08-09 21:20:00,WEATHER_CANCELLATION,11754,中止となった公演に関する払戻条件を確認したい。,PENDING
RFD-000909,TKT-002128,,ATT-002128,2026-08-11 00:19:00,WEATHER_CANCELLATION,20921,中止となった公演に関する払戻条件を確認したい。,PENDING
RFD-000910,TKT-004614,,ATT-004614,2026-08-14 16:30:00,WEATHER_CANCELLATION,6717,中止となった公演に関する払戻条件を確認したい。,PENDING
RFD-000911,TKT-005719,,ATT-005719,2026-08-09 22:36:00,WEATHER_CANCELLATION,33071,中止となった公演に関する払戻条件を確認したい。,PENDING
RFD-000912,TKT-002383,,ATT-002383,2026-08-13 19:14:00,WEATHER_CANCELLATION,16380,中止となった公演に関する払戻条件を確認したい。,PENDING
RFD-000913,TKT-001974,,ATT-001974,2026-08-12 11:23:00,WEATHER_CANCELLATION,30236,中止となった公演に関する払戻条件を確認したい。,PENDING
RFD-000914,TKT-001863,,ATT-001863,2026-08-10 22:03:00,WEATHER_CANCELLATION,28374,中止となった公演に関する払戻条件を確認したい。,PENDING
RFD-000915,TKT-004184,,ATT-004184,2026-08-10 04:19:00,WEATHER_CANCELLATION,19426,中止となった公演に関する払戻条件を確認したい。,PENDING
RFD-000916,TKT-004421,,ATT-004421,2026-08-13 07:25:00,WEATHER_CANCELLATION,12691,中止となった公演に関する払戻条件を確認したい。,PENDING
RFD-000917,TKT-000595,,ATT-000595,2026-08-12 02:47:00,WEATHER_CANCELLATION,23043,中止となった公演に関する払戻条件を確認したい。,PENDING
RFD-000918,TKT-001260,,ATT-001260,2026-08-11 05:27:00,WEATHER_CANCELLATION,21976,中止となった公演に関する払戻条件を確認したい。,PENDING
RFD-000919,TKT-004342,,ATT-004342,2026-08-11 15:13:00,WEATHER_CANCELLATION,32879,中止となった公演に関する払戻条件を確認したい。,PENDING
RFD-000920,TKT-002918,,ATT-002918,2026-08-12 22:12:00,WEATHER_CANCELLATION,35019,中止となった公演に関する払戻条件を確認したい。,PENDING
RFD-000921,TKT-004307,,ATT-004307,2026-08-10 23:53:00,WEATHER_CANCELLATION,15637,中止となった公演に関する払戻条件を確認したい。,PENDING
RFD-000922,TKT-002060,,ATT-002060,2026-08-12 07:46:00,WEATHER_CANCELLATION,5559,中止となった公演に関する払戻条件を確認したい。,PENDING
RFD-000923,TKT-005721,,ATT-005721,2026-08-11 11:54:00,WEATHER_CANCELLATION,30534,中止となった公演に関する払戻条件を確認したい。,PENDING
RFD-000924,TKT-002897,,ATT-002897,2026-08-13 18:03:00,WEATHER_CANCELLATION,9244,中止となった公演に関する払戻条件を確認したい。,PENDING
RFD-000925,TKT-003680,,ATT-003680,2026-08-10 03:42:00,WEATHER_CANCELLATION,32442,中止となった公演に関する払戻条件を確認したい。,PENDING
RFD-000926,TKT-002149,,ATT-002149,2026-08-10 18:08:00,WEATHER_CANCELLATION,40938,中止となった公演に関する払戻条件を確認したい。,PENDING
RFD-000927,TKT-002791,,ATT-002791,2026-08-14 00:21:00,WEATHER_CANCELLATION,7645,中止となった公演に関する払戻条件を確認したい。,PENDING
RFD-000928,TKT-002799,,ATT-002799,2026-08-12 08:55:00,WEATHER_CANCELLATION,22638,中止となった公演に関する払戻条件を確認したい。,PENDING
RFD-000929,TKT-002142,,ATT-002142,2026-08-10 22:33:00,WEATHER_CANCELLATION,27696,中止となった公演に関する払戻条件を確認したい。,PENDING
RFD-000930,TKT-000054,,ATT-000054,2026-08-13 22:05:00,WEATHER_CANCELLATION,28169,中止となった公演に関する払戻条件を確認したい。,PENDING
RFD-000931,TKT-005464,,ATT-005464,2026-08-13 01:23:00,WEATHER_CANCELLATION,26841,中止となった公演に関する払戻条件を確認したい。,PENDING
RFD-000932,TKT-000261,,ATT-000261,2026-08-10 17:09:00,WEATHER_CANCELLATION,34573,中止となった公演に関する払戻条件を確認したい。,PENDING
RFD-000933,TKT-001615,,ATT-001615,2026-08-12 02:52:00,WEATHER_CANCELLATION,10203,中止となった公演に関する払戻条件を確認したい。,PENDING
RFD-000934,TKT-001985,,ATT-001985,2026-08-13 03:07:00,WEATHER_CANCELLATION,35064,中止となった公演に関する払戻条件を確認したい。,PENDING
RFD-000935,TKT-003453,,ATT-003453,2026-08-10 14:47:00,WEATHER_CANCELLATION,12347,中止となった公演に関する払戻条件を確認したい。,PENDING
RFD-000936,TKT-003222,,ATT-003222,2026-08-12 18:21:00,WEATHER_CANCELLATION,23218,中止となった公演に関する払戻条件を確認したい。,PENDING
RFD-000937,TKT-003299,,ATT-003299,2026-08-12 22:23:00,WEATHER_CANCELLATION,15294,中止となった公演に関する払戻条件を確認したい。,PENDING
RFD-000938,TKT-003088,,ATT-003088,2026-08-12 21:55:00,WEATHER_CANCELLATION,9324,中止となった公演に関する払戻条件を確認したい。,PENDING
RFD-000939,TKT-005402,,ATT-005402,2026-08-10 12:49:00,WEATHER_CANCELLATION,8656,中止となった公演に関する払戻条件を確認したい。,PENDING
RFD-000940,TKT-005623,,ATT-005623,2026-08-14 18:59:00,WEATHER_CANCELLATION,23955,中止となった公演に関する払戻条件を確認したい。,PENDING
RFD-000941,TKT-005013,,ATT-005013,2026-08-14 00:47:00,WEATHER_CANCELLATION,39613,中止となった公演に関する払戻条件を確認したい。,PENDING
RFD-000942,TKT-005443,,ATT-005443,2026-08-14 15:25:00,WEATHER_CANCELLATION,5314,中止となった公演に関する払戻条件を確認したい。,PENDING
RFD-000943,TKT-004631,,ATT-004631,2026-08-11 01:25:00,WEATHER_CANCELLATION,40868,中止となった公演に関する払戻条件を確認したい。,PENDING
RFD-000944,TKT-004946,,ATT-004946,2026-08-14 13:53:00,WEATHER_CANCELLATION,16307,中止となった公演に関する払戻条件を確認したい。,PENDING
RFD-000945,TKT-004481,,ATT-004481,2026-08-13 10:56:00,WEATHER_CANCELLATION,36238,中止となった公演に関する払戻条件を確認したい。,PENDING
RFD-000946,TKT-002310,,ATT-002310,2026-08-11 08:23:00,WEATHER_CANCELLATION,13322,中止となった公演に関する払戻条件を確認したい。,PENDING
RFD-000947,TKT-003985,,ATT-003985,2026-08-10 00:59:00,WEATHER_CANCELLATION,19935,中止となった公演に関する払戻条件を確認したい。,PENDING
RFD-000948,TKT-002110,,ATT-002110,2026-08-10 10:01:00,WEATHER_CANCELLATION,38908,中止となった公演に関する払戻条件を確認したい。,PENDING
RFD-000949,TKT-000941,,ATT-000941,2026-08-13 07:32:00,WEATHER_CANCELLATION,13960,中止となった公演に関する払戻条件を確認したい。,PENDING
RFD-000950,TKT-005167,,ATT-005167,2026-08-11 08:39:00,WEATHER_CANCELLATION,35297,中止となった公演に関する払戻条件を確認したい。,PENDING
RFD-000951,TKT-000554,,ATT-000554,2026-08-12 03:02:00,WEATHER_CANCELLATION,8626,中止となった公演に関する払戻条件を確認したい。,PENDING
RFD-000952,TKT-004197,,ATT-004197,2026-08-13 01:29:00,WEATHER_CANCELLATION,13611,中止となった公演に関する払戻条件を確認したい。,PENDING
RFD-000953,TKT-001784,,ATT-001784,2026-08-10 05:49:00,WEATHER_CANCELLATION,16301,中止となった公演に関する払戻条件を確認したい。,PENDING
RFD-000954,TKT-001795,,ATT-001795,2026-08-10 21:53:00,WEATHER_CANCELLATION,38663,中止となった公演に関する払戻条件を確認したい。,PENDING
RFD-000955,TKT-005960,,ATT-005960,2026-08-12 09:54:00,WEATHER_CANCELLATION,26223,中止となった公演に関する払戻条件を確認したい。,PENDING
RFD-000956,TKT-004311,,ATT-004311,2026-08-14 06:46:00,WEATHER_CANCELLATION,33924,中止となった公演に関する払戻条件を確認したい。,PENDING
RFD-000957,TKT-002675,,ATT-002675,2026-08-11 16:31:00,WEATHER_CANCELLATION,13334,中止となった公演に関する払戻条件を確認したい。,PENDING
RFD-000958,TKT-003632,,ATT-003632,2026-08-13 18:26:00,WEATHER_CANCELLATION,25622,中止となった公演に関する払戻条件を確認したい。,PENDING
RFD-000959,TKT-001228,,ATT-001228,2026-08-12 14:58:00,WEATHER_CANCELLATION,27510,中止となった公演に関する払戻条件を確認したい。,PENDING
RFD-000960,TKT-005919,,ATT-005919,2026-08-10 06:45:00,WEATHER_CANCELLATION,29519,中止となった公演に関する払戻条件を確認したい。,PENDING
RFD-000961,TKT-004221,,ATT-004221,2026-08-09 23:46:00,WEATHER_CANCELLATION,33231,中止となった公演に関する払戻条件を確認したい。,PENDING
RFD-000962,TKT-005365,,ATT-005365,2026-08-11 18:57:00,WEATHER_CANCELLATION,37560,中止となった公演に関する払戻条件を確認したい。,PENDING
RFD-000963,TKT-001902,,ATT-001902,2026-08-14 15:28:00,WEATHER_CANCELLATION,14561,中止となった公演に関する払戻条件を確認したい。,PENDING
RFD-000964,TKT-002500,,ATT-002500,2026-08-11 05:47:00,WEATHER_CANCELLATION,16187,中止となった公演に関する払戻条件を確認したい。,PENDING
RFD-000965,TKT-004042,,ATT-004042,2026-08-11 21:42:00,WEATHER_CANCELLATION,28392,中止となった公演に関する払戻条件を確認したい。,PENDING
RFD-000966,TKT-005467,,ATT-005467,2026-08-12 01:17:00,WEATHER_CANCELLATION,5601,中止となった公演に関する払戻条件を確認したい。,PENDING
RFD-000967,TKT-002115,,ATT-002115,2026-08-10 08:40:00,WEATHER_CANCELLATION,32408,中止となった公演に関する払戻条件を確認したい。,PENDING
RFD-000968,TKT-003638,,ATT-003638,2026-08-10 16:30:00,WEATHER_CANCELLATION,22238,中止となった公演に関する払戻条件を確認したい。,PENDING
RFD-000969,TKT-005366,,ATT-005366,2026-08-13 02:35:00,WEATHER_CANCELLATION,12093,中止となった公演に関する払戻条件を確認したい。,PENDING
RFD-000970,TKT-004744,,ATT-004744,2026-08-12 00:49:00,WEATHER_CANCELLATION,30816,中止となった公演に関する払戻条件を確認したい。,PENDING
RFD-000971,TKT-002057,,ATT-002057,2026-08-13 21:07:00,WEATHER_CANCELLATION,22769,中止となった公演に関する払戻条件を確認したい。,PENDING
RFD-000972,TKT-000864,,ATT-000864,2026-08-10 16:56:00,WEATHER_CANCELLATION,5639,中止となった公演に関する払戻条件を確認したい。,PENDING
RFD-000973,TKT-005755,,ATT-005755,2026-08-11 20:49:00,WEATHER_CANCELLATION,20580,中止となった公演に関する払戻条件を確認したい。,PENDING
RFD-000974,TKT-004797,,ATT-004797,2026-08-13 05:20:00,WEATHER_CANCELLATION,13994,中止となった公演に関する払戻条件を確認したい。,PENDING
RFD-000975,TKT-001274,,ATT-001274,2026-08-14 06:37:00,WEATHER_CANCELLATION,23479,中止となった公演に関する払戻条件を確認したい。,PENDING
RFD-000976,TKT-002841,,ATT-002841,2026-08-12 23:21:00,WEATHER_CANCELLATION,16111,中止となった公演に関する払戻条件を確認したい。,PENDING
RFD-000977,TKT-003326,,ATT-003326,2026-08-12 10:38:00,WEATHER_CANCELLATION,23593,中止となった公演に関する払戻条件を確認したい。,PENDING
RFD-000978,TKT-000519,,ATT-000519,2026-08-12 12:04:00,WEATHER_CANCELLATION,24036,中止となった公演に関する払戻条件を確認したい。,PENDING
RFD-000979,TKT-000594,,ATT-000594,2026-08-10 15:58:00,WEATHER_CANCELLATION,4976,中止となった公演に関する払戻条件を確認したい。,PENDING
RFD-000980,TKT-004783,,ATT-004783,2026-08-10 20:28:00,WEATHER_CANCELLATION,23528,中止となった公演に関する払戻条件を確認したい。,PENDING
RFD-000981,TKT-004803,,ATT-004803,2026-08-14 10:10:00,WEATHER_CANCELLATION,14861,中止となった公演に関する払戻条件を確認したい。,PENDING
RFD-000982,TKT-003499,,ATT-003499,2026-08-14 17:34:00,WEATHER_CANCELLATION,11483,中止となった公演に関する払戻条件を確認したい。,PENDING
RFD-000983,TKT-004159,,ATT-004159,2026-08-11 02:09:00,WEATHER_CANCELLATION,8679,中止となった公演に関する払戻条件を確認したい。,PENDING
RFD-000984,TKT-002300,,ATT-002300,2026-08-14 12:10:00,WEATHER_CANCELLATION,21862,中止となった公演に関する払戻条件を確認したい。,PENDING
RFD-000985,TKT-002728,,ATT-002728,2026-08-10 17:40:00,WEATHER_CANCELLATION,35274,中止となった公演に関する払戻条件を確認したい。,PENDING
RFD-000986,TKT-001647,,ATT-001647,2026-08-14 03:34:00,WEATHER_CANCELLATION,8180,中止となった公演に関する払戻条件を確認したい。,PENDING
RFD-000987,TKT-004633,,ATT-004633,2026-08-11 05:38:00,WEATHER_CANCELLATION,17831,中止となった公演に関する払戻条件を確認したい。,PENDING
RFD-000988,TKT-005324,,ATT-005324,2026-08-11 18:12:00,WEATHER_CANCELLATION,28954,中止となった公演に関する払戻条件を確認したい。,PENDING
RFD-000989,TKT-000513,,ATT-000513,2026-08-13 11:38:00,WEATHER_CANCELLATION,12008,中止となった公演に関する払戻条件を確認したい。,PENDING
RFD-000990,TKT-002722,,ATT-002722,2026-08-10 20:36:00,WEATHER_CANCELLATION,26035,中止となった公演に関する払戻条件を確認したい。,PENDING
RFD-000991,TKT-002251,,ATT-002251,2026-08-10 12:20:00,WEATHER_CANCELLATION,19453,中止となった公演に関する払戻条件を確認したい。,PENDING
RFD-000992,TKT-002121,,ATT-002121,2026-08-13 13:29:00,WEATHER_CANCELLATION,21388,中止となった公演に関する払戻条件を確認したい。,PENDING
RFD-000993,TKT-003753,,ATT-003753,2026-08-13 11:06:00,WEATHER_CANCELLATION,24551,中止となった公演に関する払戻条件を確認したい。,PENDING
RFD-000994,TKT-000268,,ATT-000268,2026-08-11 04:03:00,WEATHER_CANCELLATION,16195,中止となった公演に関する払戻条件を確認したい。,PENDING
RFD-000995,TKT-000001,,ATT-000001,2026-08-13 04:54:00,WEATHER_CANCELLATION,38876,中止となった公演に関する払戻条件を確認したい。,PENDING
RFD-000996,TKT-001359,,ATT-001359,2026-08-11 19:30:00,WEATHER_CANCELLATION,30194,中止となった公演に関する払戻条件を確認したい。,PENDING
RFD-000997,TKT-003804,,ATT-003804,2026-08-12 00:52:00,WEATHER_CANCELLATION,24008,中止となった公演に関する払戻条件を確認したい。,PENDING
RFD-000998,TKT-004970,,ATT-004970,2026-08-10 22:53:00,WEATHER_CANCELLATION,27138,中止となった公演に関する払戻条件を確認したい。,PENDING
RFD-000999,TKT-003679,,ATT-003679,2026-08-10 23:57:00,WEATHER_CANCELLATION,21262,中止となった公演に関する払戻条件を確認したい。,PENDING
RFD-001000,TKT-000816,,ATT-000816,2026-08-12 19:39:00,WEATHER_CANCELLATION,26120,中止となった公演に関する払戻条件を確認したい。,PENDING
RFD-001001,TKT-004676,,ATT-004676,2026-08-11 12:48:00,WEATHER_CANCELLATION,9494,中止となった公演に関する払戻条件を確認したい。,PENDING
RFD-001002,TKT-005357,,ATT-005357,2026-08-13 02:02:00,WEATHER_CANCELLATION,23289,中止となった公演に関する払戻条件を確認したい。,PENDING
RFD-001003,TKT-001586,,ATT-001586,2026-08-10 17:41:00,WEATHER_CANCELLATION,31859,中止となった公演に関する払戻条件を確認したい。,PENDING
RFD-001004,TKT-002217,,ATT-002217,2026-08-10 23:08:00,WEATHER_CANCELLATION,31773,中止となった公演に関する払戻条件を確認したい。,PENDING
RFD-001005,TKT-003929,,ATT-003929,2026-08-13 19:51:00,WEATHER_CANCELLATION,18262,中止となった公演に関する払戻条件を確認したい。,PENDING
RFD-001006,TKT-003518,,ATT-003518,2026-08-11 21:50:00,WEATHER_CANCELLATION,39711,中止となった公演に関する払戻条件を確認したい。,PENDING
RFD-001007,TKT-003538,,ATT-003538,2026-08-10 18:41:00,WEATHER_CANCELLATION,37849,中止となった公演に関する払戻条件を確認したい。,PENDING
RFD-001008,TKT-000043,,ATT-000043,2026-08-13 16:15:00,WEATHER_CANCELLATION,37305,中止となった公演に関する払戻条件を確認したい。,PENDING
RFD-001009,TKT-003330,,ATT-003330,2026-08-14 12:44:00,WEATHER_CANCELLATION,36569,中止となった公演に関する払戻条件を確認したい。,PENDING
RFD-001010,TKT-000002,,ATT-000002,2026-08-10 13:59:00,WEATHER_CANCELLATION,10756,中止となった公演に関する払戻条件を確認したい。,PENDING
RFD-001011,TKT-001773,,ATT-001773,2026-08-14 13:46:00,WEATHER_CANCELLATION,33321,中止となった公演に関する払戻条件を確認したい。,PENDING
RFD-001012,TKT-003878,,ATT-003878,2026-08-10 17:30:00,WEATHER_CANCELLATION,21712,中止となった公演に関する払戻条件を確認したい。,PENDING
RFD-001013,TKT-001050,,ATT-001050,2026-08-10 00:14:00,WEATHER_CANCELLATION,10229,中止となった公演に関する払戻条件を確認したい。,PENDING
RFD-001014,TKT-002904,,ATT-002904,2026-08-14 07:37:00,WEATHER_CANCELLATION,41142,中止となった公演に関する払戻条件を確認したい。,PENDING
RFD-001015,TKT-001195,,ATT-001195,2026-08-10 19:05:00,WEATHER_CANCELLATION,9038,中止となった公演に関する払戻条件を確認したい。,PENDING
RFD-001016,TKT-005202,,ATT-005202,2026-08-14 04:47:00,WEATHER_CANCELLATION,6885,中止となった公演に関する払戻条件を確認したい。,PENDING
RFD-001017,TKT-004190,,ATT-004190,2026-08-13 11:23:00,WEATHER_CANCELLATION,40604,中止となった公演に関する払戻条件を確認したい。,PENDING
RFD-001018,TKT-004895,,ATT-004895,2026-08-11 01:57:00,WEATHER_CANCELLATION,15107,中止となった公演に関する払戻条件を確認したい。,PENDING
RFD-001019,TKT-000725,,ATT-000725,2026-08-12 10:11:00,WEATHER_CANCELLATION,36661,中止となった公演に関する払戻条件を確認したい。,PENDING
RFD-001020,TKT-001428,,ATT-001428,2026-08-14 14:07:00,WEATHER_CANCELLATION,24378,中止となった公演に関する払戻条件を確認したい。,PENDING
RFD-001021,TKT-001229,,ATT-001229,2026-08-13 15:47:00,WEATHER_CANCELLATION,36240,中止となった公演に関する払戻条件を確認したい。,PENDING
RFD-001022,TKT-003406,,ATT-003406,2026-08-10 23:35:00,WEATHER_CANCELLATION,25534,中止となった公演に関する払戻条件を確認したい。,PENDING
RFD-001023,TKT-005001,,ATT-005001,2026-08-13 01:00:00,WEATHER_CANCELLATION,32676,中止となった公演に関する払戻条件を確認したい。,PENDING
RFD-001024,TKT-005793,,ATT-005793,2026-08-11 07:53:00,WEATHER_CANCELLATION,4202,中止となった公演に関する払戻条件を確認したい。,PENDING
RFD-001025,TKT-004499,,ATT-004499,2026-08-10 20:25:00,WEATHER_CANCELLATION,20751,中止となった公演に関する払戻条件を確認したい。,PENDING
RFD-001026,TKT-003044,,ATT-003044,2026-08-11 10:07:00,WEATHER_CANCELLATION,40274,中止となった公演に関する払戻条件を確認したい。,PENDING
RFD-001027,TKT-001129,,ATT-001129,2026-08-11 08:15:00,WEATHER_CANCELLATION,26325,中止となった公演に関する払戻条件を確認したい。,PENDING
RFD-001028,TKT-005748,,ATT-005748,2026-08-10 18:59:00,WEATHER_CANCELLATION,35006,中止となった公演に関する払戻条件を確認したい。,PENDING
RFD-001029,TKT-003740,,ATT-003740,2026-08-13 06:30:00,WEATHER_CANCELLATION,36490,中止となった公演に関する払戻条件を確認したい。,PENDING
RFD-001030,TKT-003144,,ATT-003144,2026-08-14 14:58:00,WEATHER_CANCELLATION,15144,中止となった公演に関する払戻条件を確認したい。,PENDING
RFD-001031,TKT-004543,,ATT-004543,2026-08-11 01:08:00,WEATHER_CANCELLATION,9609,中止となった公演に関する払戻条件を確認したい。,PENDING
RFD-001032,TKT-000763,,ATT-000763,2026-08-13 05:30:00,WEATHER_CANCELLATION,32493,中止となった公演に関する払戻条件を確認したい。,PENDING
RFD-001033,TKT-005965,,ATT-005965,2026-08-14 09:56:00,WEATHER_CANCELLATION,28998,中止となった公演に関する払戻条件を確認したい。,PENDING
RFD-001034,TKT-002299,,ATT-002299,2026-08-10 20:10:00,WEATHER_CANCELLATION,16761,中止となった公演に関する払戻条件を確認したい。,PENDING
RFD-001035,TKT-001056,,ATT-001056,2026-08-13 23:47:00,WEATHER_CANCELLATION,19438,中止となった公演に関する払戻条件を確認したい。,PENDING
RFD-001036,TKT-004882,,ATT-004882,2026-08-14 17:47:00,WEATHER_CANCELLATION,37511,中止となった公演に関する払戻条件を確認したい。,PENDING
RFD-001037,TKT-005059,,ATT-005059,2026-08-13 18:35:00,WEATHER_CANCELLATION,35753,中止となった公演に関する払戻条件を確認したい。,PENDING
RFD-001038,TKT-001778,,ATT-001778,2026-08-13 07:15:00,WEATHER_CANCELLATION,20700,中止となった公演に関する払戻条件を確認したい。,PENDING
RFD-001039,TKT-004899,,ATT-004899,2026-08-10 08:33:00,WEATHER_CANCELLATION,15542,中止となった公演に関する払戻条件を確認したい。,PENDING
RFD-001040,TKT-000212,,ATT-000212,2026-08-14 12:13:00,WEATHER_CANCELLATION,25047,中止となった公演に関する払戻条件を確認したい。,PENDING
RFD-001041,TKT-001452,,ATT-001452,2026-08-13 22:38:00,WEATHER_CANCELLATION,11575,中止となった公演に関する払戻条件を確認したい。,PENDING
RFD-001042,TKT-005146,,ATT-005146,2026-08-12 23:27:00,WEATHER_CANCELLATION,35839,中止となった公演に関する払戻条件を確認したい。,PENDING
RFD-001043,TKT-005939,,ATT-005939,2026-08-12 06:59:00,WEATHER_CANCELLATION,13834,中止となった公演に関する払戻条件を確認したい。,PENDING
RFD-001044,TKT-002913,,ATT-002913,2026-08-10 08:30:00,WEATHER_CANCELLATION,17044,中止となった公演に関する払戻条件を確認したい。,PENDING
RFD-001045,TKT-003831,,ATT-003831,2026-08-10 10:47:00,WEATHER_CANCELLATION,7569,中止となった公演に関する払戻条件を確認したい。,PENDING
RFD-001046,TKT-005766,,ATT-005766,2026-08-13 23:49:00,WEATHER_CANCELLATION,12446,中止となった公演に関する払戻条件を確認したい。,PENDING
RFD-001047,TKT-005106,,ATT-005106,2026-08-10 13:44:00,WEATHER_CANCELLATION,28590,中止となった公演に関する払戻条件を確認したい。,PENDING
RFD-001048,TKT-002269,,ATT-002269,2026-08-14 15:42:00,WEATHER_CANCELLATION,6788,中止となった公演に関する払戻条件を確認したい。,PENDING
RFD-001049,TKT-003633,,ATT-003633,2026-08-12 13:42:00,WEATHER_CANCELLATION,38772,中止となった公演に関する払戻条件を確認したい。,PENDING
RFD-001050,TKT-001545,,ATT-001545,2026-08-14 11:37:00,WEATHER_CANCELLATION,10951,中止となった公演に関する払戻条件を確認したい。,PENDING
RFD-001051,TKT-002117,,ATT-002117,2026-08-13 12:37:00,WEATHER_CANCELLATION,32459,中止となった公演に関する払戻条件を確認したい。,PENDING
RFD-001052,TKT-004748,,ATT-004748,2026-08-11 13:23:00,WEATHER_CANCELLATION,28375,中止となった公演に関する払戻条件を確認したい。,PENDING
RFD-001053,TKT-000404,,ATT-000404,2026-08-12 20:52:00,WEATHER_CANCELLATION,24277,中止となった公演に関する払戻条件を確認したい。,PENDING
RFD-001054,TKT-005240,,ATT-005240,2026-08-10 17:13:00,WEATHER_CANCELLATION,21327,中止となった公演に関する払戻条件を確認したい。,PENDING
RFD-001055,TKT-004901,,ATT-004901,2026-08-14 12:30:00,WEATHER_CANCELLATION,7239,中止となった公演に関する払戻条件を確認したい。,PENDING
RFD-001056,TKT-001753,,ATT-001753,2026-08-10 08:30:00,WEATHER_CANCELLATION,18507,中止となった公演に関する払戻条件を確認したい。,PENDING
RFD-001057,TKT-000641,,ATT-000641,2026-08-10 00:56:00,WEATHER_CANCELLATION,15158,中止となった公演に関する払戻条件を確認したい。,PENDING
RFD-001058,TKT-002242,,ATT-002242,2026-08-11 03:57:00,WEATHER_CANCELLATION,34853,中止となった公演に関する払戻条件を確認したい。,PENDING
RFD-001059,TKT-004690,,ATT-004690,2026-08-14 07:42:00,WEATHER_CANCELLATION,37966,中止となった公演に関する払戻条件を確認したい。,PENDING
RFD-001060,TKT-004374,,ATT-004374,2026-08-10 12:09:00,WEATHER_CANCELLATION,21141,中止となった公演に関する払戻条件を確認したい。,PENDING
RFD-001061,TKT-005230,,ATT-005230,2026-08-10 09:38:00,WEATHER_CANCELLATION,18534,中止となった公演に関する払戻条件を確認したい。,PENDING
RFD-001062,TKT-005563,,ATT-005563,2026-08-13 22:55:00,WEATHER_CANCELLATION,12498,中止となった公演に関する払戻条件を確認したい。,PENDING
RFD-001063,TKT-002838,,ATT-002838,2026-08-10 14:50:00,WEATHER_CANCELLATION,29242,中止となった公演に関する払戻条件を確認したい。,PENDING
RFD-001064,TKT-002647,,ATT-002647,2026-08-12 04:59:00,WEATHER_CANCELLATION,36791,中止となった公演に関する払戻条件を確認したい。,PENDING
RFD-001065,TKT-005444,,ATT-005444,2026-08-14 18:25:00,WEATHER_CANCELLATION,20031,中止となった公演に関する払戻条件を確認したい。,PENDING
RFD-001066,TKT-005485,,ATT-005485,2026-08-14 08:57:00,WEATHER_CANCELLATION,16799,中止となった公演に関する払戻条件を確認したい。,PENDING
RFD-001067,TKT-003520,,ATT-003520,2026-08-13 01:20:00,WEATHER_CANCELLATION,7683,中止となった公演に関する払戻条件を確認したい。,PENDING
RFD-001068,TKT-002288,,ATT-002288,2026-08-12 03:03:00,WEATHER_CANCELLATION,38497,中止となった公演に関する払戻条件を確認したい。,PENDING
RFD-001069,TKT-000577,,ATT-000577,2026-08-10 05:58:00,WEATHER_CANCELLATION,9938,中止となった公演に関する払戻条件を確認したい。,PENDING
RFD-001070,TKT-002990,,ATT-002990,2026-08-14 04:31:00,WEATHER_CANCELLATION,23883,中止となった公演に関する払戻条件を確認したい。,PENDING
RFD-001071,TKT-002089,,ATT-002089,2026-08-13 07:40:00,WEATHER_CANCELLATION,21318,中止となった公演に関する払戻条件を確認したい。,PENDING
RFD-001072,TKT-004138,,ATT-004138,2026-08-11 19:46:00,WEATHER_CANCELLATION,24618,中止となった公演に関する払戻条件を確認したい。,PENDING
RFD-001073,TKT-003010,,ATT-003010,2026-08-12 12:12:00,WEATHER_CANCELLATION,33942,中止となった公演に関する払戻条件を確認したい。,PENDING
RFD-001074,TKT-001212,,ATT-001212,2026-08-10 21:55:00,WEATHER_CANCELLATION,11893,中止となった公演に関する払戻条件を確認したい。,PENDING
RFD-001075,TKT-001033,,ATT-001033,2026-08-11 20:25:00,WEATHER_CANCELLATION,18935,中止となった公演に関する払戻条件を確認したい。,PENDING
RFD-001076,TKT-000717,,ATT-000717,2026-08-12 20:56:00,WEATHER_CANCELLATION,23794,中止となった公演に関する払戻条件を確認したい。,PENDING
RFD-001077,TKT-001441,,ATT-001441,2026-08-11 06:43:00,WEATHER_CANCELLATION,26394,中止となった公演に関する払戻条件を確認したい。,PENDING
RFD-001078,TKT-005465,,ATT-005465,2026-08-12 16:43:00,WEATHER_CANCELLATION,37955,中止となった公演に関する払戻条件を確認したい。,PENDING
RFD-001079,TKT-005437,,ATT-005437,2026-08-13 23:29:00,WEATHER_CANCELLATION,10504,中止となった公演に関する払戻条件を確認したい。,PENDING
RFD-001080,TKT-001975,,ATT-001975,2026-08-11 21:14:00,WEATHER_CANCELLATION,33479,中止となった公演に関する払戻条件を確認したい。,PENDING
RFD-001081,TKT-005806,,ATT-005806,2026-08-10 15:52:00,WEATHER_CANCELLATION,13224,中止となった公演に関する払戻条件を確認したい。,PENDING
RFD-001082,TKT-004468,,ATT-004468,2026-08-11 07:22:00,WEATHER_CANCELLATION,27209,中止となった公演に関する払戻条件を確認したい。,PENDING
RFD-001083,TKT-005304,,ATT-005304,2026-08-13 11:12:00,WEATHER_CANCELLATION,16402,中止となった公演に関する払戻条件を確認したい。,PENDING
RFD-001084,TKT-005479,,ATT-005479,2026-08-14 02:49:00,WEATHER_CANCELLATION,24330,中止となった公演に関する払戻条件を確認したい。,PENDING
RFD-001085,TKT-004275,,ATT-004275,2026-08-11 19:54:00,WEATHER_CANCELLATION,35805,中止となった公演に関する払戻条件を確認したい。,PENDING
RFD-001086,TKT-005378,,ATT-005378,2026-08-13 16:25:00,WEATHER_CANCELLATION,14944,中止となった公演に関する払戻条件を確認したい。,PENDING
RFD-001087,TKT-003408,,ATT-003408,2026-08-12 16:15:00,WEATHER_CANCELLATION,21301,中止となった公演に関する払戻条件を確認したい。,PENDING
RFD-001088,TKT-005373,,ATT-005373,2026-08-13 06:57:00,WEATHER_CANCELLATION,31216,中止となった公演に関する払戻条件を確認したい。,PENDING
RFD-001089,TKT-005823,,ATT-005823,2026-08-11 11:55:00,WEATHER_CANCELLATION,40634,中止となった公演に関する払戻条件を確認したい。,PENDING
RFD-001090,TKT-004723,,ATT-004723,2026-08-12 16:52:00,WEATHER_CANCELLATION,17960,中止となった公演に関する払戻条件を確認したい。,PENDING
RFD-001091,TKT-002948,,ATT-002948,2026-08-12 23:21:00,WEATHER_CANCELLATION,22005,中止となった公演に関する払戻条件を確認したい。,PENDING
RFD-001092,TKT-001890,,ATT-001890,2026-08-14 01:35:00,WEATHER_CANCELLATION,26289,中止となった公演に関する払戻条件を確認したい。,PENDING
RFD-001093,TKT-005861,,ATT-005861,2026-08-14 15:22:00,WEATHER_CANCELLATION,41945,中止となった公演に関する払戻条件を確認したい。,PENDING
RFD-001094,TKT-005530,,ATT-005530,2026-08-10 13:44:00,WEATHER_CANCELLATION,13987,中止となった公演に関する払戻条件を確認したい。,PENDING
RFD-001095,TKT-004312,,ATT-004312,2026-08-14 15:52:00,WEATHER_CANCELLATION,31497,中止となった公演に関する払戻条件を確認したい。,PENDING
RFD-001096,TKT-005065,,ATT-005065,2026-08-13 23:32:00,WEATHER_CANCELLATION,10906,中止となった公演に関する払戻条件を確認したい。,PENDING
RFD-001097,TKT-005153,,ATT-005153,2026-08-12 03:12:00,WEATHER_CANCELLATION,20234,中止となった公演に関する払戻条件を確認したい。,PENDING
RFD-001098,TKT-004249,,ATT-004249,2026-08-10 05:34:00,WEATHER_CANCELLATION,19686,中止となった公演に関する払戻条件を確認したい。,PENDING
RFD-001099,TKT-004730,,ATT-004730,2026-08-13 16:12:00,WEATHER_CANCELLATION,16192,中止となった公演に関する払戻条件を確認したい。,PENDING
RFD-001100,TKT-004846,,ATT-004846,2026-08-09 22:23:00,WEATHER_CANCELLATION,33166,中止となった公演に関する払戻条件を確認したい。,PENDING
RFD-001101,TKT-005962,,ATT-005962,2026-08-11 07:56:00,WEATHER_CANCELLATION,18648,中止となった公演に関する払戻条件を確認したい。,PENDING
RFD-001102,TKT-005297,,ATT-005297,2026-08-11 23:42:00,WEATHER_CANCELLATION,40621,中止となった公演に関する払戻条件を確認したい。,PENDING
RFD-001103,TKT-004470,,ATT-004470,2026-08-14 09:27:00,WEATHER_CANCELLATION,10517,中止となった公演に関する払戻条件を確認したい。,PENDING
RFD-001104,TKT-005038,,ATT-005038,2026-08-13 02:46:00,WEATHER_CANCELLATION,7329,中止となった公演に関する払戻条件を確認したい。,PENDING
RFD-001105,TKT-004920,,ATT-004920,2026-08-14 01:47:00,WEATHER_CANCELLATION,8929,中止となった公演に関する払戻条件を確認したい。,PENDING
RFD-001106,TKT-000974,,ATT-000974,2026-08-11 18:40:00,WEATHER_CANCELLATION,30092,中止となった公演に関する払戻条件を確認したい。,PENDING
RFD-001107,TKT-000085,,ATT-000085,2026-08-14 07:47:00,WEATHER_CANCELLATION,22111,中止となった公演に関する払戻条件を確認したい。,PENDING
RFD-001108,TKT-005548,,ATT-005548,2026-08-10 12:21:00,WEATHER_CANCELLATION,20622,中止となった公演に関する払戻条件を確認したい。,PENDING
RFD-001109,TKT-002277,,ATT-002277,2026-08-12 05:05:00,WEATHER_CANCELLATION,38439,中止となった公演に関する払戻条件を確認したい。,PENDING
RFD-001110,TKT-000904,,ATT-000904,2026-08-11 23:58:00,WEATHER_CANCELLATION,39763,中止となった公演に関する払戻条件を確認したい。,PENDING
RFD-001111,TKT-004058,,ATT-004058,2026-08-12 09:53:00,WEATHER_CANCELLATION,26014,中止となった公演に関する払戻条件を確認したい。,PENDING
RFD-001112,TKT-002278,,ATT-002278,2026-08-10 20:03:00,WEATHER_CANCELLATION,19819,中止となった公演に関する払戻条件を確認したい。,PENDING
RFD-001113,TKT-002162,,ATT-002162,2026-08-14 02:25:00,WEATHER_CANCELLATION,32483,中止となった公演に関する払戻条件を確認したい。,PENDING
RFD-001114,TKT-004907,,ATT-004907,2026-08-10 01:01:00,WEATHER_CANCELLATION,21754,中止となった公演に関する払戻条件を確認したい。,PENDING
RFD-001115,TKT-002107,,ATT-002107,2026-08-10 17:19:00,WEATHER_CANCELLATION,26644,中止となった公演に関する払戻条件を確認したい。,PENDING
RFD-001116,TKT-005427,,ATT-005427,2026-08-12 10:17:00,WEATHER_CANCELLATION,30376,中止となった公演に関する払戻条件を確認したい。,PENDING
RFD-001117,TKT-005573,,ATT-005573,2026-08-12 01:15:00,WEATHER_CANCELLATION,35553,中止となった公演に関する払戻条件を確認したい。,PENDING
RFD-001118,TKT-001231,,ATT-001231,2026-08-11 11:07:00,WEATHER_CANCELLATION,38650,中止となった公演に関する払戻条件を確認したい。,PENDING
RFD-001119,TKT-001042,,ATT-001042,2026-08-11 07:58:00,WEATHER_CANCELLATION,35026,中止となった公演に関する払戻条件を確認したい。,PENDING
RFD-001120,TKT-001564,,ATT-001564,2026-08-11 11:53:00,WEATHER_CANCELLATION,9760,中止となった公演に関する払戻条件を確認したい。,PENDING
RFD-001121,TKT-005906,,ATT-005906,2026-08-11 05:48:00,WEATHER_CANCELLATION,34421,中止となった公演に関する払戻条件を確認したい。,PENDING
RFD-001122,TKT-004686,,ATT-004686,2026-08-14 04:39:00,WEATHER_CANCELLATION,41288,中止となった公演に関する払戻条件を確認したい。,PENDING
RFD-001123,TKT-005687,,ATT-005687,2026-08-12 21:50:00,WEATHER_CANCELLATION,13573,中止となった公演に関する払戻条件を確認したい。,PENDING
RFD-001124,TKT-003694,,ATT-003694,2026-08-12 17:44:00,WEATHER_CANCELLATION,34744,中止となった公演に関する払戻条件を確認したい。,PENDING
RFD-001125,TKT-005248,,ATT-005248,2026-08-14 02:36:00,WEATHER_CANCELLATION,38262,中止となった公演に関する払戻条件を確認したい。,PENDING
RFD-001126,TKT-004313,,ATT-004313,2026-08-13 00:14:00,WEATHER_CANCELLATION,29893,中止となった公演に関する払戻条件を確認したい。,PENDING
RFD-001127,TKT-004256,,ATT-004256,2026-08-12 23:01:00,WEATHER_CANCELLATION,37276,中止となった公演に関する払戻条件を確認したい。,PENDING
RFD-001128,TKT-000266,,ATT-000266,2026-08-12 09:28:00,WEATHER_CANCELLATION,19302,中止となった公演に関する払戻条件を確認したい。,PENDING
RFD-001129,TKT-000807,,ATT-000807,2026-08-12 19:31:00,WEATHER_CANCELLATION,35282,中止となった公演に関する払戻条件を確認したい。,PENDING
RFD-001130,TKT-000981,,ATT-000981,2026-08-10 16:59:00,WEATHER_CANCELLATION,39487,中止となった公演に関する払戻条件を確認したい。,PENDING
RFD-001131,TKT-000824,,ATT-000824,2026-08-13 09:07:00,WEATHER_CANCELLATION,35038,中止となった公演に関する払戻条件を確認したい。,PENDING
RFD-001132,TKT-005705,,ATT-005705,2026-08-14 05:42:00,WEATHER_CANCELLATION,5290,中止となった公演に関する払戻条件を確認したい。,PENDING
RFD-001133,TKT-001094,,ATT-001094,2026-08-12 12:20:00,WEATHER_CANCELLATION,35968,中止となった公演に関する払戻条件を確認したい。,PENDING
RFD-001134,TKT-002554,,ATT-002554,2026-08-13 11:14:00,WEATHER_CANCELLATION,13051,中止となった公演に関する払戻条件を確認したい。,PENDING
RFD-001135,TKT-003855,,ATT-003855,2026-08-11 03:34:00,WEATHER_CANCELLATION,25084,中止となった公演に関する払戻条件を確認したい。,PENDING
RFD-001136,TKT-002171,,ATT-002171,2026-08-12 13:18:00,WEATHER_CANCELLATION,25433,中止となった公演に関する払戻条件を確認したい。,PENDING
RFD-001137,TKT-004091,,ATT-004091,2026-08-12 05:09:00,WEATHER_CANCELLATION,34953,中止となった公演に関する払戻条件を確認したい。,PENDING
RFD-001138,TKT-005513,,ATT-005513,2026-08-10 10:39:00,WEATHER_CANCELLATION,21315,中止となった公演に関する払戻条件を確認したい。,PENDING
RFD-001139,TKT-004317,,ATT-004317,2026-08-11 05:51:00,WEATHER_CANCELLATION,40893,中止となった公演に関する払戻条件を確認したい。,PENDING
RFD-001140,TKT-000133,,ATT-000133,2026-08-12 11:15:00,WEATHER_CANCELLATION,21981,中止となった公演に関する払戻条件を確認したい。,PENDING
RFD-001141,TKT-003036,,ATT-003036,2026-08-14 10:03:00,WEATHER_CANCELLATION,7805,中止となった公演に関する払戻条件を確認したい。,PENDING
RFD-001142,TKT-004431,,ATT-004431,2026-08-11 04:03:00,WEATHER_CANCELLATION,8082,中止となった公演に関する払戻条件を確認したい。,PENDING
RFD-001143,TKT-003006,,ATT-003006,2026-08-11 19:00:00,WEATHER_CANCELLATION,34312,中止となった公演に関する払戻条件を確認したい。,PENDING
RFD-001144,TKT-003031,,ATT-003031,2026-08-14 06:39:00,WEATHER_CANCELLATION,25191,中止となった公演に関する払戻条件を確認したい。,PENDING
RFD-001145,TKT-000992,,ATT-000992,2026-08-10 23:18:00,WEATHER_CANCELLATION,13628,中止となった公演に関する払戻条件を確認したい。,PENDING
RFD-001146,TKT-000165,,ATT-000165,2026-08-13 20:45:00,WEATHER_CANCELLATION,37486,中止となった公演に関する払戻条件を確認したい。,PENDING
RFD-001147,TKT-000090,,ATT-000090,2026-08-11 09:52:00,WEATHER_CANCELLATION,13428,中止となった公演に関する払戻条件を確認したい。,PENDING
RFD-001148,TKT-003853,,ATT-003853,2026-08-13 17:41:00,WEATHER_CANCELLATION,19019,中止となった公演に関する払戻条件を確認したい。,PENDING
RFD-001149,TKT-004702,,ATT-004702,2026-08-12 01:53:00,WEATHER_CANCELLATION,20837,中止となった公演に関する払戻条件を確認したい。,PENDING
RFD-001150,TKT-002320,,ATT-002320,2026-08-12 11:24:00,WEATHER_CANCELLATION,19626,中止となった公演に関する払戻条件を確認したい。,PENDING
RFD-001151,TKT-000334,,ATT-000334,2026-08-09 20:06:00,WEATHER_CANCELLATION,8470,中止となった公演に関する払戻条件を確認したい。,PENDING
RFD-001152,TKT-002502,,ATT-002502,2026-08-13 10:33:00,WEATHER_CANCELLATION,25203,中止となった公演に関する払戻条件を確認したい。,PENDING
RFD-001153,TKT-000412,,ATT-000412,2026-08-11 10:53:00,WEATHER_CANCELLATION,12932,中止となった公演に関する払戻条件を確認したい。,PENDING
RFD-001154,TKT-002663,,ATT-002663,2026-08-10 11:24:00,WEATHER_CANCELLATION,37173,中止となった公演に関する払戻条件を確認したい。,PENDING
RFD-001155,TKT-005990,,ATT-005990,2026-08-11 03:08:00,WEATHER_CANCELLATION,16735,中止となった公演に関する払戻条件を確認したい。,PENDING
RFD-001156,TKT-005354,,ATT-005354,2026-08-14 08:51:00,WEATHER_CANCELLATION,16735,中止となった公演に関する払戻条件を確認したい。,PENDING
RFD-001157,TKT-000900,,ATT-000900,2026-08-11 10:12:00,WEATHER_CANCELLATION,16074,中止となった公演に関する払戻条件を確認したい。,PENDING
RFD-001158,TKT-000193,,ATT-000193,2026-08-12 10:15:00,WEATHER_CANCELLATION,4957,中止となった公演に関する払戻条件を確認したい。,PENDING
RFD-001159,TKT-001677,,ATT-001677,2026-08-13 06:22:00,WEATHER_CANCELLATION,37436,中止となった公演に関する払戻条件を確認したい。,PENDING
RFD-001160,TKT-002472,,ATT-002472,2026-08-10 04:48:00,WEATHER_CANCELLATION,25779,中止となった公演に関する払戻条件を確認したい。,PENDING
RFD-001161,TKT-003352,,ATT-003352,2026-08-13 03:25:00,WEATHER_CANCELLATION,6404,中止となった公演に関する払戻条件を確認したい。,PENDING
RFD-001162,TKT-004914,,ATT-004914,2026-08-13 00:23:00,WEATHER_CANCELLATION,19511,中止となった公演に関する払戻条件を確認したい。,PENDING
RFD-001163,TKT-005016,,ATT-005016,2026-08-12 18:23:00,WEATHER_CANCELLATION,26276,中止となった公演に関する払戻条件を確認したい。,PENDING
RFD-001164,TKT-005864,,ATT-005864,2026-08-12 05:33:00,WEATHER_CANCELLATION,32833,中止となった公演に関する払戻条件を確認したい。,PENDING
RFD-001165,TKT-004768,,ATT-004768,2026-08-11 16:36:00,WEATHER_CANCELLATION,41758,中止となった公演に関する払戻条件を確認したい。,PENDING
RFD-001166,TKT-002479,,ATT-002479,2026-08-10 03:59:00,WEATHER_CANCELLATION,19719,中止となった公演に関する払戻条件を確認したい。,PENDING
RFD-001167,TKT-004561,,ATT-004561,2026-08-14 15:23:00,WEATHER_CANCELLATION,27915,中止となった公演に関する払戻条件を確認したい。,PENDING
RFD-001168,TKT-000373,,ATT-000373,2026-08-12 10:53:00,WEATHER_CANCELLATION,31133,中止となった公演に関する払戻条件を確認したい。,PENDING
RFD-001169,TKT-002844,,ATT-002844,2026-08-12 18:52:00,WEATHER_CANCELLATION,18670,中止となった公演に関する払戻条件を確認したい。,PENDING
RFD-001170,TKT-004082,,ATT-004082,2026-08-10 12:50:00,WEATHER_CANCELLATION,8836,中止となった公演に関する払戻条件を確認したい。,PENDING
RFD-001171,TKT-002858,,ATT-002858,2026-08-11 17:54:00,WEATHER_CANCELLATION,9637,中止となった公演に関する払戻条件を確認したい。,PENDING
RFD-001172,TKT-002466,,ATT-002466,2026-08-11 09:03:00,WEATHER_CANCELLATION,23215,中止となった公演に関する払戻条件を確認したい。,PENDING
RFD-001173,TKT-005698,,ATT-005698,2026-08-14 05:44:00,WEATHER_CANCELLATION,37947,中止となった公演に関する払戻条件を確認したい。,PENDING
RFD-001174,TKT-003871,,ATT-003871,2026-08-10 21:50:00,WEATHER_CANCELLATION,34364,中止となった公演に関する払戻条件を確認したい。,PENDING
RFD-001175,TKT-003785,,ATT-003785,2026-08-11 21:13:00,WEATHER_CANCELLATION,4259,中止となった公演に関する払戻条件を確認したい。,PENDING
RFD-001176,TKT-005692,,ATT-005692,2026-08-13 20:13:00,WEATHER_CANCELLATION,31503,中止となった公演に関する払戻条件を確認したい。,PENDING
RFD-001177,TKT-000580,,ATT-000580,2026-08-09 20:46:00,WEATHER_CANCELLATION,38093,中止となった公演に関する払戻条件を確認したい。,PENDING
RFD-001178,TKT-005664,,ATT-005664,2026-08-12 01:04:00,WEATHER_CANCELLATION,5829,中止となった公演に関する払戻条件を確認したい。,PENDING
RFD-001179,TKT-000609,,ATT-000609,2026-08-13 00:38:00,WEATHER_CANCELLATION,36371,中止となった公演に関する払戻条件を確認したい。,PENDING
RFD-001180,TKT-003470,,ATT-003470,2026-08-14 04:38:00,WEATHER_CANCELLATION,21942,中止となった公演に関する払戻条件を確認したい。,PENDING
RFD-001181,TKT-003157,,ATT-003157,2026-08-11 06:25:00,WEATHER_CANCELLATION,36421,中止となった公演に関する払戻条件を確認したい。,PENDING
RFD-001182,TKT-000669,,ATT-000669,2026-08-13 22:48:00,WEATHER_CANCELLATION,26462,中止となった公演に関する払戻条件を確認したい。,PENDING
RFD-001183,TKT-005383,,ATT-005383,2026-08-14 16:35:00,WEATHER_CANCELLATION,28993,中止となった公演に関する払戻条件を確認したい。,PENDING
RFD-001184,TKT-000727,,ATT-000727,2026-08-10 06:44:00,WEATHER_CANCELLATION,28242,中止となった公演に関する払戻条件を確認したい。,PENDING
RFD-001185,TKT-003530,,ATT-003530,2026-08-09 21:13:00,WEATHER_CANCELLATION,6128,中止となった公演に関する払戻条件を確認したい。,PENDING
RFD-001186,TKT-004916,,ATT-004916,2026-08-12 10:45:00,WEATHER_CANCELLATION,34842,中止となった公演に関する払戻条件を確認したい。,PENDING
RFD-001187,TKT-003569,,ATT-003569,2026-08-12 21:26:00,WEATHER_CANCELLATION,36566,中止となった公演に関する払戻条件を確認したい。,PENDING
RFD-001188,TKT-001969,,ATT-001969,2026-08-12 13:42:00,WEATHER_CANCELLATION,12314,中止となった公演に関する払戻条件を確認したい。,PENDING
RFD-001189,TKT-001171,,ATT-001171,2026-08-10 11:32:00,WEATHER_CANCELLATION,32467,中止となった公演に関する払戻条件を確認したい。,PENDING
RFD-001190,TKT-005058,,ATT-005058,2026-08-11 05:18:00,WEATHER_CANCELLATION,33712,中止となった公演に関する払戻条件を確認したい。,PENDING
RFD-001191,TKT-002848,,ATT-002848,2026-08-12 13:49:00,WEATHER_CANCELLATION,31636,中止となった公演に関する払戻条件を確認したい。,PENDING
RFD-001192,TKT-005352,,ATT-005352,2026-08-14 06:16:00,WEATHER_CANCELLATION,6281,中止となった公演に関する払戻条件を確認したい。,PENDING
RFD-001193,TKT-004777,,ATT-004777,2026-08-13 20:09:00,WEATHER_CANCELLATION,21188,中止となった公演に関する払戻条件を確認したい。,PENDING
RFD-001194,TKT-005018,,ATT-005018,2026-08-10 09:25:00,WEATHER_CANCELLATION,9647,中止となった公演に関する払戻条件を確認したい。,PENDING
RFD-001195,TKT-005935,,ATT-005935,2026-08-14 10:51:00,WEATHER_CANCELLATION,17404,中止となった公演に関する払戻条件を確認したい。,PENDING
RFD-001196,TKT-003954,,ATT-003954,2026-08-12 03:01:00,WEATHER_CANCELLATION,29069,中止となった公演に関する払戻条件を確認したい。,PENDING
RFD-001197,TKT-005676,,ATT-005676,2026-08-14 15:55:00,WEATHER_CANCELLATION,7761,中止となった公演に関する払戻条件を確認したい。,PENDING
RFD-001198,TKT-003950,,ATT-003950,2026-08-13 17:13:00,WEATHER_CANCELLATION,41618,中止となった公演に関する払戻条件を確認したい。,PENDING
RFD-001199,TKT-003510,,ATT-003510,2026-08-14 03:27:00,WEATHER_CANCELLATION,4798,中止となった公演に関する払戻条件を確認したい。,PENDING
RFD-001200,TKT-004892,,ATT-004892,2026-08-10 15:42:00,WEATHER_CANCELLATION,30734,中止となった公演に関する払戻条件を確認したい。,PENDING
RFD-001201,TKT-006549,,ATT-006549,2026-08-12 12:38:00,WEATHER_CANCELLATION,23980,中止となった公演に関する払戻条件を確認したい。,PENDING
RFD-001202,TKT-006401,,ATT-006401,2026-08-10 02:15:00,WEATHER_CANCELLATION,14452,中止となった公演に関する払戻条件を確認したい。,PENDING
RFD-001203,TKT-006366,,ATT-006366,2026-08-14 18:23:00,WEATHER_CANCELLATION,63576,中止となった公演に関する払戻条件を確認したい。,PENDING
RFD-001204,TKT-006637,,ATT-006637,2026-08-14 18:52:00,WEATHER_CANCELLATION,29799,中止となった公演に関する払戻条件を確認したい。,PENDING
RFD-001205,TKT-006240,,ATT-006240,2026-08-13 00:15:00,WEATHER_CANCELLATION,30873,中止となった公演に関する払戻条件を確認したい。,PENDING
RFD-001206,TKT-006399,,ATT-006399,2026-08-14 07:05:00,WEATHER_CANCELLATION,41724,中止となった公演に関する払戻条件を確認したい。,PENDING
RFD-001207,TKT-006765,,ATT-006765,2026-08-11 21:42:00,WEATHER_CANCELLATION,29626,中止となった公演に関する払戻条件を確認したい。,PENDING
RFD-001208,TKT-006065,,ATT-006065,2026-08-10 21:32:00,WEATHER_CANCELLATION,18535,中止となった公演に関する払戻条件を確認したい。,PENDING
RFD-001209,TKT-006308,,ATT-006308,2026-08-11 07:47:00,WEATHER_CANCELLATION,71943,中止となった公演に関する払戻条件を確認したい。,PENDING
RFD-001210,TKT-006506,,ATT-006506,2026-08-12 13:38:00,WEATHER_CANCELLATION,77548,中止となった公演に関する払戻条件を確認したい。,PENDING
RFD-001211,TKT-006754,,ATT-006754,2026-08-11 03:51:00,WEATHER_CANCELLATION,44365,中止となった公演に関する払戻条件を確認したい。,PENDING
RFD-001212,TKT-006024,,ATT-006024,2026-08-12 05:58:00,WEATHER_CANCELLATION,66068,中止となった公演に関する払戻条件を確認したい。,PENDING
RFD-001213,TKT-006566,,ATT-006566,2026-08-13 02:21:00,WEATHER_CANCELLATION,39921,中止となった公演に関する払戻条件を確認したい。,PENDING
RFD-001214,TKT-006029,,ATT-006029,2026-08-11 04:28:00,WEATHER_CANCELLATION,56253,中止となった公演に関する払戻条件を確認したい。,PENDING
RFD-001215,TKT-006056,,ATT-006056,2026-08-11 01:56:00,WEATHER_CANCELLATION,76375,中止となった公演に関する払戻条件を確認したい。,PENDING
RFD-001216,TKT-006663,,ATT-006663,2026-08-12 19:55:00,WEATHER_CANCELLATION,38025,中止となった公演に関する払戻条件を確認したい。,PENDING
RFD-001217,TKT-006519,,ATT-006519,2026-08-10 15:26:00,WEATHER_CANCELLATION,37755,中止となった公演に関する払戻条件を確認したい。,PENDING
RFD-001218,TKT-006206,,ATT-006206,2026-08-13 12:03:00,WEATHER_CANCELLATION,37889,中止となった公演に関する払戻条件を確認したい。,PENDING
RFD-001219,TKT-006110,,ATT-006110,2026-08-14 05:43:00,WEATHER_CANCELLATION,57190,中止となった公演に関する払戻条件を確認したい。,PENDING
RFD-001220,TKT-006101,,ATT-006101,2026-08-12 01:25:00,WEATHER_CANCELLATION,45328,中止となった公演に関する払戻条件を確認したい。,PENDING
RFD-001221,TKT-006254,,ATT-006254,2026-08-10 22:06:00,WEATHER_CANCELLATION,13017,中止となった公演に関する払戻条件を確認したい。,PENDING
RFD-001222,TKT-006601,,ATT-006601,2026-08-12 20:03:00,WEATHER_CANCELLATION,22446,中止となった公演に関する払戻条件を確認したい。,PENDING
RFD-001223,TKT-006255,,ATT-006255,2026-08-10 00:53:00,WEATHER_CANCELLATION,41762,中止となった公演に関する払戻条件を確認したい。,PENDING
RFD-001224,TKT-006284,,ATT-006284,2026-08-10 14:44:00,WEATHER_CANCELLATION,72734,中止となった公演に関する払戻条件を確認したい。,PENDING
RFD-001225,TKT-006593,,ATT-006593,2026-08-14 15:58:00,WEATHER_CANCELLATION,21502,中止となった公演に関する払戻条件を確認したい。,PENDING
RFD-001226,TKT-006298,,ATT-006298,2026-08-10 20:04:00,WEATHER_CANCELLATION,50621,中止となった公演に関する払戻条件を確認したい。,PENDING
RFD-001227,TKT-006538,,ATT-006538,2026-08-13 22:49:00,WEATHER_CANCELLATION,64002,中止となった公演に関する払戻条件を確認したい。,PENDING
RFD-001228,TKT-006360,,ATT-006360,2026-08-11 21:41:00,WEATHER_CANCELLATION,39536,中止となった公演に関する払戻条件を確認したい。,PENDING
RFD-001229,TKT-006781,,ATT-006781,2026-08-12 04:22:00,WEATHER_CANCELLATION,77762,中止となった公演に関する払戻条件を確認したい。,PENDING
RFD-001230,TKT-006158,,ATT-006158,2026-08-10 02:23:00,WEATHER_CANCELLATION,64213,中止となった公演に関する払戻条件を確認したい。,PENDING
RFD-001231,TKT-006433,,ATT-006433,2026-08-13 19:57:00,WEATHER_CANCELLATION,76230,中止となった公演に関する払戻条件を確認したい。,PENDING
RFD-001232,TKT-006113,,ATT-006113,2026-08-10 02:03:00,WEATHER_CANCELLATION,9854,中止となった公演に関する払戻条件を確認したい。,PENDING
RFD-001233,TKT-006082,,ATT-006082,2026-08-13 15:32:00,WEATHER_CANCELLATION,12871,中止となった公演に関する払戻条件を確認したい。,PENDING
RFD-001234,TKT-006181,,ATT-006181,2026-08-14 11:29:00,WEATHER_CANCELLATION,70036,中止となった公演に関する払戻条件を確認したい。,PENDING
RFD-001235,TKT-006457,,ATT-006457,2026-08-13 15:23:00,WEATHER_CANCELLATION,59226,中止となった公演に関する払戻条件を確認したい。,PENDING
RFD-001236,TKT-006759,,ATT-006759,2026-08-14 00:40:00,WEATHER_CANCELLATION,68319,中止となった公演に関する払戻条件を確認したい。,PENDING
RFD-001237,TKT-006317,,ATT-006317,2026-08-12 10:55:00,WEATHER_CANCELLATION,49530,中止となった公演に関する払戻条件を確認したい。,PENDING
RFD-001238,TKT-006174,,ATT-006174,2026-08-13 21:53:00,WEATHER_CANCELLATION,58751,中止となった公演に関する払戻条件を確認したい。,PENDING
RFD-001239,TKT-006456,,ATT-006456,2026-08-11 05:50:00,WEATHER_CANCELLATION,51659,中止となった公演に関する払戻条件を確認したい。,PENDING
RFD-001240,TKT-006069,,ATT-006069,2026-08-14 10:10:00,WEATHER_CANCELLATION,75162,中止となった公演に関する払戻条件を確認したい。,PENDING
RFD-001241,TKT-006332,,ATT-006332,2026-08-10 23:21:00,WEATHER_CANCELLATION,28036,中止となった公演に関する払戻条件を確認したい。,PENDING
RFD-001242,TKT-006343,,ATT-006343,2026-08-12 21:01:00,WEATHER_CANCELLATION,10288,中止となった公演に関する払戻条件を確認したい。,PENDING
RFD-001243,TKT-006286,,ATT-006286,2026-08-13 15:00:00,WEATHER_CANCELLATION,63488,中止となった公演に関する払戻条件を確認したい。,PENDING
RFD-001244,TKT-006291,,ATT-006291,2026-08-14 11:06:00,WEATHER_CANCELLATION,49248,中止となった公演に関する払戻条件を確認したい。,PENDING
RFD-001245,TKT-006033,,ATT-006033,2026-08-12 08:41:00,WEATHER_CANCELLATION,29131,中止となった公演に関する払戻条件を確認したい。,PENDING
RFD-001246,TKT-006520,,ATT-006520,2026-08-12 23:43:00,WEATHER_CANCELLATION,43664,中止となった公演に関する払戻条件を確認したい。,PENDING
RFD-001247,TKT-006139,,ATT-006139,2026-08-12 15:39:00,WEATHER_CANCELLATION,59734,中止となった公演に関する払戻条件を確認したい。,PENDING
RFD-001248,TKT-006518,,ATT-006518,2026-08-10 12:36:00,WEATHER_CANCELLATION,31466,中止となった公演に関する払戻条件を確認したい。,PENDING
RFD-001249,TKT-006655,,ATT-006655,2026-08-11 23:47:00,WEATHER_CANCELLATION,38942,中止となった公演に関する払戻条件を確認したい。,PENDING
RFD-001250,TKT-006559,,ATT-006559,2026-08-13 17:41:00,WEATHER_CANCELLATION,60884,中止となった公演に関する払戻条件を確認したい。,PENDING
RFD-001251,TKT-006443,,ATT-006443,2026-08-09 22:29:00,WEATHER_CANCELLATION,57137,中止となった公演に関する払戻条件を確認したい。,PENDING
RFD-001252,TKT-006122,,ATT-006122,2026-08-12 03:37:00,WEATHER_CANCELLATION,39108,中止となった公演に関する払戻条件を確認したい。,PENDING
RFD-001253,TKT-006143,,ATT-006143,2026-08-11 20:20:00,WEATHER_CANCELLATION,70912,中止となった公演に関する払戻条件を確認したい。,PENDING
RFD-001254,TKT-006173,,ATT-006173,2026-08-12 19:07:00,WEATHER_CANCELLATION,62203,中止となった公演に関する払戻条件を確認したい。,PENDING
RFD-001255,TKT-006428,,ATT-006428,2026-08-11 14:00:00,WEATHER_CANCELLATION,53341,中止となった公演に関する払戻条件を確認したい。,PENDING
RFD-001256,TKT-006639,,ATT-006639,2026-08-11 09:12:00,WEATHER_CANCELLATION,65939,中止となった公演に関する払戻条件を確認したい。,PENDING
RFD-001257,TKT-006169,,ATT-006169,2026-08-10 12:34:00,WEATHER_CANCELLATION,33868,中止となった公演に関する払戻条件を確認したい。,PENDING
RFD-001258,TKT-006790,,ATT-006790,2026-08-10 18:05:00,WEATHER_CANCELLATION,75106,中止となった公演に関する払戻条件を確認したい。,PENDING
RFD-001259,TKT-006080,,ATT-006080,2026-08-12 22:43:00,WEATHER_CANCELLATION,27210,中止となった公演に関する払戻条件を確認したい。,PENDING
RFD-001260,TKT-006678,,ATT-006678,2026-08-12 11:32:00,WEATHER_CANCELLATION,69998,中止となった公演に関する払戻条件を確認したい。,PENDING
RFD-001261,TKT-006336,,ATT-006336,2026-08-12 01:30:00,WEATHER_CANCELLATION,15326,中止となった公演に関する払戻条件を確認したい。,PENDING
RFD-001262,TKT-006310,,ATT-006310,2026-08-11 23:54:00,WEATHER_CANCELLATION,10512,中止となった公演に関する払戻条件を確認したい。,PENDING
RFD-001263,TKT-006467,,ATT-006467,2026-08-13 10:06:00,WEATHER_CANCELLATION,77188,中止となった公演に関する払戻条件を確認したい。,PENDING
RFD-001264,TKT-006377,,ATT-006377,2026-08-11 22:22:00,WEATHER_CANCELLATION,69109,中止となった公演に関する払戻条件を確認したい。,PENDING
RFD-001265,TKT-006494,,ATT-006494,2026-08-11 05:27:00,WEATHER_CANCELLATION,70559,中止となった公演に関する払戻条件を確認したい。,PENDING
RFD-001266,TKT-006398,,ATT-006398,2026-08-10 00:54:00,WEATHER_CANCELLATION,39622,中止となった公演に関する払戻条件を確認したい。,PENDING
RFD-001267,TKT-006192,,ATT-006192,2026-08-13 16:40:00,WEATHER_CANCELLATION,72101,中止となった公演に関する払戻条件を確認したい。,PENDING
RFD-001268,TKT-006412,,ATT-006412,2026-08-13 16:33:00,WEATHER_CANCELLATION,23787,中止となった公演に関する払戻条件を確認したい。,PENDING
RFD-001269,TKT-006452,,ATT-006452,2026-08-14 06:56:00,WEATHER_CANCELLATION,58943,中止となった公演に関する払戻条件を確認したい。,PENDING
RFD-001270,TKT-006774,,ATT-006774,2026-08-12 15:21:00,WEATHER_CANCELLATION,53158,中止となった公演に関する払戻条件を確認したい。,PENDING
RFD-001271,TKT-006760,,ATT-006760,2026-08-10 02:49:00,WEATHER_CANCELLATION,61048,中止となった公演に関する払戻条件を確認したい。,PENDING
RFD-001272,TKT-006277,,ATT-006277,2026-08-13 20:33:00,WEATHER_CANCELLATION,55104,中止となった公演に関する払戻条件を確認したい。,PENDING
RFD-001273,TKT-006727,,ATT-006727,2026-08-09 20:51:00,WEATHER_CANCELLATION,26913,中止となった公演に関する払戻条件を確認したい。,PENDING
RFD-001274,TKT-006127,,ATT-006127,2026-08-14 18:10:00,WEATHER_CANCELLATION,26968,中止となった公演に関する払戻条件を確認したい。,PENDING
RFD-001275,TKT-006647,,ATT-006647,2026-08-11 02:22:00,WEATHER_CANCELLATION,27496,中止となった公演に関する払戻条件を確認したい。,PENDING
RFD-001276,TKT-006581,,ATT-006581,2026-08-10 14:05:00,WEATHER_CANCELLATION,38831,中止となった公演に関する払戻条件を確認したい。,PENDING
RFD-001277,TKT-006665,,ATT-006665,2026-08-10 05:17:00,WEATHER_CANCELLATION,64267,中止となった公演に関する払戻条件を確認したい。,PENDING
RFD-001278,TKT-006232,,ATT-006232,2026-08-13 12:02:00,WEATHER_CANCELLATION,19811,中止となった公演に関する払戻条件を確認したい。,PENDING
RFD-001279,TKT-006635,,ATT-006635,2026-08-12 23:00:00,WEATHER_CANCELLATION,39365,中止となった公演に関する払戻条件を確認したい。,PENDING
RFD-001280,TKT-006432,,ATT-006432,2026-08-12 21:09:00,WEATHER_CANCELLATION,50397,中止となった公演に関する払戻条件を確認したい。,PENDING
RFD-001281,TKT-006323,,ATT-006323,2026-08-13 11:45:00,WEATHER_CANCELLATION,56016,中止となった公演に関する払戻条件を確認したい。,PENDING
RFD-001282,TKT-006415,,ATT-006415,2026-08-13 22:16:00,WEATHER_CANCELLATION,44939,中止となった公演に関する払戻条件を確認したい。,PENDING
RFD-001283,TKT-006507,,ATT-006507,2026-08-13 07:24:00,WEATHER_CANCELLATION,64790,中止となった公演に関する払戻条件を確認したい。,PENDING
RFD-001284,TKT-006436,,ATT-006436,2026-08-10 16:50:00,WEATHER_CANCELLATION,68340,中止となった公演に関する払戻条件を確認したい。,PENDING
RFD-001285,TKT-006130,,ATT-006130,2026-08-12 15:14:00,WEATHER_CANCELLATION,31632,中止となった公演に関する払戻条件を確認したい。,PENDING
RFD-001286,TKT-006407,,ATT-006407,2026-08-10 02:06:00,WEATHER_CANCELLATION,49371,中止となった公演に関する払戻条件を確認したい。,PENDING
RFD-001287,TKT-006237,,ATT-006237,2026-08-12 10:42:00,WEATHER_CANCELLATION,40015,中止となった公演に関する払戻条件を確認したい。,PENDING
RFD-001288,TKT-006276,,ATT-006276,2026-08-11 01:39:00,WEATHER_CANCELLATION,56209,中止となった公演に関する払戻条件を確認したい。,PENDING
RFD-001289,TKT-006730,,ATT-006730,2026-08-13 05:32:00,WEATHER_CANCELLATION,45530,中止となった公演に関する払戻条件を確認したい。,PENDING
RFD-001290,TKT-006050,,ATT-006050,2026-08-12 19:24:00,WEATHER_CANCELLATION,16049,中止となった公演に関する払戻条件を確認したい。,PENDING
RFD-001291,TKT-006666,,ATT-006666,2026-08-12 11:01:00,WEATHER_CANCELLATION,55297,中止となった公演に関する払戻条件を確認したい。,PENDING
RFD-001292,TKT-006537,,ATT-006537,2026-08-13 12:26:00,WEATHER_CANCELLATION,47556,中止となった公演に関する払戻条件を確認したい。,PENDING
RFD-001293,TKT-006417,,ATT-006417,2026-08-12 00:41:00,WEATHER_CANCELLATION,14614,中止となった公演に関する払戻条件を確認したい。,PENDING
RFD-001294,TKT-006524,,ATT-006524,2026-08-12 21:15:00,WEATHER_CANCELLATION,74067,中止となった公演に関する払戻条件を確認したい。,PENDING
RFD-001295,TKT-006521,,ATT-006521,2026-08-11 04:39:00,WEATHER_CANCELLATION,24256,中止となった公演に関する払戻条件を確認したい。,PENDING
RFD-001296,TKT-006618,,ATT-006618,2026-08-10 06:41:00,WEATHER_CANCELLATION,34841,中止となった公演に関する払戻条件を確認したい。,PENDING
RFD-001297,TKT-006584,,ATT-006584,2026-08-11 00:35:00,WEATHER_CANCELLATION,55464,中止となった公演に関する払戻条件を確認したい。,PENDING
RFD-001298,TKT-006387,,ATT-006387,2026-08-11 16:16:00,WEATHER_CANCELLATION,54314,中止となった公演に関する払戻条件を確認したい。,PENDING
RFD-001299,TKT-006583,,ATT-006583,2026-08-10 09:06:00,WEATHER_CANCELLATION,16833,中止となった公演に関する払戻条件を確認したい。,PENDING
RFD-001300,TKT-006364,,ATT-006364,2026-08-10 23:52:00,WEATHER_CANCELLATION,48545,中止となった公演に関する払戻条件を確認したい。,PENDING
RFD-001301,TKT-013421,,ATT-013421,2026-08-11 22:21:00,PERSONAL_REASON,7826,個人的事情により参加できなかった。,PENDING
RFD-001302,TKT-015305,,ATT-015305,2026-08-10 06:48:00,WEATHER_CANCELLATION,6896,中止となった公演に関する払戻条件を確認したい。,PENDING
RFD-001303,TKT-015458,,ATT-015458,2026-08-12 12:24:00,PERSONAL_REASON,9588,個人的事情により参加できなかった。,PENDING
RFD-001304,TKT-013877,,ATT-013877,2026-08-12 01:26:00,PERSONAL_REASON,8015,個人的事情により参加できなかった。,PENDING
RFD-001305,TKT-012572,,ATT-012572,2026-08-13 19:22:00,PERSONAL_REASON,9817,個人的事情により参加できなかった。,PENDING
RFD-001306,TKT-013450,,ATT-013450,2026-08-14 14:54:00,PERSONAL_REASON,16400,個人的事情により参加できなかった。,PENDING
RFD-001307,TKT-013961,,ATT-013961,2026-08-09 20:07:00,PERSONAL_REASON,14360,個人的事情により参加できなかった。,PENDING
RFD-001308,TKT-013889,,ATT-013889,2026-08-13 17:33:00,PERSONAL_REASON,4487,個人的事情により参加できなかった。,PENDING
RFD-001309,TKT-014571,,ATT-014571,2026-08-11 01:56:00,PERSONAL_REASON,7719,個人的事情により参加できなかった。,PENDING
RFD-001310,TKT-011492,,ATT-011492,2026-08-11 10:39:00,TRANSPORT_DELAY,4241,個人的事情により参加できなかった。,PENDING
RFD-001311,TKT-011858,,ATT-011858,2026-08-14 02:34:00,PERSONAL_REASON,7826,個人的事情により参加できなかった。,PENDING
RFD-001312,TKT-013903,,ATT-013903,2026-08-13 04:26:00,TRANSPORT_DELAY,16363,個人的事情により参加できなかった。,PENDING
RFD-001313,TKT-015216,,ATT-015216,2026-08-11 23:15:00,WEATHER_CANCELLATION,17806,中止となった公演に関する払戻条件を確認したい。,PENDING
RFD-001314,TKT-014830,,ATT-014830,2026-08-11 06:40:00,PERSONAL_REASON,16790,個人的事情により参加できなかった。,PENDING
RFD-001315,TKT-014546,,ATT-014546,2026-08-13 04:06:00,PERSONAL_REASON,16682,個人的事情により参加できなかった。,PENDING
RFD-001316,TKT-014302,,ATT-014302,2026-08-13 04:43:00,PERSONAL_REASON,8666,個人的事情により参加できなかった。,PENDING
RFD-001317,TKT-014046,,ATT-014046,2026-08-11 20:33:00,PERSONAL_REASON,6371,個人的事情により参加できなかった。,PENDING
RFD-001318,TKT-013956,,ATT-013956,2026-08-10 16:27:00,TRANSPORT_DELAY,17970,個人的事情により参加できなかった。,PENDING
RFD-001319,TKT-015472,,ATT-015472,2026-08-12 11:26:00,PERSONAL_REASON,6016,個人的事情により参加できなかった。,PENDING
RFD-001320,TKT-012934,,ATT-012934,2026-08-13 11:36:00,PERSONAL_REASON,3205,個人的事情により参加できなかった。,PENDING
RFD-001321,TKT-014709,,ATT-014709,2026-08-10 04:50:00,PERSONAL_REASON,17245,個人的事情により参加できなかった。,PENDING
RFD-001322,TKT-012426,,ATT-012426,2026-08-12 13:39:00,PERSONAL_REASON,16721,個人的事情により参加できなかった。,PENDING
RFD-001323,TKT-011730,,ATT-011730,2026-08-12 23:12:00,PERSONAL_REASON,8101,個人的事情により参加できなかった。,PENDING
RFD-001324,TKT-014483,,ATT-014483,2026-08-12 14:16:00,PERSONAL_REASON,17395,個人的事情により参加できなかった。,PENDING
RFD-001325,TKT-012356,,ATT-012356,2026-08-11 21:15:00,PERSONAL_REASON,9993,個人的事情により参加できなかった。,PENDING
RFD-001326,TKT-012160,,ATT-012160,2026-08-11 08:58:00,PERSONAL_REASON,14298,個人的事情により参加できなかった。,PENDING
RFD-001327,TKT-012243,,ATT-012243,2026-08-13 01:08:00,PERSONAL_REASON,14673,個人的事情により参加できなかった。,PENDING
RFD-001328,TKT-014175,,ATT-014175,2026-08-12 10:35:00,PERSONAL_REASON,6808,個人的事情により参加できなかった。,PENDING
RFD-001329,TKT-015492,,ATT-015492,2026-08-10 15:25:00,WEATHER_CANCELLATION,7772,中止となった公演に関する払戻条件を確認したい。,PENDING
RFD-001330,TKT-013866,,ATT-013866,2026-08-11 14:42:00,PERSONAL_REASON,6530,個人的事情により参加できなかった。,PENDING
RFD-001331,TKT-014841,,ATT-014841,2026-08-12 13:32:00,PERSONAL_REASON,16684,個人的事情により参加できなかった。,PENDING
RFD-001332,TKT-015394,,ATT-015394,2026-08-13 15:34:00,TRANSPORT_DELAY,10668,個人的事情により参加できなかった。,PENDING
RFD-001333,TKT-014096,,ATT-014096,2026-08-13 21:42:00,TRANSPORT_DELAY,9689,個人的事情により参加できなかった。,PENDING
RFD-001334,TKT-013363,,ATT-013363,2026-08-14 11:35:00,TRANSPORT_DELAY,1955,個人的事情により参加できなかった。,PENDING
RFD-001335,TKT-014742,,ATT-014742,2026-08-10 08:41:00,TRANSPORT_DELAY,8869,個人的事情により参加できなかった。,PENDING
RFD-001336,TKT-012806,,ATT-012806,2026-08-10 04:00:00,TRANSPORT_DELAY,9056,個人的事情により参加できなかった。,PENDING
RFD-001337,TKT-012494,,ATT-012494,2026-08-14 17:04:00,TRANSPORT_DELAY,12964,個人的事情により参加できなかった。,PENDING
RFD-001338,TKT-013530,,ATT-013530,2026-08-11 15:30:00,PERSONAL_REASON,8831,個人的事情により参加できなかった。,PENDING
RFD-001339,TKT-011352,,ATT-011352,2026-08-09 21:11:00,PERSONAL_REASON,12363,個人的事情により参加できなかった。,PENDING
RFD-001340,TKT-014851,,ATT-014851,2026-08-14 10:31:00,PERSONAL_REASON,9556,個人的事情により参加できなかった。,PENDING
RFD-001341,TKT-012982,,ATT-012982,2026-08-10 11:09:00,PERSONAL_REASON,16232,個人的事情により参加できなかった。,PENDING
RFD-001342,TKT-012554,,ATT-012554,2026-08-11 16:47:00,PERSONAL_REASON,12117,個人的事情により参加できなかった。,PENDING
RFD-001343,TKT-013156,,ATT-013156,2026-08-13 01:35:00,PERSONAL_REASON,16222,個人的事情により参加できなかった。,PENDING
RFD-001344,TKT-014299,,ATT-014299,2026-08-13 23:56:00,PERSONAL_REASON,14740,個人的事情により参加できなかった。,PENDING
RFD-001345,TKT-011908,,ATT-011908,2026-08-12 21:12:00,PERSONAL_REASON,2014,個人的事情により参加できなかった。,PENDING
RFD-001346,TKT-013675,,ATT-013675,2026-08-11 16:55:00,WEATHER_CANCELLATION,10396,中止となった公演に関する払戻条件を確認したい。,PENDING
RFD-001347,TKT-015393,,ATT-015393,2026-08-13 01:00:00,TRANSPORT_DELAY,9124,個人的事情により参加できなかった。,PENDING
RFD-001348,TKT-013084,,ATT-013084,2026-08-13 09:31:00,PERSONAL_REASON,16315,個人的事情により参加できなかった。,PENDING
RFD-001349,TKT-015422,,ATT-015422,2026-08-10 23:07:00,PERSONAL_REASON,15251,個人的事情により参加できなかった。,PENDING
RFD-001350,TKT-015092,,ATT-015092,2026-08-13 23:51:00,PERSONAL_REASON,15498,個人的事情により参加できなかった。,PENDING
RFD-001351,TKT-014614,,ATT-014614,2026-08-14 00:19:00,PERSONAL_REASON,9504,個人的事情により参加できなかった。,PENDING
RFD-001352,TKT-013424,,ATT-013424,2026-08-12 17:45:00,PERSONAL_REASON,2302,個人的事情により参加できなかった。,PENDING
RFD-001353,TKT-011539,,ATT-011539,2026-08-11 00:49:00,PERSONAL_REASON,16835,個人的事情により参加できなかった。,PENDING
RFD-001354,TKT-014813,,ATT-014813,2026-08-11 21:04:00,PERSONAL_REASON,9877,個人的事情により参加できなかった。,PENDING
RFD-001355,TKT-014807,,ATT-014807,2026-08-14 15:07:00,TRANSPORT_DELAY,16226,個人的事情により参加できなかった。,PENDING
RFD-001356,TKT-011859,,ATT-011859,2026-08-11 20:06:00,PERSONAL_REASON,15227,個人的事情により参加できなかった。,PENDING
RFD-001357,TKT-011925,,ATT-011925,2026-08-10 04:19:00,PERSONAL_REASON,16922,個人的事情により参加できなかった。,PENDING
RFD-001358,TKT-014334,,ATT-014334,2026-08-12 23:15:00,PERSONAL_REASON,5937,個人的事情により参加できなかった。,PENDING
RFD-001359,TKT-014238,,ATT-014238,2026-08-13 13:27:00,PERSONAL_REASON,17157,個人的事情により参加できなかった。,PENDING
RFD-001360,TKT-014859,,ATT-014859,2026-08-14 17:05:00,PERSONAL_REASON,4493,個人的事情により参加できなかった。,PENDING
RFD-001361,TKT-012723,,ATT-012723,2026-08-12 19:12:00,PERSONAL_REASON,7808,個人的事情により参加できなかった。,PENDING
RFD-001362,TKT-013879,,ATT-013879,2026-08-12 00:58:00,PERSONAL_REASON,2005,個人的事情により参加できなかった。,PENDING
RFD-001363,TKT-011707,,ATT-011707,2026-08-13 07:30:00,PERSONAL_REASON,2707,個人的事情により参加できなかった。,PENDING
RFD-001364,TKT-012123,,ATT-012123,2026-08-14 08:59:00,TRANSPORT_DELAY,7340,個人的事情により参加できなかった。,PENDING
RFD-001365,TKT-012683,,ATT-012683,2026-08-11 19:29:00,TRANSPORT_DELAY,17584,個人的事情により参加できなかった。,PENDING
RFD-001366,TKT-015375,,ATT-015375,2026-08-13 18:53:00,TRANSPORT_DELAY,8674,個人的事情により参加できなかった。,PENDING
RFD-001367,TKT-011548,,ATT-011548,2026-08-11 06:25:00,PERSONAL_REASON,10355,個人的事情により参加できなかった。,PENDING
RFD-001368,TKT-014595,,ATT-014595,2026-08-12 09:56:00,PERSONAL_REASON,6841,個人的事情により参加できなかった。,PENDING
RFD-001369,TKT-013854,,ATT-013854,2026-08-13 20:17:00,TRANSPORT_DELAY,5586,個人的事情により参加できなかった。,PENDING
RFD-001370,TKT-012913,,ATT-012913,2026-08-10 09:00:00,PERSONAL_REASON,10577,個人的事情により参加できなかった。,PENDING
RFD-001371,TKT-015012,,ATT-015012,2026-08-13 08:52:00,PERSONAL_REASON,3457,個人的事情により参加できなかった。,PENDING
RFD-001372,TKT-012317,,ATT-012317,2026-08-14 18:16:00,PERSONAL_REASON,14582,個人的事情により参加できなかった。,PENDING
RFD-001373,TKT-013849,,ATT-013849,2026-08-10 15:55:00,TRANSPORT_DELAY,8429,個人的事情により参加できなかった。,PENDING
RFD-001374,TKT-012727,,ATT-012727,2026-08-09 22:40:00,WEATHER_CANCELLATION,6083,中止となった公演に関する払戻条件を確認したい。,PENDING
RFD-001375,TKT-013715,,ATT-013715,2026-08-11 21:38:00,PERSONAL_REASON,2076,個人的事情により参加できなかった。,PENDING
RFD-001376,TKT-013559,,ATT-013559,2026-08-11 16:47:00,PERSONAL_REASON,2097,個人的事情により参加できなかった。,PENDING
RFD-001377,TKT-014567,,ATT-014567,2026-08-10 19:24:00,PERSONAL_REASON,11381,個人的事情により参加できなかった。,PENDING
RFD-001378,TKT-014197,,ATT-014197,2026-08-10 04:59:00,TRANSPORT_DELAY,3963,個人的事情により参加できなかった。,PENDING
RFD-001379,TKT-012113,,ATT-012113,2026-08-12 23:19:00,WEATHER_CANCELLATION,12445,中止となった公演に関する払戻条件を確認したい。,PENDING
RFD-001380,TKT-013014,,ATT-013014,2026-08-11 00:41:00,PERSONAL_REASON,2339,個人的事情により参加できなかった。,PENDING
RFD-001381,TKT-013699,,ATT-013699,2026-08-12 18:14:00,WEATHER_CANCELLATION,11199,中止となった公演に関する払戻条件を確認したい。,PENDING
RFD-001382,TKT-012841,,ATT-012841,2026-08-10 01:52:00,PERSONAL_REASON,6470,個人的事情により参加できなかった。,PENDING
RFD-001383,TKT-011943,,ATT-011943,2026-08-11 12:28:00,TRANSPORT_DELAY,13034,個人的事情により参加できなかった。,PENDING
RFD-001384,TKT-013021,,ATT-013021,2026-08-11 18:33:00,PERSONAL_REASON,7609,個人的事情により参加できなかった。,PENDING
RFD-001385,TKT-012583,,ATT-012583,2026-08-14 06:04:00,PERSONAL_REASON,8330,個人的事情により参加できなかった。,PENDING
RFD-001386,TKT-013885,,ATT-013885,2026-08-13 18:46:00,WEATHER_CANCELLATION,10150,中止となった公演に関する払戻条件を確認したい。,PENDING
RFD-001387,TKT-013184,,ATT-013184,2026-08-11 22:41:00,PERSONAL_REASON,4355,個人的事情により参加できなかった。,PENDING
RFD-001388,TKT-015580,,ATT-015580,2026-08-14 03:56:00,PERSONAL_REASON,16398,個人的事情により参加できなかった。,PENDING
RFD-001389,TKT-012762,,ATT-012762,2026-08-13 17:04:00,PERSONAL_REASON,14130,個人的事情により参加できなかった。,PENDING
RFD-001390,TKT-013286,,ATT-013286,2026-08-12 17:50:00,PERSONAL_REASON,6400,個人的事情により参加できなかった。,PENDING
RFD-001391,TKT-015461,,ATT-015461,2026-08-12 05:11:00,TRANSPORT_DELAY,3891,個人的事情により参加できなかった。,PENDING
RFD-001392,TKT-012959,,ATT-012959,2026-08-11 20:54:00,TRANSPORT_DELAY,10451,個人的事情により参加できなかった。,PENDING
RFD-001393,TKT-015097,,ATT-015097,2026-08-13 09:57:00,PERSONAL_REASON,9573,個人的事情により参加できなかった。,PENDING
RFD-001394,TKT-013389,,ATT-013389,2026-08-12 05:39:00,WEATHER_CANCELLATION,2049,中止となった公演に関する払戻条件を確認したい。,PENDING
RFD-001395,TKT-013739,,ATT-013739,2026-08-14 03:54:00,TRANSPORT_DELAY,17974,個人的事情により参加できなかった。,PENDING
RFD-001396,TKT-013484,,ATT-013484,2026-08-12 19:57:00,PERSONAL_REASON,17591,個人的事情により参加できなかった。,PENDING
RFD-001397,TKT-014017,,ATT-014017,2026-08-11 21:11:00,WEATHER_CANCELLATION,16811,中止となった公演に関する払戻条件を確認したい。,PENDING
RFD-001398,TKT-014278,,ATT-014278,2026-08-10 20:37:00,PERSONAL_REASON,4579,個人的事情により参加できなかった。,PENDING
RFD-001399,TKT-013144,,ATT-013144,2026-08-13 17:02:00,PERSONAL_REASON,11407,個人的事情により参加できなかった。,PENDING
RFD-001400,TKT-013839,,ATT-013839,2026-08-12 10:34:00,TRANSPORT_DELAY,13427,個人的事情により参加できなかった。,PENDING
RFD-001401,TKT-014861,,ATT-014861,2026-08-14 08:43:00,PERSONAL_REASON,5415,個人的事情により参加できなかった。,PENDING
RFD-001402,TKT-014966,,ATT-014966,2026-08-10 08:04:00,PERSONAL_REASON,5151,個人的事情により参加できなかった。,PENDING
RFD-001403,TKT-013451,,ATT-013451,2026-08-09 22:40:00,TRANSPORT_DELAY,6856,個人的事情により参加できなかった。,PENDING
RFD-001404,TKT-012664,,ATT-012664,2026-08-13 06:32:00,PERSONAL_REASON,14286,個人的事情により参加できなかった。,PENDING
RFD-001405,TKT-012984,,ATT-012984,2026-08-11 15:37:00,WEATHER_CANCELLATION,14370,中止となった公演に関する払戻条件を確認したい。,PENDING
RFD-001406,TKT-012791,,ATT-012791,2026-08-11 20:28:00,PERSONAL_REASON,9353,個人的事情により参加できなかった。,PENDING
RFD-001407,TKT-013732,,ATT-013732,2026-08-10 22:19:00,PERSONAL_REASON,7051,個人的事情により参加できなかった。,PENDING
RFD-001408,TKT-015437,,ATT-015437,2026-08-11 15:46:00,TRANSPORT_DELAY,17657,個人的事情により参加できなかった。,PENDING
RFD-001409,TKT-011993,,ATT-011993,2026-08-10 04:34:00,PERSONAL_REASON,12250,個人的事情により参加できなかった。,PENDING
RFD-001410,TKT-013482,,ATT-013482,2026-08-10 00:55:00,WEATHER_CANCELLATION,4543,中止となった公演に関する払戻条件を確認したい。,PENDING
RFD-001411,TKT-012823,,ATT-012823,2026-08-12 16:25:00,WEATHER_CANCELLATION,4475,中止となった公演に関する払戻条件を確認したい。,PENDING
RFD-001412,TKT-013229,,ATT-013229,2026-08-13 09:09:00,WEATHER_CANCELLATION,16310,中止となった公演に関する払戻条件を確認したい。,PENDING
RFD-001413,TKT-011976,,ATT-011976,2026-08-13 10:13:00,WEATHER_CANCELLATION,6218,中止となった公演に関する払戻条件を確認したい。,PENDING
RFD-001414,TKT-011528,,ATT-011528,2026-08-14 14:15:00,PERSONAL_REASON,10812,個人的事情により参加できなかった。,PENDING
RFD-001415,TKT-014875,,ATT-014875,2026-08-13 01:24:00,PERSONAL_REASON,14450,個人的事情により参加できなかった。,PENDING
RFD-001416,TKT-014380,,ATT-014380,2026-08-14 14:27:00,PERSONAL_REASON,6998,個人的事情により参加できなかった。,PENDING
RFD-001417,TKT-014479,,ATT-014479,2026-08-11 11:43:00,PERSONAL_REASON,7910,個人的事情により参加できなかった。,PENDING
RFD-001418,TKT-011918,,ATT-011918,2026-08-13 07:49:00,WEATHER_CANCELLATION,8544,中止となった公演に関する払戻条件を確認したい。,PENDING
RFD-001419,TKT-015113,,ATT-015113,2026-08-10 15:54:00,PERSONAL_REASON,6303,個人的事情により参加できなかった。,PENDING
RFD-001420,TKT-014183,,ATT-014183,2026-08-11 09:31:00,PERSONAL_REASON,6687,個人的事情により参加できなかった。,PENDING
RFD-001421,TKT-014152,,ATT-014152,2026-08-11 03:22:00,PERSONAL_REASON,12247,個人的事情により参加できなかった。,PENDING
RFD-001422,TKT-014680,,ATT-014680,2026-08-12 19:13:00,WEATHER_CANCELLATION,14913,中止となった公演に関する払戻条件を確認したい。,PENDING
RFD-001423,TKT-013349,,ATT-013349,2026-08-14 04:49:00,TRANSPORT_DELAY,8142,個人的事情により参加できなかった。,PENDING
RFD-001424,TKT-014040,,ATT-014040,2026-08-11 15:08:00,PERSONAL_REASON,4956,個人的事情により参加できなかった。,PENDING
RFD-001425,TKT-014509,,ATT-014509,2026-08-11 08:14:00,TRANSPORT_DELAY,7166,個人的事情により参加できなかった。,PENDING
RFD-001426,TKT-015443,,ATT-015443,2026-08-09 23:17:00,WEATHER_CANCELLATION,5387,中止となった公演に関する払戻条件を確認したい。,PENDING
RFD-001427,TKT-014196,,ATT-014196,2026-08-10 16:53:00,PERSONAL_REASON,13243,個人的事情により参加できなかった。,PENDING
RFD-001428,TKT-012535,,ATT-012535,2026-08-10 21:01:00,PERSONAL_REASON,17459,個人的事情により参加できなかった。,PENDING
RFD-001429,TKT-015562,,ATT-015562,2026-08-13 22:47:00,WEATHER_CANCELLATION,4059,中止となった公演に関する払戻条件を確認したい。,PENDING
RFD-001430,TKT-014259,,ATT-014259,2026-08-09 22:48:00,PERSONAL_REASON,14983,個人的事情により参加できなかった。,PENDING
RFD-001431,TKT-015269,,ATT-015269,2026-08-12 00:40:00,WEATHER_CANCELLATION,2919,中止となった公演に関する払戻条件を確認したい。,PENDING
RFD-001432,TKT-015196,,ATT-015196,2026-08-12 12:07:00,WEATHER_CANCELLATION,9728,中止となった公演に関する払戻条件を確認したい。,PENDING
RFD-001433,TKT-013253,,ATT-013253,2026-08-09 22:27:00,PERSONAL_REASON,2460,個人的事情により参加できなかった。,PENDING
RFD-001434,TKT-012094,,ATT-012094,2026-08-13 10:51:00,TRANSPORT_DELAY,4466,個人的事情により参加できなかった。,PENDING
RFD-001435,TKT-013136,,ATT-013136,2026-08-10 05:37:00,PERSONAL_REASON,10815,個人的事情により参加できなかった。,PENDING
RFD-001436,TKT-014720,,ATT-014720,2026-08-14 16:13:00,TRANSPORT_DELAY,6648,個人的事情により参加できなかった。,PENDING
RFD-001437,TKT-015050,,ATT-015050,2026-08-10 10:25:00,PERSONAL_REASON,8837,個人的事情により参加できなかった。,PENDING
RFD-001438,TKT-013582,,ATT-013582,2026-08-09 20:20:00,TRANSPORT_DELAY,15684,個人的事情により参加できなかった。,PENDING
RFD-001439,TKT-012304,,ATT-012304,2026-08-09 23:30:00,WEATHER_CANCELLATION,6472,中止となった公演に関する払戻条件を確認したい。,PENDING
RFD-001440,TKT-012753,,ATT-012753,2026-08-11 12:26:00,PERSONAL_REASON,11399,個人的事情により参加できなかった。,PENDING
RFD-001441,TKT-012547,,ATT-012547,2026-08-10 18:32:00,WEATHER_CANCELLATION,1811,中止となった公演に関する払戻条件を確認したい。,PENDING
RFD-001442,TKT-012487,,ATT-012487,2026-08-13 00:18:00,TRANSPORT_DELAY,10892,個人的事情により参加できなかった。,PENDING
RFD-001443,TKT-014998,,ATT-014998,2026-08-13 01:52:00,PERSONAL_REASON,9382,個人的事情により参加できなかった。,PENDING
RFD-001444,TKT-012158,,ATT-012158,2026-08-12 10:08:00,TRANSPORT_DELAY,1823,個人的事情により参加できなかった。,PENDING
RFD-001445,TKT-014974,,ATT-014974,2026-08-10 00:17:00,PERSONAL_REASON,7898,個人的事情により参加できなかった。,PENDING
RFD-001446,TKT-015385,,ATT-015385,2026-08-11 12:12:00,WEATHER_CANCELLATION,6996,中止となった公演に関する払戻条件を確認したい。,PENDING
RFD-001447,TKT-015577,,ATT-015577,2026-08-12 14:32:00,PERSONAL_REASON,7958,個人的事情により参加できなかった。,PENDING
RFD-001448,TKT-014441,,ATT-014441,2026-08-12 21:40:00,PERSONAL_REASON,11851,個人的事情により参加できなかった。,PENDING
RFD-001449,TKT-012898,,ATT-012898,2026-08-10 11:32:00,PERSONAL_REASON,16200,個人的事情により参加できなかった。,PENDING
RFD-001450,TKT-013287,,ATT-013287,2026-08-10 21:03:00,TRANSPORT_DELAY,8568,個人的事情により参加できなかった。,PENDING
RFD-001451,TKT-012065,,ATT-012065,2026-08-11 10:10:00,PERSONAL_REASON,6384,個人的事情により参加できなかった。,PENDING
RFD-001452,TKT-012495,,ATT-012495,2026-08-12 07:56:00,PERSONAL_REASON,12464,個人的事情により参加できなかった。,PENDING
RFD-001453,TKT-012795,,ATT-012795,2026-08-11 20:39:00,TRANSPORT_DELAY,7264,個人的事情により参加できなかった。,PENDING
RFD-001454,TKT-012320,,ATT-012320,2026-08-11 16:02:00,PERSONAL_REASON,13467,個人的事情により参加できなかった。,PENDING
RFD-001455,TKT-011330,,ATT-011330,2026-08-12 06:38:00,PERSONAL_REASON,13256,個人的事情により参加できなかった。,PENDING
RFD-001456,TKT-012669,,ATT-012669,2026-08-12 12:32:00,WEATHER_CANCELLATION,6162,中止となった公演に関する払戻条件を確認したい。,PENDING
RFD-001457,TKT-011443,,ATT-011443,2026-08-10 18:43:00,PERSONAL_REASON,5340,個人的事情により参加できなかった。,PENDING
RFD-001458,TKT-015265,,ATT-015265,2026-08-12 01:08:00,TRANSPORT_DELAY,7187,個人的事情により参加できなかった。,PENDING
RFD-001459,TKT-015480,,ATT-015480,2026-08-11 13:09:00,PERSONAL_REASON,8223,個人的事情により参加できなかった。,PENDING
RFD-001460,TKT-011223,,ATT-011223,2026-08-11 03:40:00,PERSONAL_REASON,3276,個人的事情により参加できなかった。,PENDING
RFD-001461,TKT-012307,,ATT-012307,2026-08-13 12:47:00,PERSONAL_REASON,14832,個人的事情により参加できなかった。,PENDING
RFD-001462,TKT-014291,,ATT-014291,2026-08-11 20:29:00,TRANSPORT_DELAY,8821,個人的事情により参加できなかった。,PENDING
RFD-001463,TKT-013803,,ATT-013803,2026-08-11 19:49:00,PERSONAL_REASON,8886,個人的事情により参加できなかった。,PENDING
RFD-001464,TKT-014371,,ATT-014371,2026-08-12 05:55:00,TRANSPORT_DELAY,17071,個人的事情により参加できなかった。,PENDING
RFD-001465,TKT-015327,,ATT-015327,2026-08-10 01:53:00,PERSONAL_REASON,17174,個人的事情により参加できなかった。,PENDING
RFD-001466,TKT-012751,,ATT-012751,2026-08-10 05:52:00,WEATHER_CANCELLATION,3751,中止となった公演に関する払戻条件を確認したい。,PENDING
RFD-001467,TKT-013329,,ATT-013329,2026-08-12 02:19:00,TRANSPORT_DELAY,9348,個人的事情により参加できなかった。,PENDING
RFD-001468,TKT-015014,,ATT-015014,2026-08-11 02:38:00,PERSONAL_REASON,4039,個人的事情により参加できなかった。,PENDING
RFD-001469,TKT-011775,,ATT-011775,2026-08-11 22:37:00,PERSONAL_REASON,8581,個人的事情により参加できなかった。,PENDING
RFD-001470,TKT-013927,,ATT-013927,2026-08-12 13:15:00,PERSONAL_REASON,8916,個人的事情により参加できなかった。,PENDING
RFD-001471,TKT-014799,,ATT-014799,2026-08-11 11:07:00,PERSONAL_REASON,17454,個人的事情により参加できなかった。,PENDING
RFD-001472,TKT-015075,,ATT-015075,2026-08-11 00:17:00,PERSONAL_REASON,2380,個人的事情により参加できなかった。,PENDING
RFD-001473,TKT-011948,,ATT-011948,2026-08-09 20:33:00,PERSONAL_REASON,11476,個人的事情により参加できなかった。,PENDING
RFD-001474,TKT-015209,,ATT-015209,2026-08-12 04:14:00,PERSONAL_REASON,12389,個人的事情により参加できなかった。,PENDING
RFD-001475,TKT-014205,,ATT-014205,2026-08-11 19:21:00,PERSONAL_REASON,7736,個人的事情により参加できなかった。,PENDING
RFD-001476,TKT-012010,,ATT-012010,2026-08-10 17:29:00,PERSONAL_REASON,9219,個人的事情により参加できなかった。,PENDING
RFD-001477,TKT-011855,,ATT-011855,2026-08-10 22:44:00,PERSONAL_REASON,10599,個人的事情により参加できなかった。,PENDING
RFD-001478,TKT-012050,,ATT-012050,2026-08-12 09:34:00,TRANSPORT_DELAY,11295,個人的事情により参加できなかった。,PENDING
RFD-001479,TKT-015205,,ATT-015205,2026-08-14 19:15:00,PERSONAL_REASON,14153,個人的事情により参加できなかった。,PENDING
RFD-001480,TKT-011591,,ATT-011591,2026-08-10 11:29:00,TRANSPORT_DELAY,4042,個人的事情により参加できなかった。,PENDING
RFD-001481,TKT-012309,,ATT-012309,2026-08-13 17:11:00,TRANSPORT_DELAY,4953,個人的事情により参加できなかった。,PENDING
RFD-001482,TKT-013351,,ATT-013351,2026-08-11 23:39:00,WEATHER_CANCELLATION,7135,中止となった公演に関する払戻条件を確認したい。,PENDING
RFD-001483,TKT-013726,,ATT-013726,2026-08-13 03:43:00,PERSONAL_REASON,4205,個人的事情により参加できなかった。,PENDING
RFD-001484,TKT-011850,,ATT-011850,2026-08-14 00:47:00,PERSONAL_REASON,12180,個人的事情により参加できなかった。,PENDING
RFD-001485,TKT-011659,,ATT-011659,2026-08-11 03:42:00,WEATHER_CANCELLATION,6488,中止となった公演に関する払戻条件を確認したい。,PENDING
RFD-001486,TKT-013686,,ATT-013686,2026-08-11 13:12:00,PERSONAL_REASON,3391,個人的事情により参加できなかった。,PENDING
RFD-001487,TKT-012558,,ATT-012558,2026-08-11 19:45:00,TRANSPORT_DELAY,5358,個人的事情により参加できなかった。,PENDING
RFD-001488,TKT-012925,,ATT-012925,2026-08-12 04:56:00,WEATHER_CANCELLATION,9047,中止となった公演に関する払戻条件を確認したい。,PENDING
RFD-001489,TKT-013459,,ATT-013459,2026-08-11 17:43:00,PERSONAL_REASON,2217,個人的事情により参加できなかった。,PENDING
RFD-001490,TKT-011866,,ATT-011866,2026-08-11 00:23:00,PERSONAL_REASON,15709,個人的事情により参加できなかった。,PENDING
RFD-001491,TKT-013133,,ATT-013133,2026-08-14 08:57:00,TRANSPORT_DELAY,2436,個人的事情により参加できなかった。,PENDING
RFD-001492,TKT-014311,,ATT-014311,2026-08-12 09:02:00,PERSONAL_REASON,16609,個人的事情により参加できなかった。,PENDING
RFD-001493,TKT-011489,,ATT-011489,2026-08-09 21:28:00,TRANSPORT_DELAY,4602,個人的事情により参加できなかった。,PENDING
RFD-001494,TKT-015240,,ATT-015240,2026-08-11 03:41:00,TRANSPORT_DELAY,17785,個人的事情により参加できなかった。,PENDING
RFD-001495,TKT-012057,,ATT-012057,2026-08-10 19:39:00,PERSONAL_REASON,14728,個人的事情により参加できなかった。,PENDING
RFD-001496,TKT-012420,,ATT-012420,2026-08-11 12:26:00,WEATHER_CANCELLATION,16388,中止となった公演に関する払戻条件を確認したい。,PENDING
RFD-001497,TKT-014060,,ATT-014060,2026-08-14 00:33:00,PERSONAL_REASON,6496,個人的事情により参加できなかった。,PENDING
RFD-001498,TKT-012354,,ATT-012354,2026-08-11 20:37:00,PERSONAL_REASON,17860,個人的事情により参加できなかった。,PENDING
RFD-001499,TKT-012435,,ATT-012435,2026-08-14 12:02:00,PERSONAL_REASON,12733,個人的事情により参加できなかった。,PENDING
RFD-001500,TKT-013538,,ATT-013538,2026-08-12 05:50:00,PERSONAL_REASON,13472,個人的事情により参加できなかった。,PENDING
